norad_id,object_name,date,daily_median_altitude_km,daily_max_kp
25544,ISS (ZARYA),2017-12-02 00:00:00+00:00,404.8703357449922,2.333
25544,ISS (ZARYA),2017-12-03 00:00:00+00:00,404.8547422234397,0.667
25544,ISS (ZARYA),2017-12-04 00:00:00+00:00,404.83958525643175,4.0
25544,ISS (ZARYA),2017-12-05 00:00:00+00:00,404.8281993984592,5.0
25544,ISS (ZARYA),2017-12-06 00:00:00+00:00,404.78947969619367,4.0
25544,ISS (ZARYA),2017-12-07 00:00:00+00:00,404.7546231256634,3.333
25544,ISS (ZARYA),2017-12-08 00:00:00+00:00,404.7223827605367,2.0
25544,ISS (ZARYA),2017-12-09 00:00:00+00:00,404.7038892047558,1.667
25544,ISS (ZARYA),2017-12-10 00:00:00+00:00,404.6955691827561,1.333
25544,ISS (ZARYA),2017-12-11 00:00:00+00:00,404.6953320498769,3.333
25544,ISS (ZARYA),2017-12-12 00:00:00+00:00,404.6879009354575,4.0
25544,ISS (ZARYA),2017-12-13 00:00:00+00:00,404.66970439079887,2.667
25544,ISS (ZARYA),2017-12-14 00:00:00+00:00,404.6516243509741,2.667
25544,ISS (ZARYA),2017-12-15 00:00:00+00:00,404.56021346759553,1.333
25544,ISS (ZARYA),2017-12-16 00:00:00+00:00,404.5596897652513,2.0
25544,ISS (ZARYA),2017-12-17 00:00:00+00:00,404.55106032896583,4.667
25544,ISS (ZARYA),2017-12-18 00:00:00+00:00,404.4810337304607,4.333
25544,ISS (ZARYA),2017-12-19 00:00:00+00:00,404.4960054043841,2.333
25544,ISS (ZARYA),2017-12-20 00:00:00+00:00,404.4707229327664,2.0
25544,ISS (ZARYA),2017-12-21 00:00:00+00:00,404.4674353559085,1.0
25544,ISS (ZARYA),2017-12-22 00:00:00+00:00,404.4776443132241,1.0
25544,ISS (ZARYA),2017-12-23 00:00:00+00:00,404.46558500468745,2.667
25544,ISS (ZARYA),2017-12-24 00:00:00+00:00,404.459300802424,3.333
25544,ISS (ZARYA),2017-12-25 00:00:00+00:00,404.4522892791165,3.0
25544,ISS (ZARYA),2017-12-26 00:00:00+00:00,404.4368770843139,3.667
25544,ISS (ZARYA),2017-12-27 00:00:00+00:00,404.41701373655815,2.667
25544,ISS (ZARYA),2017-12-28 00:00:00+00:00,404.4014490038244,1.667
25544,ISS (ZARYA),2017-12-29 00:00:00+00:00,404.3944463578664,2.333
25544,ISS (ZARYA),2017-12-30 00:00:00+00:00,404.38183174918504,1.667
25544,ISS (ZARYA),2017-12-31 00:00:00+00:00,404.3767841765784,2.0
25544,ISS (ZARYA),2018-01-01 00:00:00+00:00,404.3615178730552,3.667
25544,ISS (ZARYA),2018-01-02 00:00:00+00:00,404.3455854405338,2.0
25544,ISS (ZARYA),2018-01-03 00:00:00+00:00,404.3269519021992,1.0
25544,ISS (ZARYA),2018-01-04 00:00:00+00:00,404.31714498070505,1.333
25544,ISS (ZARYA),2018-01-05 00:00:00+00:00,404.3034077868215,2.0
25544,ISS (ZARYA),2018-01-06 00:00:00+00:00,404.29318784844054,1.333
25544,ISS (ZARYA),2018-01-07 00:00:00+00:00,404.2816471900406,1.0
25544,ISS (ZARYA),2018-01-08 00:00:00+00:00,404.27052549788,3.667
25544,ISS (ZARYA),2018-01-09 00:00:00+00:00,404.2498459047092,3.667
25544,ISS (ZARYA),2018-01-10 00:00:00+00:00,404.22519410387304,1.667
25544,ISS (ZARYA),2018-01-11 00:00:00+00:00,404.2071810141592,1.0
25544,ISS (ZARYA),2018-01-12 00:00:00+00:00,404.1921309348067,1.333
25544,ISS (ZARYA),2018-01-13 00:00:00+00:00,404.1846953795748,3.0
25544,ISS (ZARYA),2018-01-14 00:00:00+00:00,404.17002505470145,4.667
25544,ISS (ZARYA),2018-01-15 00:00:00+00:00,404.1476720884075,3.667
25544,ISS (ZARYA),2018-01-16 00:00:00+00:00,404.1345553698393,2.0
25544,ISS (ZARYA),2018-01-17 00:00:00+00:00,404.1250589517403,0.667
25544,ISS (ZARYA),2018-01-18 00:00:00+00:00,404.4648867592723,0.333
25544,ISS (ZARYA),2018-01-19 00:00:00+00:00,404.5293472059484,2.667
25544,ISS (ZARYA),2018-01-20 00:00:00+00:00,404.511931448781,3.0
25544,ISS (ZARYA),2018-01-21 00:00:00+00:00,404.4986136734501,3.0
25544,ISS (ZARYA),2018-01-22 00:00:00+00:00,404.4848755625844,3.333
25544,ISS (ZARYA),2018-01-23 00:00:00+00:00,404.47276094399695,2.0
25544,ISS (ZARYA),2018-01-24 00:00:00+00:00,404.4514688479908,4.0
25544,ISS (ZARYA),2018-01-25 00:00:00+00:00,404.43556643601687,3.0
25544,ISS (ZARYA),2018-01-26 00:00:00+00:00,404.4196466625308,3.0
25544,ISS (ZARYA),2018-01-27 00:00:00+00:00,404.4054216422842,2.667
25544,ISS (ZARYA),2018-01-28 00:00:00+00:00,404.3880008573633,1.667
25544,ISS (ZARYA),2018-01-29 00:00:00+00:00,404.37825771940834,1.0
25544,ISS (ZARYA),2018-01-30 00:00:00+00:00,404.6871435908065,2.333
25544,ISS (ZARYA),2018-01-31 00:00:00+00:00,404.94682068852035,2.667
25544,ISS (ZARYA),2018-02-01 00:00:00+00:00,404.95149247139307,2.667
25544,ISS (ZARYA),2018-02-02 00:00:00+00:00,404.9384577070209,2.0
25544,ISS (ZARYA),2018-02-03 00:00:00+00:00,404.9162046151778,1.667
25544,ISS (ZARYA),2018-02-04 00:00:00+00:00,404.9017238374895,2.333
25544,ISS (ZARYA),2018-02-05 00:00:00+00:00,404.8899914501594,3.0
25544,ISS (ZARYA),2018-02-06 00:00:00+00:00,404.8804356477949,2.333
25544,ISS (ZARYA),2018-02-07 00:00:00+00:00,404.8619613813544,1.667
25544,ISS (ZARYA),2018-02-08 00:00:00+00:00,404.85018843157104,1.333
25544,ISS (ZARYA),2018-02-09 00:00:00+00:00,404.8432530069854,2.667
25544,ISS (ZARYA),2018-02-10 00:00:00+00:00,404.8347448787418,2.333
25544,ISS (ZARYA),2018-02-11 00:00:00+00:00,404.8224730264601,0.667
25544,ISS (ZARYA),2018-02-12 00:00:00+00:00,404.815710801216,1.667
25544,ISS (ZARYA),2018-02-13 00:00:00+00:00,404.80098178205935,0.667
25544,ISS (ZARYA),2018-02-14 00:00:00+00:00,404.7880306644861,1.333
25544,ISS (ZARYA),2018-02-15 00:00:00+00:00,404.78125834110506,4.667
25544,ISS (ZARYA),2018-02-16 00:00:00+00:00,404.7736451358191,2.333
25544,ISS (ZARYA),2018-02-17 00:00:00+00:00,404.7626203550881,3.667
25544,ISS (ZARYA),2018-02-18 00:00:00+00:00,404.7386971234064,4.0
25544,ISS (ZARYA),2018-02-19 00:00:00+00:00,404.72127128858256,4.0
25544,ISS (ZARYA),2018-02-20 00:00:00+00:00,404.6946861181659,2.667
25544,ISS (ZARYA),2018-02-21 00:00:00+00:00,404.6803272705165,2.0
25544,ISS (ZARYA),2018-02-22 00:00:00+00:00,404.6693276010787,3.667
25544,ISS (ZARYA),2018-02-23 00:00:00+00:00,404.6547186682524,4.333
25544,ISS (ZARYA),2018-02-24 00:00:00+00:00,404.6398930474543,3.333
25544,ISS (ZARYA),2018-02-25 00:00:00+00:00,404.62324324012206,2.0
25544,ISS (ZARYA),2018-02-26 00:00:00+00:00,404.6043299375033,3.0
25544,ISS (ZARYA),2018-02-27 00:00:00+00:00,404.5934062197339,5.333
25544,ISS (ZARYA),2018-02-28 00:00:00+00:00,404.5809274315816,2.333
25544,ISS (ZARYA),2018-03-01 00:00:00+00:00,404.5711530507742,2.667
25544,ISS (ZARYA),2018-03-02 00:00:00+00:00,404.5567861316763,2.667
25544,ISS (ZARYA),2018-03-03 00:00:00+00:00,404.5427858719554,2.667
25544,ISS (ZARYA),2018-03-04 00:00:00+00:00,404.53242974372733,2.667
25544,ISS (ZARYA),2018-03-05 00:00:00+00:00,404.5178608242036,1.333
25544,ISS (ZARYA),2018-03-06 00:00:00+00:00,404.5045779326246,2.0
25544,ISS (ZARYA),2018-03-07 00:00:00+00:00,404.4932531238892,2.667
25544,ISS (ZARYA),2018-03-08 00:00:00+00:00,404.4807413397716,1.667
25544,ISS (ZARYA),2018-03-09 00:00:00+00:00,404.4660592318132,4.333
25544,ISS (ZARYA),2018-03-10 00:00:00+00:00,404.45404506815703,4.0
25544,ISS (ZARYA),2018-03-11 00:00:00+00:00,404.4427612007594,2.333
25544,ISS (ZARYA),2018-03-12 00:00:00+00:00,404.4229399956539,1.0
25544,ISS (ZARYA),2018-03-13 00:00:00+00:00,404.40808509671206,1.0
25544,ISS (ZARYA),2018-03-14 00:00:00+00:00,404.70971134426145,4.0
25544,ISS (ZARYA),2018-03-15 00:00:00+00:00,404.79320411937533,4.0
25544,ISS (ZARYA),2018-03-16 00:00:00+00:00,404.7834624357938,4.333
25544,ISS (ZARYA),2018-03-17 00:00:00+00:00,404.765209966904,4.333
25544,ISS (ZARYA),2018-03-18 00:00:00+00:00,404.74435347813414,6.0
25544,ISS (ZARYA),2018-03-19 00:00:00+00:00,404.7292087649903,4.333
25544,ISS (ZARYA),2018-03-20 00:00:00+00:00,404.7184663992066,3.0
25544,ISS (ZARYA),2018-03-21 00:00:00+00:00,404.70538765525816,2.0
25544,ISS (ZARYA),2018-03-22 00:00:00+00:00,404.6919103593209,3.0
25544,ISS (ZARYA),2018-03-23 00:00:00+00:00,404.6863704885227,4.0
25544,ISS (ZARYA),2018-03-24 00:00:00+00:00,404.6769696097099,2.667
25544,ISS (ZARYA),2018-03-25 00:00:00+00:00,404.7108868302157,4.0
25544,ISS (ZARYA),2018-03-26 00:00:00+00:00,404.6961060042904,3.0
25544,ISS (ZARYA),2018-03-27 00:00:00+00:00,404.67266924950945,3.0
25544,ISS (ZARYA),2018-03-28 00:00:00+00:00,404.65069329328617,0.667
25544,ISS (ZARYA),2018-03-29 00:00:00+00:00,404.6149292816999,1.667
25544,ISS (ZARYA),2018-03-30 00:00:00+00:00,404.5636320825997,2.333
25544,ISS (ZARYA),2018-03-31 00:00:00+00:00,404.55171204538055,2.667
25544,ISS (ZARYA),2018-04-01 00:00:00+00:00,404.54193049672176,1.333
25544,ISS (ZARYA),2018-04-02 00:00:00+00:00,404.53492166929664,1.667
25544,ISS (ZARYA),2018-04-03 00:00:00+00:00,404.52159360034693,2.0
25544,ISS (ZARYA),2018-04-04 00:00:00+00:00,404.5052776437197,1.667
25544,ISS (ZARYA),2018-04-05 00:00:00+00:00,404.4870794139488,3.0
25544,ISS (ZARYA),2018-04-06 00:00:00+00:00,404.46669346965245,1.667
25544,ISS (ZARYA),2018-04-07 00:00:00+00:00,404.45350247500573,2.0
25544,ISS (ZARYA),2018-04-08 00:00:00+00:00,404.44016898736936,2.333
25544,ISS (ZARYA),2018-04-09 00:00:00+00:00,404.420554362061,4.333
25544,ISS (ZARYA),2018-04-10 00:00:00+00:00,404.39746619713515,4.0
25544,ISS (ZARYA),2018-04-11 00:00:00+00:00,404.37594630952754,4.333
25544,ISS (ZARYA),2018-04-12 00:00:00+00:00,404.35015584092616,3.0
25544,ISS (ZARYA),2018-04-13 00:00:00+00:00,404.3111898607958,3.667
25544,ISS (ZARYA),2018-04-14 00:00:00+00:00,404.29585701453107,2.0
25544,ISS (ZARYA),2018-04-15 00:00:00+00:00,404.2909826974146,2.333
25544,ISS (ZARYA),2018-04-16 00:00:00+00:00,404.28039334278856,1.0
25544,ISS (ZARYA),2018-04-17 00:00:00+00:00,404.2715029714818,1.0
25544,ISS (ZARYA),2018-04-18 00:00:00+00:00,404.63196455383513,2.0
25544,ISS (ZARYA),2018-04-19 00:00:00+00:00,404.66684427992095,1.0
25544,ISS (ZARYA),2018-04-20 00:00:00+00:00,404.6678742686381,6.0
25544,ISS (ZARYA),2018-04-21 00:00:00+00:00,404.6594161525272,3.333
25544,ISS (ZARYA),2018-04-22 00:00:00+00:00,404.6407600914645,1.667
25544,ISS (ZARYA),2018-04-23 00:00:00+00:00,404.62005876400144,3.0
25544,ISS (ZARYA),2018-04-24 00:00:00+00:00,404.60154262966535,2.0
25544,ISS (ZARYA),2018-04-25 00:00:00+00:00,404.5908560496209,2.0
25544,ISS (ZARYA),2018-04-26 00:00:00+00:00,404.5815224198086,1.667
25544,ISS (ZARYA),2018-04-27 00:00:00+00:00,404.5658956445231,2.667
25544,ISS (ZARYA),2018-04-28 00:00:00+00:00,404.5514880178657,1.667
25544,ISS (ZARYA),2018-04-29 00:00:00+00:00,404.54391182481777,1.333
25544,ISS (ZARYA),2018-04-30 00:00:00+00:00,404.5323322772765,2.333
25544,ISS (ZARYA),2018-05-01 00:00:00+00:00,404.5189373045414,1.0
25544,ISS (ZARYA),2018-05-02 00:00:00+00:00,404.5084168858475,2.0
25544,ISS (ZARYA),2018-05-03 00:00:00+00:00,404.497260806128,1.333
25544,ISS (ZARYA),2018-05-04 00:00:00+00:00,404.48613386583565,1.333
25544,ISS (ZARYA),2018-05-05 00:00:00+00:00,404.4700654170419,5.667
25544,ISS (ZARYA),2018-05-06 00:00:00+00:00,404.4490715487591,5.667
25544,ISS (ZARYA),2018-05-07 00:00:00+00:00,404.42273052530345,4.0
25544,ISS (ZARYA),2018-05-08 00:00:00+00:00,404.3934397471794,3.667
25544,ISS (ZARYA),2018-05-09 00:00:00+00:00,404.3653682602617,4.0
25544,ISS (ZARYA),2018-05-10 00:00:00+00:00,404.34918561207087,3.333
25544,ISS (ZARYA),2018-05-11 00:00:00+00:00,404.3356766296292,3.667
25544,ISS (ZARYA),2018-05-12 00:00:00+00:00,404.32644715442984,3.667
25544,ISS (ZARYA),2018-05-13 00:00:00+00:00,404.848351075309,2.333
25544,ISS (ZARYA),2018-05-14 00:00:00+00:00,404.888277571471,2.0
25544,ISS (ZARYA),2018-05-15 00:00:00+00:00,404.8873027858776,1.333
25544,ISS (ZARYA),2018-05-16 00:00:00+00:00,404.8780088737449,1.333
25544,ISS (ZARYA),2018-05-17 00:00:00+00:00,404.865176692284,3.0
25544,ISS (ZARYA),2018-05-18 00:00:00+00:00,404.8588028163399,1.667
25544,ISS (ZARYA),2018-05-19 00:00:00+00:00,404.8431177037533,1.0
25544,ISS (ZARYA),2018-05-20 00:00:00+00:00,404.82741231319415,1.0
25544,ISS (ZARYA),2018-05-21 00:00:00+00:00,404.82260978420754,1.0
25544,ISS (ZARYA),2018-05-22 00:00:00+00:00,404.7836884063754,2.0
25544,ISS (ZARYA),2018-05-23 00:00:00+00:00,404.808103318278,3.333
25544,ISS (ZARYA),2018-05-24 00:00:00+00:00,404.7469449736632,1.333
25544,ISS (ZARYA),2018-05-25 00:00:00+00:00,404.7860869863198,1.333
25544,ISS (ZARYA),2018-05-26 00:00:00+00:00,404.77824099050986,1.333
25544,ISS (ZARYA),2018-05-27 00:00:00+00:00,404.7699672939262,1.333
25544,ISS (ZARYA),2018-05-28 00:00:00+00:00,404.7565115007683,1.667
25544,ISS (ZARYA),2018-05-29 00:00:00+00:00,404.7439606806038,1.667
25544,ISS (ZARYA),2018-05-30 00:00:00+00:00,404.7393066871614,1.667
25544,ISS (ZARYA),2018-05-31 00:00:00+00:00,404.7256968394977,4.333
25544,ISS (ZARYA),2018-06-01 00:00:00+00:00,404.7099164918559,4.667
25544,ISS (ZARYA),2018-06-02 00:00:00+00:00,404.7022801921448,4.0
25544,ISS (ZARYA),2018-06-03 00:00:00+00:00,404.6812001486205,2.667
25544,ISS (ZARYA),2018-06-04 00:00:00+00:00,404.664416243655,1.333
25544,ISS (ZARYA),2018-06-05 00:00:00+00:00,404.6563974821229,1.667
25544,ISS (ZARYA),2018-06-06 00:00:00+00:00,404.64850094483427,3.667
25544,ISS (ZARYA),2018-06-07 00:00:00+00:00,404.6429757103565,2.667
25544,ISS (ZARYA),2018-06-08 00:00:00+00:00,404.6116299190935,2.0
25544,ISS (ZARYA),2018-06-09 00:00:00+00:00,404.60986381833663,1.333
25544,ISS (ZARYA),2018-06-10 00:00:00+00:00,404.5862736057843,1.0
25544,ISS (ZARYA),2018-06-11 00:00:00+00:00,404.5892092784361,1.333
25544,ISS (ZARYA),2018-06-12 00:00:00+00:00,404.56299927552664,1.667
25544,ISS (ZARYA),2018-06-13 00:00:00+00:00,404.56305748351,2.0
25544,ISS (ZARYA),2018-06-14 00:00:00+00:00,404.5473522406032,1.333
25544,ISS (ZARYA),2018-06-15 00:00:00+00:00,404.5342350456435,1.0
25544,ISS (ZARYA),2018-06-16 00:00:00+00:00,404.5171494707529,0.667
25544,ISS (ZARYA),2018-06-17 00:00:00+00:00,404.5091195065047,1.667
25544,ISS (ZARYA),2018-06-18 00:00:00+00:00,404.4960083196861,4.0
25544,ISS (ZARYA),2018-06-19 00:00:00+00:00,404.4802685655968,2.333
25544,ISS (ZARYA),2018-06-20 00:00:00+00:00,404.46747899637967,2.333
25544,ISS (ZARYA),2018-06-21 00:00:00+00:00,404.4525351200059,1.0
25544,ISS (ZARYA),2018-06-22 00:00:00+00:00,404.3972810027571,1.333
25544,ISS (ZARYA),2018-06-23 00:00:00+00:00,405.23258510564665,4.0
25544,ISS (ZARYA),2018-06-24 00:00:00+00:00,405.1498093627592,2.667
25544,ISS (ZARYA),2018-06-25 00:00:00+00:00,405.1554199716357,5.0
25544,ISS (ZARYA),2018-06-26 00:00:00+00:00,405.1449552854601,4.667
25544,ISS (ZARYA),2018-06-27 00:00:00+00:00,405.1247826645654,2.667
25544,ISS (ZARYA),2018-06-28 00:00:00+00:00,405.1056490562323,1.667
25544,ISS (ZARYA),2018-06-29 00:00:00+00:00,405.0918336619552,1.333
25544,ISS (ZARYA),2018-06-30 00:00:00+00:00,405.0823207966105,1.0
25544,ISS (ZARYA),2018-07-01 00:00:00+00:00,405.0697320902127,0.667
25544,ISS (ZARYA),2018-07-02 00:00:00+00:00,405.0577356243962,1.0
25544,ISS (ZARYA),2018-07-03 00:00:00+00:00,405.04624118259335,1.667
25544,ISS (ZARYA),2018-07-04 00:00:00+00:00,405.03690744173946,1.333
25544,ISS (ZARYA),2018-07-05 00:00:00+00:00,405.027447148439,4.667
25544,ISS (ZARYA),2018-07-06 00:00:00+00:00,405.0229163458853,3.667
25544,ISS (ZARYA),2018-07-07 00:00:00+00:00,405.01662066783,2.0
25544,ISS (ZARYA),2018-07-08 00:00:00+00:00,405.0093254399035,1.333
25544,ISS (ZARYA),2018-07-09 00:00:00+00:00,405.000549076899,0.667
25544,ISS (ZARYA),2018-07-10 00:00:00+00:00,404.99103071264017,2.333
25544,ISS (ZARYA),2018-07-11 00:00:00+00:00,405.1367895990061,2.667
25544,ISS (ZARYA),2018-07-12 00:00:00+00:00,405.1370282252583,2.667
25544,ISS (ZARYA),2018-07-13 00:00:00+00:00,405.1518580148713,2.667
25544,ISS (ZARYA),2018-07-14 00:00:00+00:00,405.14365447721593,1.667
25544,ISS (ZARYA),2018-07-15 00:00:00+00:00,405.1331141753881,1.333
25544,ISS (ZARYA),2018-07-16 00:00:00+00:00,405.123915452903,2.667
25544,ISS (ZARYA),2018-07-17 00:00:00+00:00,405.10878026115824,3.0
25544,ISS (ZARYA),2018-07-18 00:00:00+00:00,405.0965348149912,1.0
25544,ISS (ZARYA),2018-07-19 00:00:00+00:00,405.082488122438,1.0
25544,ISS (ZARYA),2018-07-20 00:00:00+00:00,405.0744288400556,2.0
25544,ISS (ZARYA),2018-07-21 00:00:00+00:00,405.0708131559186,3.333
25544,ISS (ZARYA),2018-07-22 00:00:00+00:00,405.05950489874976,1.333
25544,ISS (ZARYA),2018-07-23 00:00:00+00:00,405.04771363189593,1.0
25544,ISS (ZARYA),2018-07-24 00:00:00+00:00,405.0410410554159,4.0
25544,ISS (ZARYA),2018-07-25 00:00:00+00:00,405.02381697676446,3.333
25544,ISS (ZARYA),2018-07-26 00:00:00+00:00,405.0147001032792,1.333
25544,ISS (ZARYA),2018-07-27 00:00:00+00:00,405.6934482197321,1.667
25544,ISS (ZARYA),2018-07-28 00:00:00+00:00,405.699813869398,2.0
25544,ISS (ZARYA),2018-07-29 00:00:00+00:00,405.70603108897785,1.333
25544,ISS (ZARYA),2018-07-30 00:00:00+00:00,405.7037665757007,2.0
25544,ISS (ZARYA),2018-07-31 00:00:00+00:00,405.69617261122585,2.333
25544,ISS (ZARYA),2018-08-01 00:00:00+00:00,405.68413408160905,2.333
25544,ISS (ZARYA),2018-08-02 00:00:00+00:00,405.6756727969705,2.667
25544,ISS (ZARYA),2018-08-03 00:00:00+00:00,405.6646094233183,2.667
25544,ISS (ZARYA),2018-08-04 00:00:00+00:00,405.6529494157608,2.0
25544,ISS (ZARYA),2018-08-05 00:00:00+00:00,405.6357098105573,2.0
25544,ISS (ZARYA),2018-08-06 00:00:00+00:00,405.6268149972284,1.0
25544,ISS (ZARYA),2018-08-07 00:00:00+00:00,405.6166017151345,3.0
25544,ISS (ZARYA),2018-08-08 00:00:00+00:00,405.6004945538379,1.667
25544,ISS (ZARYA),2018-08-09 00:00:00+00:00,405.5962247459411,1.333
25544,ISS (ZARYA),2018-08-10 00:00:00+00:00,405.58554006864233,1.333
25544,ISS (ZARYA),2018-08-11 00:00:00+00:00,405.5710600841494,3.667
25544,ISS (ZARYA),2018-08-12 00:00:00+00:00,405.55472617269334,2.0
25544,ISS (ZARYA),2018-08-13 00:00:00+00:00,405.5447983918384,1.333
25544,ISS (ZARYA),2018-08-14 00:00:00+00:00,405.5345752316816,1.333
25544,ISS (ZARYA),2018-08-15 00:00:00+00:00,405.527015211328,4.0
25544,ISS (ZARYA),2018-08-16 00:00:00+00:00,405.5266717729828,3.667
25544,ISS (ZARYA),2018-08-17 00:00:00+00:00,405.5266048316143,4.0
25544,ISS (ZARYA),2018-08-18 00:00:00+00:00,405.5165694661782,3.333
25544,ISS (ZARYA),2018-08-19 00:00:00+00:00,405.49402204469607,2.667
25544,ISS (ZARYA),2018-08-20 00:00:00+00:00,405.4791409074155,4.0
25544,ISS (ZARYA),2018-08-21 00:00:00+00:00,405.4676999789603,2.667
25544,ISS (ZARYA),2018-08-22 00:00:00+00:00,405.4597457826085,2.333
25544,ISS (ZARYA),2018-08-23 00:00:00+00:00,405.4561252194526,1.667
25544,ISS (ZARYA),2018-08-24 00:00:00+00:00,405.452348954072,2.667
25544,ISS (ZARYA),2018-08-25 00:00:00+00:00,405.44942689931895,4.333
25544,ISS (ZARYA),2018-08-26 00:00:00+00:00,405.4437152229166,7.333
25544,ISS (ZARYA),2018-08-27 00:00:00+00:00,405.41907002284006,5.667
25544,ISS (ZARYA),2018-08-28 00:00:00+00:00,405.3521204935832,3.667
25544,ISS (ZARYA),2018-08-29 00:00:00+00:00,405.344964057992,2.333
25544,ISS (ZARYA),2018-08-30 00:00:00+00:00,405.3310645037936,1.667
25544,ISS (ZARYA),2018-08-31 00:00:00+00:00,405.31763939477514,2.333
25544,ISS (ZARYA),2018-09-01 00:00:00+00:00,405.3028785451588,2.0
25544,ISS (ZARYA),2018-09-02 00:00:00+00:00,405.29363850370373,2.0
25544,ISS (ZARYA),2018-09-03 00:00:00+00:00,405.28293755643426,1.333
25544,ISS (ZARYA),2018-09-04 00:00:00+00:00,405.2690659670561,3.0
25544,ISS (ZARYA),2018-09-05 00:00:00+00:00,405.2564880345317,3.333
25544,ISS (ZARYA),2018-09-06 00:00:00+00:00,405.5546694179179,2.0
25544,ISS (ZARYA),2018-09-07 00:00:00+00:00,405.5524617852643,2.333
25544,ISS (ZARYA),2018-09-08 00:00:00+00:00,405.5690911033184,2.333
25544,ISS (ZARYA),2018-09-09 00:00:00+00:00,405.5625234782392,2.667
25544,ISS (ZARYA),2018-09-10 00:00:00+00:00,405.5513121293443,5.0
25544,ISS (ZARYA),2018-09-11 00:00:00+00:00,405.54486533365434,6.0
25544,ISS (ZARYA),2018-09-12 00:00:00+00:00,405.5353014022139,4.0
25544,ISS (ZARYA),2018-09-13 00:00:00+00:00,405.51834486165353,4.0
25544,ISS (ZARYA),2018-09-14 00:00:00+00:00,405.5029455274271,4.333
25544,ISS (ZARYA),2018-09-15 00:00:00+00:00,405.49049748083416,2.667
25544,ISS (ZARYA),2018-09-16 00:00:00+00:00,405.4755843479943,2.333
25544,ISS (ZARYA),2018-09-17 00:00:00+00:00,405.4657936472704,3.333
25544,ISS (ZARYA),2018-09-18 00:00:00+00:00,405.45920444407966,2.333
25544,ISS (ZARYA),2018-09-19 00:00:00+00:00,405.4519254886609,2.333
25544,ISS (ZARYA),2018-09-20 00:00:00+00:00,405.4354962508232,0.667
25544,ISS (ZARYA),2018-09-21 00:00:00+00:00,405.8044344569753,4.333
25544,ISS (ZARYA),2018-09-22 00:00:00+00:00,405.8790216292223,4.667
25544,ISS (ZARYA),2018-09-23 00:00:00+00:00,405.8622230356068,3.333
25544,ISS (ZARYA),2018-09-24 00:00:00+00:00,405.8541672573819,2.333
25544,ISS (ZARYA),2018-09-25 00:00:00+00:00,405.8380106528448,3.0
25544,ISS (ZARYA),2018-09-26 00:00:00+00:00,405.83730041085073,2.667
25544,ISS (ZARYA),2018-09-27 00:00:00+00:00,405.8218788909694,2.333
25544,ISS (ZARYA),2018-09-28 00:00:00+00:00,405.8054794315803,3.0
25544,ISS (ZARYA),2018-09-29 00:00:00+00:00,405.7881369803317,3.333
25544,ISS (ZARYA),2018-09-30 00:00:00+00:00,405.7774282612363,2.333
25544,ISS (ZARYA),2018-10-01 00:00:00+00:00,405.7644259129893,3.667
25544,ISS (ZARYA),2018-10-02 00:00:00+00:00,405.7539035746913,3.667
25544,ISS (ZARYA),2018-10-03 00:00:00+00:00,405.73559218367245,2.333
25544,ISS (ZARYA),2018-10-04 00:00:00+00:00,405.7123531077559,1.667
25544,ISS (ZARYA),2018-10-05 00:00:00+00:00,405.70503563431976,3.0
25544,ISS (ZARYA),2018-10-06 00:00:00+00:00,405.6947056308299,3.0
25544,ISS (ZARYA),2018-10-07 00:00:00+00:00,405.6804171672884,5.333
25544,ISS (ZARYA),2018-10-08 00:00:00+00:00,405.67753561622885,4.333
25544,ISS (ZARYA),2018-10-09 00:00:00+00:00,405.66851550799674,3.667
25544,ISS (ZARYA),2018-10-10 00:00:00+00:00,405.6477830527838,4.667
25544,ISS (ZARYA),2018-10-11 00:00:00+00:00,405.6186653247478,3.0
25544,ISS (ZARYA),2018-10-12 00:00:00+00:00,405.6072383609089,1.667
25544,ISS (ZARYA),2018-10-13 00:00:00+00:00,405.5946195713195,4.333
25544,ISS (ZARYA),2018-10-14 00:00:00+00:00,405.5757140446076,2.0
25544,ISS (ZARYA),2018-10-15 00:00:00+00:00,405.5710280681887,3.0
25544,ISS (ZARYA),2018-10-16 00:00:00+00:00,405.5644298778434,2.0
25544,ISS (ZARYA),2018-10-17 00:00:00+00:00,405.54809891639616,1.667
25544,ISS (ZARYA),2018-10-18 00:00:00+00:00,405.5360726857589,0.333
25544,ISS (ZARYA),2018-10-19 00:00:00+00:00,405.5299315285219,0.667
25544,ISS (ZARYA),2018-10-20 00:00:00+00:00,405.5153004956983,0.333
25544,ISS (ZARYA),2018-10-21 00:00:00+00:00,405.5084259457508,2.0
25544,ISS (ZARYA),2018-10-22 00:00:00+00:00,405.50441531458,2.667
25544,ISS (ZARYA),2018-10-23 00:00:00+00:00,405.4892125157117,1.0
25544,ISS (ZARYA),2018-10-24 00:00:00+00:00,405.47171346636105,1.333
25544,ISS (ZARYA),2018-10-25 00:00:00+00:00,405.4630927705294,2.0
25544,ISS (ZARYA),2018-10-26 00:00:00+00:00,405.4554849276324,2.333
25544,ISS (ZARYA),2018-10-27 00:00:00+00:00,405.4401849038586,1.667
25544,ISS (ZARYA),2018-10-28 00:00:00+00:00,405.4329700279218,1.333
25544,ISS (ZARYA),2018-10-29 00:00:00+00:00,405.4211858690942,0.333
25544,ISS (ZARYA),2018-10-30 00:00:00+00:00,405.41309211125554,2.0
25544,ISS (ZARYA),2018-10-31 00:00:00+00:00,405.40816922076465,1.667
25544,ISS (ZARYA),2018-11-01 00:00:00+00:00,405.3969803383747,2.0
25544,ISS (ZARYA),2018-11-02 00:00:00+00:00,405.3839769015285,2.667
25544,ISS (ZARYA),2018-11-03 00:00:00+00:00,405.36981521812777,2.0
25544,ISS (ZARYA),2018-11-04 00:00:00+00:00,405.3579047350122,5.333
25544,ISS (ZARYA),2018-11-05 00:00:00+00:00,405.3455242912828,5.667
25544,ISS (ZARYA),2018-11-06 00:00:00+00:00,405.3167022879761,3.667
25544,ISS (ZARYA),2018-11-07 00:00:00+00:00,405.2886823621502,3.333
25544,ISS (ZARYA),2018-11-08 00:00:00+00:00,405.2572403221011,4.0
25544,ISS (ZARYA),2018-11-09 00:00:00+00:00,405.2335251628893,4.0
25544,ISS (ZARYA),2018-11-10 00:00:00+00:00,405.2217986185515,4.333
25544,ISS (ZARYA),2018-11-11 00:00:00+00:00,405.20645480500025,3.0
25544,ISS (ZARYA),2018-11-12 00:00:00+00:00,405.183531643861,3.333
25544,ISS (ZARYA),2018-11-13 00:00:00+00:00,405.1673659408243,2.0
25544,ISS (ZARYA),2018-11-14 00:00:00+00:00,405.1572009495153,1.333
25544,ISS (ZARYA),2018-11-15 00:00:00+00:00,405.14668678615135,0.667
25544,ISS (ZARYA),2018-11-16 00:00:00+00:00,405.1362657853606,1.0
25544,ISS (ZARYA),2018-11-17 00:00:00+00:00,405.12719509508406,0.667
25544,ISS (ZARYA),2018-11-18 00:00:00+00:00,405.1189392509541,1.0
25544,ISS (ZARYA),2018-11-19 00:00:00+00:00,405.1034054114179,1.667
25544,ISS (ZARYA),2018-11-20 00:00:00+00:00,405.08774361977703,3.0
25544,ISS (ZARYA),2018-11-21 00:00:00+00:00,405.071259842221,2.667
25544,ISS (ZARYA),2018-11-22 00:00:00+00:00,405.0535772490621,1.0
25544,ISS (ZARYA),2018-11-23 00:00:00+00:00,405.02961506856855,1.0
25544,ISS (ZARYA),2018-11-24 00:00:00+00:00,405.0202464644126,1.667
25544,ISS (ZARYA),2018-11-25 00:00:00+00:00,405.0109360921342,1.0
25544,ISS (ZARYA),2018-11-26 00:00:00+00:00,404.995558551675,0.667
25544,ISS (ZARYA),2018-11-27 00:00:00+00:00,404.98546986197744,2.333
25544,ISS (ZARYA),2018-11-28 00:00:00+00:00,404.9698814981857,1.0
25544,ISS (ZARYA),2018-11-29 00:00:00+00:00,404.96140789110177,2.0
25544,ISS (ZARYA),2018-11-30 00:00:00+00:00,404.9472091298844,1.333
25544,ISS (ZARYA),2018-12-01 00:00:00+00:00,404.93925791406673,3.0
25544,ISS (ZARYA),2018-12-02 00:00:00+00:00,404.92637888549143,3.667
25544,ISS (ZARYA),2018-12-03 00:00:00+00:00,404.91073266483545,3.0
25544,ISS (ZARYA),2018-12-04 00:00:00+00:00,404.9053523877492,3.0
25544,ISS (ZARYA),2018-12-05 00:00:00+00:00,404.9157579522053,2.0
25544,ISS (ZARYA),2018-12-06 00:00:00+00:00,404.9126502458894,2.0
25544,ISS (ZARYA),2018-12-07 00:00:00+00:00,404.8867906591886,3.333
25544,ISS (ZARYA),2018-12-08 00:00:00+00:00,404.85978050191943,3.333
25544,ISS (ZARYA),2018-12-09 00:00:00+00:00,404.8437025669018,3.667
25544,ISS (ZARYA),2018-12-10 00:00:00+00:00,404.83211300849143,3.0
25544,ISS (ZARYA),2018-12-11 00:00:00+00:00,404.8255020660563,2.667
25544,ISS (ZARYA),2018-12-12 00:00:00+00:00,404.8693056794109,2.0
25544,ISS (ZARYA),2018-12-13 00:00:00+00:00,404.8591825415924,1.0
25544,ISS (ZARYA),2018-12-14 00:00:00+00:00,404.86254624746834,0.667
25544,ISS (ZARYA),2018-12-15 00:00:00+00:00,404.85429993788694,0.333
25544,ISS (ZARYA),2018-12-16 00:00:00+00:00,404.8402544993469,0.667
25544,ISS (ZARYA),2018-12-17 00:00:00+00:00,404.8459285335093,2.333
25544,ISS (ZARYA),2018-12-18 00:00:00+00:00,404.8414154930633,2.667
25544,ISS (ZARYA),2018-12-19 00:00:00+00:00,404.83572110006753,2.0
25544,ISS (ZARYA),2018-12-20 00:00:00+00:00,404.8256097265221,3.0
25544,ISS (ZARYA),2018-12-21 00:00:00+00:00,404.81794547598383,2.0
25544,ISS (ZARYA),2018-12-22 00:00:00+00:00,404.81171283259846,1.0
25544,ISS (ZARYA),2018-12-23 00:00:00+00:00,404.8055093007515,0.667
25544,ISS (ZARYA),2018-12-24 00:00:00+00:00,404.8016422845585,1.333
25544,ISS (ZARYA),2018-12-25 00:00:00+00:00,404.79237194312645,1.667
25544,ISS (ZARYA),2018-12-26 00:00:00+00:00,404.7876742258354,1.0
25544,ISS (ZARYA),2018-12-27 00:00:00+00:00,405.8707285593528,2.333
25544,ISS (ZARYA),2018-12-28 00:00:00+00:00,405.918665079977,4.333
25544,ISS (ZARYA),2018-12-29 00:00:00+00:00,405.9057173620622,3.0
25544,ISS (ZARYA),2018-12-30 00:00:00+00:00,405.8853120237882,3.0
25544,ISS (ZARYA),2018-12-31 00:00:00+00:00,405.8721723479448,3.0
25544,ISS (ZARYA),2019-01-01 00:00:00+00:00,405.8591549914895,2.667
25544,ISS (ZARYA),2019-01-02 00:00:00+00:00,405.8541672530223,0.333
25544,ISS (ZARYA),2019-01-03 00:00:00+00:00,405.8485507823234,1.0
25544,ISS (ZARYA),2019-01-04 00:00:00+00:00,405.8444901642133,3.333
25544,ISS (ZARYA),2019-01-05 00:00:00+00:00,405.83619138581344,5.0
25544,ISS (ZARYA),2019-01-06 00:00:00+00:00,405.8241667891125,3.0
25544,ISS (ZARYA),2019-01-07 00:00:00+00:00,405.80150329080334,2.333
25544,ISS (ZARYA),2019-01-08 00:00:00+00:00,405.79332107507435,2.333
25544,ISS (ZARYA),2019-01-09 00:00:00+00:00,405.7790524676111,1.667
25544,ISS (ZARYA),2019-01-10 00:00:00+00:00,405.7760514705733,1.333
25544,ISS (ZARYA),2019-01-11 00:00:00+00:00,405.77025615008824,3.333
25544,ISS (ZARYA),2019-01-12 00:00:00+00:00,405.76756079178995,1.0
25544,ISS (ZARYA),2019-01-13 00:00:00+00:00,405.76624513190745,1.0
25544,ISS (ZARYA),2019-01-14 00:00:00+00:00,405.7599462735216,2.667
25544,ISS (ZARYA),2019-01-15 00:00:00+00:00,405.7534349459138,2.667
25544,ISS (ZARYA),2019-01-16 00:00:00+00:00,405.74741554743014,2.667
25544,ISS (ZARYA),2019-01-17 00:00:00+00:00,405.7402668013938,2.667
25544,ISS (ZARYA),2019-01-18 00:00:00+00:00,405.7361466756338,2.0
25544,ISS (ZARYA),2019-01-19 00:00:00+00:00,407.4599473679591,2.667
25544,ISS (ZARYA),2019-01-20 00:00:00+00:00,407.489342623634,1.667
25544,ISS (ZARYA),2019-01-21 00:00:00+00:00,407.49152124334296,1.667
25544,ISS (ZARYA),2019-01-22 00:00:00+00:00,407.4903314455533,2.0
25544,ISS (ZARYA),2019-01-23 00:00:00+00:00,407.4874377780261,4.0
25544,ISS (ZARYA),2019-01-24 00:00:00+00:00,407.4820378269542,4.333
25544,ISS (ZARYA),2019-01-25 00:00:00+00:00,407.4719224135397,3.333
25544,ISS (ZARYA),2019-01-26 00:00:00+00:00,407.4230643033752,3.0
25544,ISS (ZARYA),2019-01-27 00:00:00+00:00,407.39222371124833,2.0
25544,ISS (ZARYA),2019-01-28 00:00:00+00:00,407.3651900608384,0.667
25544,ISS (ZARYA),2019-01-29 00:00:00+00:00,407.3788786887817,1.667
25994,TERRA,2017-12-02 00:00:00+00:00,702.4948352373813,2.333
25994,TERRA,2017-12-03 00:00:00+00:00,702.4937451256928,0.667
25994,TERRA,2017-12-04 00:00:00+00:00,702.493186301881,4.0
25994,TERRA,2017-12-05 00:00:00+00:00,702.4968437652224,5.0
25994,TERRA,2017-12-06 00:00:00+00:00,702.4930518602268,4.0
25994,TERRA,2017-12-07 00:00:00+00:00,702.484546413878,3.333
25994,TERRA,2017-12-08 00:00:00+00:00,702.4829428380144,2.0
25994,TERRA,2017-12-09 00:00:00+00:00,702.4865678926244,1.667
25994,TERRA,2017-12-10 00:00:00+00:00,702.4885083839954,1.333
25994,TERRA,2017-12-11 00:00:00+00:00,702.4883755623396,3.333
25994,TERRA,2017-12-12 00:00:00+00:00,702.4891044617443,4.0
25994,TERRA,2017-12-13 00:00:00+00:00,702.4855603926198,2.667
25994,TERRA,2017-12-14 00:00:00+00:00,702.4823078870158,2.667
25994,TERRA,2017-12-15 00:00:00+00:00,702.5068702279223,1.333
25994,TERRA,2017-12-16 00:00:00+00:00,702.539871956963,2.0
25994,TERRA,2017-12-17 00:00:00+00:00,702.5584933044929,4.667
25994,TERRA,2017-12-18 00:00:00+00:00,702.5416116288179,4.333
25994,TERRA,2017-12-19 00:00:00+00:00,702.529777345836,2.333
25994,TERRA,2017-12-20 00:00:00+00:00,702.5305451311051,2.0
25994,TERRA,2017-12-21 00:00:00+00:00,702.5300932068453,1.0
25994,TERRA,2017-12-22 00:00:00+00:00,702.5279113369361,1.0
25994,TERRA,2017-12-23 00:00:00+00:00,702.5258930682776,2.667
25994,TERRA,2017-12-24 00:00:00+00:00,702.5262721009658,3.333
25994,TERRA,2017-12-25 00:00:00+00:00,702.5259951155554,3.0
25994,TERRA,2017-12-26 00:00:00+00:00,702.5256889737739,3.667
25994,TERRA,2017-12-27 00:00:00+00:00,702.5258055992035,2.667
25994,TERRA,2017-12-28 00:00:00+00:00,702.5261133607746,1.667
25994,TERRA,2017-12-29 00:00:00+00:00,702.5233078723222,2.333
25994,TERRA,2017-12-30 00:00:00+00:00,702.5228834857426,1.667
25994,TERRA,2017-12-31 00:00:00+00:00,702.5220217544102,2.0
25994,TERRA,2018-01-01 00:00:00+00:00,702.5202756154104,3.667
25994,TERRA,2018-01-02 00:00:00+00:00,702.5185780712909,2.0
25994,TERRA,2018-01-03 00:00:00+00:00,702.5228365116636,1.0
25994,TERRA,2018-01-04 00:00:00+00:00,702.5201525110306,1.333
25994,TERRA,2018-01-05 00:00:00+00:00,702.5184938420298,2.0
25994,TERRA,2018-01-06 00:00:00+00:00,702.517372945169,1.333
25994,TERRA,2018-01-07 00:00:00+00:00,702.5188696341411,1.0
25994,TERRA,2018-01-08 00:00:00+00:00,702.517881560163,3.667
25994,TERRA,2018-01-09 00:00:00+00:00,702.5160155591002,3.667
25994,TERRA,2018-01-10 00:00:00+00:00,702.511998477652,1.667
25994,TERRA,2018-01-11 00:00:00+00:00,702.5106167973267,1.0
25994,TERRA,2018-01-12 00:00:00+00:00,702.5145026737255,1.333
25994,TERRA,2018-01-13 00:00:00+00:00,702.5170927211248,3.0
25994,TERRA,2018-01-14 00:00:00+00:00,702.5158989340744,4.667
25994,TERRA,2018-01-15 00:00:00+00:00,702.5100741680735,3.667
25994,TERRA,2018-01-16 00:00:00+00:00,702.5094975233706,2.0
25994,TERRA,2018-01-17 00:00:00+00:00,702.5102976989174,0.667
25994,TERRA,2018-01-18 00:00:00+00:00,702.5095785130457,0.333
25994,TERRA,2018-01-24 00:00:00+00:00,702.50647176039,4.0
25994,TERRA,2018-01-25 00:00:00+00:00,702.50583518433,3.0
25994,TERRA,2018-01-26 00:00:00+00:00,702.5042753306161,3.0
25994,TERRA,2018-01-27 00:00:00+00:00,702.5139778614275,2.667
25994,TERRA,2018-01-28 00:00:00+00:00,702.5275695597288,1.667
25994,TERRA,2018-01-29 00:00:00+00:00,702.5287471532702,1.0
25994,TERRA,2018-01-30 00:00:00+00:00,702.5280765564248,2.333
25994,TERRA,2018-01-31 00:00:00+00:00,702.5231912469953,2.667
25994,TERRA,2018-02-01 00:00:00+00:00,702.519741083277,2.667
25994,TERRA,2018-02-02 00:00:00+00:00,702.5187562485844,2.0
25994,TERRA,2018-02-03 00:00:00+00:00,702.5216637796902,1.667
25994,TERRA,2018-02-04 00:00:00+00:00,702.519047811451,2.333
25994,TERRA,2018-02-05 00:00:00+00:00,702.5190283740067,3.0
25994,TERRA,2018-02-06 00:00:00+00:00,702.5189716811446,2.333
25994,TERRA,2018-02-07 00:00:00+00:00,702.5196406560408,1.667
25994,TERRA,2018-02-08 00:00:00+00:00,702.5178345861664,1.333
25994,TERRA,2018-02-09 00:00:00+00:00,702.515328767352,2.667
25994,TERRA,2018-02-10 00:00:00+00:00,702.5120827067294,2.333
25994,TERRA,2018-02-11 00:00:00+00:00,702.5111399892103,0.667
25994,TERRA,2018-02-12 00:00:00+00:00,702.5164496638749,1.667
25994,TERRA,2018-02-13 00:00:00+00:00,702.5163200800425,0.667
25994,TERRA,2018-02-14 00:00:00+00:00,702.5142354082072,1.333
25994,TERRA,2018-02-15 00:00:00+00:00,702.5140296947375,4.667
25994,TERRA,2018-02-16 00:00:00+00:00,702.511149707947,2.333
25994,TERRA,2018-02-17 00:00:00+00:00,702.5116939571944,3.667
25994,TERRA,2018-02-18 00:00:00+00:00,702.5096627417834,4.0
25994,TERRA,2018-02-19 00:00:00+00:00,702.5093323049659,4.0
25994,TERRA,2018-02-20 00:00:00+00:00,702.5113295045635,2.667
25994,TERRA,2018-02-21 00:00:00+00:00,702.5060862512191,2.0
25994,TERRA,2018-02-22 00:00:00+00:00,702.5049410624815,3.667
25994,TERRA,2018-02-23 00:00:00+00:00,702.5183124280061,4.333
25994,TERRA,2018-02-24 00:00:00+00:00,702.537539437717,3.333
25994,TERRA,2018-02-25 00:00:00+00:00,702.5484747582418,2.0
25994,TERRA,2018-02-26 00:00:00+00:00,702.5448026498034,3.0
25994,TERRA,2018-02-27 00:00:00+00:00,702.5333068920913,5.333
25994,TERRA,2018-02-28 00:00:00+00:00,702.529612126249,2.333
25994,TERRA,2018-03-01 00:00:00+00:00,702.5304576619765,2.667
25994,TERRA,2018-03-02 00:00:00+00:00,702.5307994399045,2.667
25994,TERRA,2018-03-03 00:00:00+00:00,702.5315299698977,2.667
25994,TERRA,2018-03-04 00:00:00+00:00,702.5317275856178,2.667
25994,TERRA,2018-03-05 00:00:00+00:00,702.5277623154452,1.333
25994,TERRA,2018-03-06 00:00:00+00:00,702.5280797960231,2.0
25994,TERRA,2018-03-07 00:00:00+00:00,702.528912372808,2.667
25994,TERRA,2018-03-08 00:00:00+00:00,702.5300462327255,1.667
25994,TERRA,2018-03-09 00:00:00+00:00,702.528445870611,4.333
25994,TERRA,2018-03-10 00:00:00+00:00,702.5246652618907,4.0
25994,TERRA,2018-03-11 00:00:00+00:00,702.5254071290092,2.333
25994,TERRA,2018-03-12 00:00:00+00:00,702.5256662966076,1.0
25994,TERRA,2018-03-13 00:00:00+00:00,702.5245291989386,1.0
25994,TERRA,2018-03-14 00:00:00+00:00,702.5227765792088,4.0
25994,TERRA,2018-03-15 00:00:00+00:00,702.525044294408,4.0
25994,TERRA,2018-03-16 00:00:00+00:00,702.5253488163016,4.333
25994,TERRA,2018-03-17 00:00:00+00:00,702.5606832970434,4.333
25994,TERRA,2018-03-18 00:00:00+00:00,702.6013377709742,6.0
25994,TERRA,2018-03-19 00:00:00+00:00,702.6183396715878,4.333
25994,TERRA,2018-03-20 00:00:00+00:00,702.6014479201531,3.0
25994,TERRA,2018-03-21 00:00:00+00:00,702.5878526284341,2.0
25994,TERRA,2018-03-22 00:00:00+00:00,702.5868434721169,3.0
25994,TERRA,2018-03-23 00:00:00+00:00,702.5857063498852,4.0
25994,TERRA,2018-03-24 00:00:00+00:00,702.5884892224776,2.667
25994,TERRA,2018-03-25 00:00:00+00:00,702.5859169280411,4.0
25994,TERRA,2018-03-26 00:00:00+00:00,702.5829753145981,3.0
25994,TERRA,2018-03-27 00:00:00+00:00,702.5815838806689,3.0
25994,TERRA,2018-03-28 00:00:00+00:00,702.5867657201543,0.667
25994,TERRA,2018-03-29 00:00:00+00:00,702.5833268180359,1.667
25994,TERRA,2018-03-30 00:00:00+00:00,702.5797162178078,2.333
25994,TERRA,2018-03-31 00:00:00+00:00,702.5823889360718,2.667
25994,TERRA,2018-04-01 00:00:00+00:00,702.5850875741626,1.333
25994,TERRA,2018-04-02 00:00:00+00:00,702.5801665301633,1.667
25994,TERRA,2018-04-03 00:00:00+00:00,702.5773269718479,2.0
25994,TERRA,2018-04-04 00:00:00+00:00,702.5773123933541,1.667
25994,TERRA,2018-04-05 00:00:00+00:00,702.577689813098,3.0
25994,TERRA,2018-04-06 00:00:00+00:00,702.5798992584332,1.667
25994,TERRA,2018-04-07 00:00:00+00:00,702.5785629012389,2.0
25994,TERRA,2018-04-08 00:00:00+00:00,702.5728497731839,2.333
25994,TERRA,2018-04-09 00:00:00+00:00,702.5734248109547,4.333
25994,TERRA,2018-04-10 00:00:00+00:00,702.5757282028826,4.0
25994,TERRA,2018-04-11 00:00:00+00:00,702.577338310588,4.333
25994,TERRA,2018-04-12 00:00:00+00:00,702.5734928435995,3.0
25994,TERRA,2018-04-13 00:00:00+00:00,702.5741148564412,3.667
25994,TERRA,2018-04-14 00:00:00+00:00,702.5720933152088,2.0
25994,TERRA,2018-04-15 00:00:00+00:00,702.5726829312525,2.333
25994,TERRA,2018-04-16 00:00:00+00:00,702.5713708737403,1.0
25994,TERRA,2018-04-17 00:00:00+00:00,702.5723233302442,1.0
25994,TERRA,2018-04-18 00:00:00+00:00,702.5705058880098,2.0
25994,TERRA,2018-04-19 00:00:00+00:00,702.5704475743746,1.0
25994,TERRA,2018-04-20 00:00:00+00:00,702.5680405181438,6.0
25994,TERRA,2018-04-21 00:00:00+00:00,702.5672079298556,3.333
25994,TERRA,2018-04-22 00:00:00+00:00,702.565066526864,1.667
25994,TERRA,2018-04-23 00:00:00+00:00,702.5641853449129,3.0
25994,TERRA,2018-04-24 00:00:00+00:00,702.5640298421849,2.0
25994,TERRA,2018-04-25 00:00:00+00:00,702.5664563328573,2.0
25994,TERRA,2018-04-26 00:00:00+00:00,702.5652933016918,1.667
25994,TERRA,2018-04-27 00:00:00+00:00,702.5635536152868,2.667
25994,TERRA,2018-04-28 00:00:00+00:00,702.5616649066797,1.667
25994,TERRA,2018-04-29 00:00:00+00:00,702.561195159451,1.333
25994,TERRA,2018-04-30 00:00:00+00:00,702.5607869653713,2.333
25994,TERRA,2018-05-01 00:00:00+00:00,702.5662327975815,1.0
25994,TERRA,2018-05-02 00:00:00+00:00,702.5595947798238,2.0
25994,TERRA,2018-05-03 00:00:00+00:00,702.5582551915068,1.333
25994,TERRA,2018-05-04 00:00:00+00:00,702.55828920764,1.333
25994,TERRA,2018-05-05 00:00:00+00:00,702.5608971129741,5.667
25994,TERRA,2018-05-06 00:00:00+00:00,702.557709313488,5.667
25994,TERRA,2018-05-07 00:00:00+00:00,702.5561575302809,4.0
25994,TERRA,2018-05-08 00:00:00+00:00,702.5559177976693,3.667
25994,TERRA,2018-05-09 00:00:00+00:00,702.5567584817209,4.0
25994,TERRA,2018-05-10 00:00:00+00:00,702.5539545827205,3.333
25994,TERRA,2018-05-11 00:00:00+00:00,702.5534492008746,3.667
25994,TERRA,2018-05-12 00:00:00+00:00,702.5534103253513,3.667
25994,TERRA,2018-05-13 00:00:00+00:00,702.5532580628924,2.333
25994,TERRA,2018-05-14 00:00:00+00:00,702.5520010882151,2.0
25994,TERRA,2018-05-15 00:00:00+00:00,702.5523023731748,1.333
25994,TERRA,2018-05-16 00:00:00+00:00,702.5522942741113,1.333
25994,TERRA,2018-05-17 00:00:00+00:00,702.5488327362646,3.0
25994,TERRA,2018-05-18 00:00:00+00:00,702.5453987393994,1.667
25994,TERRA,2018-05-19 00:00:00+00:00,702.5450877361154,1.0
25994,TERRA,2018-05-20 00:00:00+00:00,702.546098496915,1.0
25994,TERRA,2018-05-21 00:00:00+00:00,702.5451217521036,1.0
25994,TERRA,2018-05-22 00:00:00+00:00,702.5457518577532,2.0
25994,TERRA,2018-05-23 00:00:00+00:00,702.5464499955597,3.333
25994,TERRA,2018-05-24 00:00:00+00:00,702.543490605206,1.333
25994,TERRA,2018-05-25 00:00:00+00:00,702.5420927114606,1.333
25994,TERRA,2018-05-26 00:00:00+00:00,702.5446633462734,1.333
25994,TERRA,2018-05-27 00:00:00+00:00,702.543348062125,1.333
25994,TERRA,2018-05-28 00:00:00+00:00,702.542978745998,1.667
25994,TERRA,2018-05-29 00:00:00+00:00,702.5404178315684,1.667
25994,TERRA,2018-05-30 00:00:00+00:00,702.5400938704288,1.667
25994,TERRA,2018-05-31 00:00:00+00:00,702.5399885829756,4.333
25994,TERRA,2018-06-01 00:00:00+00:00,702.5390798721091,4.667
25994,TERRA,2018-06-02 00:00:00+00:00,702.5390426165668,4.0
25994,TERRA,2018-06-03 00:00:00+00:00,702.538428710664,2.667
25994,TERRA,2018-06-04 00:00:00+00:00,702.5344844883721,1.333
25994,TERRA,2018-06-05 00:00:00+00:00,702.5332874544515,1.667
25994,TERRA,2018-06-06 00:00:00+00:00,702.5333052722708,3.667
25994,TERRA,2018-06-07 00:00:00+00:00,702.5367716505571,2.667
25994,TERRA,2018-06-08 00:00:00+00:00,702.5377678302052,2.0
25994,TERRA,2018-06-09 00:00:00+00:00,702.5347258395086,1.333
25994,TERRA,2018-06-10 00:00:00+00:00,702.5312384057461,1.0
25994,TERRA,2018-06-11 00:00:00+00:00,702.5302535670544,1.333
25994,TERRA,2018-06-12 00:00:00+00:00,702.5321973279588,1.667
25994,TERRA,2018-06-13 00:00:00+00:00,702.5315963817375,2.0
25994,TERRA,2018-06-14 00:00:00+00:00,702.5321471141206,1.333
25994,TERRA,2018-06-15 00:00:00+00:00,702.5318425914952,1.0
25994,TERRA,2018-06-16 00:00:00+00:00,702.52958944905,0.667
25994,TERRA,2018-06-17 00:00:00+00:00,702.5294857818635,1.667
25994,TERRA,2018-06-18 00:00:00+00:00,702.5281996611484,4.0
25994,TERRA,2018-06-19 00:00:00+00:00,702.5256209422769,2.333
25994,TERRA,2018-06-20 00:00:00+00:00,702.5259270840329,2.333
25994,TERRA,2018-06-21 00:00:00+00:00,702.5269378379899,1.0
25994,TERRA,2018-06-22 00:00:00+00:00,702.5274691318823,1.333
25994,TERRA,2018-06-23 00:00:00+00:00,702.5271629899671,4.0
25994,TERRA,2018-06-24 00:00:00+00:00,702.5242311563206,2.667
25994,TERRA,2018-06-25 00:00:00+00:00,702.5233256901074,5.0
25994,TERRA,2018-06-26 00:00:00+00:00,702.5221869735551,4.667
25994,TERRA,2018-06-27 00:00:00+00:00,702.5225967818687,2.667
25994,TERRA,2018-06-28 00:00:00+00:00,702.52283813146,1.667
25994,TERRA,2018-06-29 00:00:00+00:00,702.5219861189089,1.333
25994,TERRA,2018-06-30 00:00:00+00:00,702.5196244580993,1.0
25994,TERRA,2018-07-01 00:00:00+00:00,702.51916443665,0.667
25994,TERRA,2018-07-02 00:00:00+00:00,702.5196050205836,1.0
25994,TERRA,2018-07-03 00:00:00+00:00,702.52034364678,1.667
25994,TERRA,2018-07-04 00:00:00+00:00,702.5173065336639,1.333
25994,TERRA,2018-07-05 00:00:00+00:00,702.5176839454089,4.667
25994,TERRA,2018-07-06 00:00:00+00:00,702.516584106173,3.667
25994,TERRA,2018-07-07 00:00:00+00:00,702.5153320069358,2.0
25994,TERRA,2018-07-08 00:00:00+00:00,702.5158147048951,1.333
25994,TERRA,2018-07-09 00:00:00+00:00,702.5167930593943,0.667
25994,TERRA,2018-07-10 00:00:00+00:00,702.5156851215415,2.333
25994,TERRA,2018-07-11 00:00:00+00:00,702.5128310497103,2.667
25994,TERRA,2018-07-12 00:00:00+00:00,702.5125200500038,2.667
25994,TERRA,2018-07-13 00:00:00+00:00,702.5127047060741,2.667
25994,TERRA,2018-07-14 00:00:00+00:00,702.5135502366657,1.667
25994,TERRA,2018-07-15 00:00:00+00:00,702.5131874035842,1.333
25994,TERRA,2018-07-16 00:00:00+00:00,702.5115838115044,2.667
25994,TERRA,2018-07-17 00:00:00+00:00,702.5083474738922,3.0
25994,TERRA,2018-07-18 00:00:00+00:00,702.5075958925117,1.0
25994,TERRA,2018-07-19 00:00:00+00:00,702.5104240425221,1.0
25994,TERRA,2018-07-20 00:00:00+00:00,702.5097502103608,2.0
25994,TERRA,2018-07-21 00:00:00+00:00,702.5084349424269,3.333
25994,TERRA,2018-07-22 00:00:00+00:00,702.5063486566123,1.333
25994,TERRA,2018-07-23 00:00:00+00:00,702.5057331377993,1.0
25994,TERRA,2018-07-24 00:00:00+00:00,702.5074079971987,4.0
25994,TERRA,2018-07-25 00:00:00+00:00,702.5111367496329,3.333
25994,TERRA,2018-07-26 00:00:00+00:00,702.5059858244531,1.333
25994,TERRA,2018-07-27 00:00:00+00:00,702.5043466011721,1.667
25994,TERRA,2018-07-28 00:00:00+00:00,702.5053119934701,2.0
25994,TERRA,2018-07-29 00:00:00+00:00,702.5032354286186,1.333
25994,TERRA,2018-07-30 00:00:00+00:00,702.5037343223648,2.0
25994,TERRA,2018-07-31 00:00:00+00:00,702.5030410547356,2.333
25994,TERRA,2018-08-01 00:00:00+00:00,702.5027575922709,2.333
25994,TERRA,2018-08-02 00:00:00+00:00,702.5001643184105,2.667
25994,TERRA,2018-08-03 00:00:00+00:00,702.5023801824018,2.667
25994,TERRA,2018-08-04 00:00:00+00:00,702.499535842674,2.0
25994,TERRA,2018-08-05 00:00:00+00:00,702.4983469224735,2.0
25994,TERRA,2018-08-06 00:00:00+00:00,702.4980229661014,1.0
25994,TERRA,2018-08-07 00:00:00+00:00,702.4984505885213,3.0
25994,TERRA,2018-08-08 00:00:00+00:00,702.5007182843001,1.667
25994,TERRA,2018-08-09 00:00:00+00:00,702.4993058335513,1.333
25994,TERRA,2018-08-10 00:00:00+00:00,702.4993949215964,1.333
25994,TERRA,2018-08-11 00:00:00+00:00,702.5002550262543,3.667
25994,TERRA,2018-08-12 00:00:00+00:00,702.5059793457422,2.0
25994,TERRA,2018-08-13 00:00:00+00:00,702.5118170612059,1.333
25994,TERRA,2018-08-14 00:00:00+00:00,702.5111302704754,1.333
25994,TERRA,2018-08-15 00:00:00+00:00,702.5076768818753,4.0
25994,TERRA,2018-08-16 00:00:00+00:00,702.5050755046877,3.667
25994,TERRA,2018-08-17 00:00:00+00:00,702.5047709849741,4.0
25994,TERRA,2018-08-18 00:00:00+00:00,702.5042364557735,3.333
25994,TERRA,2018-08-19 00:00:00+00:00,702.5033844488189,2.667
25994,TERRA,2018-08-20 00:00:00+00:00,702.5035043128992,4.0
25994,TERRA,2018-08-21 00:00:00+00:00,702.5061218865076,2.667
25994,TERRA,2018-08-22 00:00:00+00:00,702.5033423344148,2.333
25994,TERRA,2018-08-23 00:00:00+00:00,702.5002777032169,1.667
25994,TERRA,2018-08-24 00:00:00+00:00,702.5000055796768,2.667
25994,TERRA,2018-08-25 00:00:00+00:00,702.5035739637706,4.333
25994,TERRA,2018-08-26 00:00:00+00:00,702.5030540127327,7.333
25994,TERRA,2018-08-27 00:00:00+00:00,702.4984684061228,5.667
25994,TERRA,2018-08-28 00:00:00+00:00,702.49737505347,3.667
25994,TERRA,2018-08-29 00:00:00+00:00,702.4950101736213,2.333
25994,TERRA,2018-08-30 00:00:00+00:00,702.495625690105,1.667
25994,TERRA,2018-08-31 00:00:00+00:00,702.4962314880368,2.333
25994,TERRA,2018-09-01 00:00:00+00:00,702.4964420595898,2.0
25994,TERRA,2018-09-02 00:00:00+00:00,702.4969798268376,2.0
25994,TERRA,2018-09-03 00:00:00+00:00,702.4952758175605,1.333
25994,TERRA,2018-09-04 00:00:00+00:00,702.4960306352314,3.0
25994,TERRA,2018-09-05 00:00:00+00:00,702.4962606440895,3.333
25994,TERRA,2018-09-06 00:00:00+00:00,702.4904132415923,2.0
25994,TERRA,2018-09-07 00:00:00+00:00,702.4910287570929,2.333
25994,TERRA,2018-09-08 00:00:00+00:00,702.4922905642361,2.333
25994,TERRA,2018-09-09 00:00:00+00:00,702.4929643922574,2.667
25994,TERRA,2018-09-10 00:00:00+00:00,702.4922792257876,5.0
25994,TERRA,2018-09-11 00:00:00+00:00,702.5003910880391,6.0
25994,TERRA,2018-09-12 00:00:00+00:00,702.4943816993705,4.0
25994,TERRA,2018-09-13 00:00:00+00:00,702.485408133808,4.0
25994,TERRA,2018-09-14 00:00:00+00:00,702.4800175292339,4.333
25994,TERRA,2018-09-15 00:00:00+00:00,702.4893198936606,2.667
25994,TERRA,2018-09-16 00:00:00+00:00,702.4893733446834,2.333
25994,TERRA,2018-09-17 00:00:00+00:00,702.4883982392075,3.333
25994,TERRA,2018-09-18 00:00:00+00:00,702.4868108589153,2.333
25994,TERRA,2018-09-19 00:00:00+00:00,702.4853255253065,2.333
25994,TERRA,2018-09-20 00:00:00+00:00,702.4860301273038,0.667
25994,TERRA,2018-09-21 00:00:00+00:00,702.4861856256994,4.333
25994,TERRA,2018-09-22 00:00:00+00:00,702.4882395012687,4.667
25994,TERRA,2018-09-23 00:00:00+00:00,702.4858746289701,3.333
25994,TERRA,2018-09-24 00:00:00+00:00,702.4847699427246,2.333
25994,TERRA,2018-09-25 00:00:00+00:00,702.4811384113109,3.0
25994,TERRA,2018-09-26 00:00:00+00:00,702.4833574999693,2.667
25994,TERRA,2018-09-27 00:00:00+00:00,702.4837527247018,2.333
25994,TERRA,2018-09-28 00:00:00+00:00,702.4800434455756,3.0
25994,TERRA,2018-09-29 00:00:00+00:00,702.4800402060346,3.333
25994,TERRA,2018-09-30 00:00:00+00:00,702.4799964722342,2.333
25994,TERRA,2018-10-01 00:00:00+00:00,702.4777660477903,3.667
25994,TERRA,2018-10-02 00:00:00+00:00,702.4784236745563,3.667
25994,TERRA,2018-10-03 00:00:00+00:00,702.479567232866,2.333
25994,TERRA,2018-10-04 00:00:00+00:00,702.4800952782916,1.667
25994,TERRA,2018-10-05 00:00:00+00:00,702.4803641603812,3.0
25994,TERRA,2018-10-06 00:00:00+00:00,702.4785986099082,3.0
25994,TERRA,2018-10-07 00:00:00+00:00,702.4751355422368,5.333
25994,TERRA,2018-10-08 00:00:00+00:00,702.4714943045938,4.333
25994,TERRA,2018-10-09 00:00:00+00:00,702.4764815703784,3.667
25994,TERRA,2018-10-10 00:00:00+00:00,702.4762661411628,4.667
25994,TERRA,2018-10-11 00:00:00+00:00,702.4771181397891,3.0
25994,TERRA,2018-10-12 00:00:00+00:00,702.4812096812839,1.667
25994,TERRA,2018-10-13 00:00:00+00:00,702.4763860039307,4.333
25994,TERRA,2018-10-14 00:00:00+00:00,702.4642960710007,2.0
25994,TERRA,2018-10-15 00:00:00+00:00,702.465991964174,3.0
25994,TERRA,2018-10-16 00:00:00+00:00,702.4673639027933,2.0
25994,TERRA,2018-10-17 00:00:00+00:00,702.4732809079678,1.667
25994,TERRA,2018-10-18 00:00:00+00:00,702.4707103376713,0.333
25994,TERRA,2018-10-19 00:00:00+00:00,702.4691942374602,0.667
25994,TERRA,2018-10-20 00:00:00+00:00,702.4669265664843,0.333
25994,TERRA,2018-10-21 00:00:00+00:00,702.4662397866396,2.0
25994,TERRA,2018-10-22 00:00:00+00:00,702.4680328655131,2.667
25994,TERRA,2018-10-23 00:00:00+00:00,702.4656501928089,1.0
25994,TERRA,2018-10-24 00:00:00+00:00,702.4717064940278,1.333
25994,TERRA,2018-10-25 00:00:00+00:00,702.4640790228377,2.0
25994,TERRA,2018-10-26 00:00:00+00:00,702.4638830315998,2.333
25994,TERRA,2018-10-27 00:00:00+00:00,702.4654882164341,1.667
25994,TERRA,2018-10-28 00:00:00+00:00,702.4710942234756,1.333
25994,TERRA,2018-10-29 00:00:00+00:00,702.4670496685494,0.333
25994,TERRA,2018-10-30 00:00:00+00:00,702.4681057549078,2.0
25994,TERRA,2018-10-31 00:00:00+00:00,702.4631492793997,1.667
25994,TERRA,2018-11-01 00:00:00+00:00,702.4654930761444,2.0
25994,TERRA,2018-11-02 00:00:00+00:00,702.4696639690032,2.667
25994,TERRA,2018-11-03 00:00:00+00:00,702.4696218550316,2.0
25994,TERRA,2018-11-04 00:00:00+00:00,702.4695813614858,5.333
25994,TERRA,2018-11-05 00:00:00+00:00,702.467506442049,5.667
25994,TERRA,2018-11-06 00:00:00+00:00,702.4686791522922,3.667
25994,TERRA,2018-11-07 00:00:00+00:00,702.4666220508716,3.333
25994,TERRA,2018-11-08 00:00:00+00:00,702.4655044140663,4.0
25994,TERRA,2018-11-09 00:00:00+00:00,702.4684880195782,4.0
25994,TERRA,2018-11-11 00:00:00+00:00,702.4702568031871,3.0
25994,TERRA,2018-11-12 00:00:00+00:00,702.4649796108479,3.333
25994,TERRA,2018-11-13 00:00:00+00:00,702.4616137456087,2.0
25994,TERRA,2018-11-14 00:00:00+00:00,702.4657441390245,1.333
25994,TERRA,2018-11-15 00:00:00+00:00,702.4639818370979,0.667
25994,TERRA,2018-11-16 00:00:00+00:00,702.4632545646868,1.0
25994,TERRA,2018-11-17 00:00:00+00:00,702.4614712066495,0.667
25994,TERRA,2018-11-18 00:00:00+00:00,702.4593315033694,1.0
25994,TERRA,2018-11-19 00:00:00+00:00,702.4576615316664,1.667
25994,TERRA,2018-11-20 00:00:00+00:00,702.4581247826882,3.0
25994,TERRA,2018-11-21 00:00:00+00:00,702.4569391193863,2.667
25994,TERRA,2018-11-22 00:00:00+00:00,702.4562507223013,1.0
25994,TERRA,2018-11-23 00:00:00+00:00,702.4551379487639,1.0
25994,TERRA,2018-11-24 00:00:00+00:00,702.4559510670247,1.667
25994,TERRA,2018-11-25 00:00:00+00:00,702.4560660700331,1.0
25994,TERRA,2018-11-26 00:00:00+00:00,702.4526240866453,0.667
25994,TERRA,2018-11-27 00:00:00+00:00,702.4545742734067,2.333
25994,TERRA,2018-11-28 00:00:00+00:00,702.4455522416447,1.0
25994,TERRA,2018-11-29 00:00:00+00:00,702.4450144841121,2.0
25994,TERRA,2018-11-30 00:00:00+00:00,702.4499288142742,1.333
25994,TERRA,2018-12-01 00:00:00+00:00,702.4583159142494,3.0
25994,TERRA,2018-12-02 00:00:00+00:00,702.4468205075959,3.667
25994,TERRA,2018-12-03 00:00:00+00:00,702.4450080051065,3.0
25994,TERRA,2018-12-04 00:00:00+00:00,702.4476838358692,3.0
25994,TERRA,2018-12-05 00:00:00+00:00,702.4504989678298,2.0
25994,TERRA,2018-12-06 00:00:00+00:00,702.4971353258334,2.0
25994,TERRA,2018-12-07 00:00:00+00:00,702.5483127917464,3.333
25994,TERRA,2018-12-08 00:00:00+00:00,702.5731785975813,3.333
25994,TERRA,2018-12-09 00:00:00+00:00,702.5493478361541,3.667
25994,TERRA,2018-12-10 00:00:00+00:00,702.5239655096657,3.0
25994,TERRA,2018-12-11 00:00:00+00:00,702.5243736984385,2.667
25994,TERRA,2018-12-12 00:00:00+00:00,702.5244093339688,2.0
25994,TERRA,2018-12-13 00:00:00+00:00,702.5329359579105,1.0
25994,TERRA,2018-12-14 00:00:00+00:00,702.5235184458379,0.667
25994,TERRA,2018-12-15 00:00:00+00:00,702.5201492714423,0.333
25994,TERRA,2018-12-16 00:00:00+00:00,702.5218954103657,0.667
25994,TERRA,2018-12-17 00:00:00+00:00,702.5247073766068,2.333
25994,TERRA,2018-12-18 00:00:00+00:00,702.5220233743948,2.667
25994,TERRA,2018-12-19 00:00:00+00:00,702.5229709547266,2.0
25994,TERRA,2018-12-20 00:00:00+00:00,702.522695589415,3.0
25994,TERRA,2018-12-21 00:00:00+00:00,702.519093165678,2.0
25994,TERRA,2018-12-22 00:00:00+00:00,702.5223586718921,1.0
25994,TERRA,2018-12-23 00:00:00+00:00,702.5184258107047,0.667
25994,TERRA,2018-12-24 00:00:00+00:00,702.5189052696828,1.333
25994,TERRA,2018-12-25 00:00:00+00:00,702.5179657894068,1.667
25994,TERRA,2018-12-26 00:00:00+00:00,702.5166634760435,1.0
25994,TERRA,2018-12-27 00:00:00+00:00,702.5145140122718,2.333
25994,TERRA,2018-12-28 00:00:00+00:00,702.5142435071466,4.333
25994,TERRA,2018-12-29 00:00:00+00:00,702.5163038824735,3.0
25994,TERRA,2018-12-30 00:00:00+00:00,702.5182281959133,3.0
25994,TERRA,2018-12-31 00:00:00+00:00,702.5143633717385,3.0
25994,TERRA,2019-01-01 00:00:00+00:00,702.5135243200157,2.667
25994,TERRA,2019-01-02 00:00:00+00:00,702.5122576440253,0.333
25994,TERRA,2019-01-03 00:00:00+00:00,702.5104467194901,1.0
25994,TERRA,2019-01-04 00:00:00+00:00,702.5094699870451,3.333
25994,TERRA,2019-01-05 00:00:00+00:00,702.5081757764028,5.0
25994,TERRA,2019-01-06 00:00:00+00:00,702.5094003360728,3.0
25994,TERRA,2019-01-07 00:00:00+00:00,702.5145609862084,2.333
25994,TERRA,2019-01-08 00:00:00+00:00,702.5132392368778,2.333
25994,TERRA,2019-01-09 00:00:00+00:00,702.5041263103685,1.667
25994,TERRA,2019-01-10 00:00:00+00:00,702.5034605788028,1.333
25994,TERRA,2019-01-11 00:00:00+00:00,702.5045636524228,3.333
25994,TERRA,2019-01-12 00:00:00+00:00,702.5089241183596,1.0
25994,TERRA,2019-01-13 00:00:00+00:00,702.506630499523,1.0
25994,TERRA,2019-01-14 00:00:00+00:00,702.5062320319907,2.667
25994,TERRA,2019-01-15 00:00:00+00:00,702.504158706075,2.667
25994,TERRA,2019-01-16 00:00:00+00:00,702.5055225656042,2.667
25994,TERRA,2019-01-17 00:00:00+00:00,702.5061737196729,2.667
25994,TERRA,2019-01-18 00:00:00+00:00,702.5036209374148,2.0
25994,TERRA,2019-01-19 00:00:00+00:00,702.5031544393823,2.667
25994,TERRA,2019-01-20 00:00:00+00:00,702.5017419874766,1.667
25994,TERRA,2019-01-21 00:00:00+00:00,702.5034265632257,1.667
25994,TERRA,2019-01-22 00:00:00+00:00,702.5043692781692,2.0
25994,TERRA,2019-01-23 00:00:00+00:00,702.5027786493565,4.0
25994,TERRA,2019-01-24 00:00:00+00:00,702.4979533155001,4.333
25994,TERRA,2019-01-25 00:00:00+00:00,702.4977038691309,3.333
25994,TERRA,2019-01-26 00:00:00+00:00,702.4979549352684,3.0
25994,TERRA,2019-01-27 00:00:00+00:00,702.5008770230106,2.0
25994,TERRA,2019-01-28 00:00:00+00:00,702.4989640594954,0.667
25994,TERRA,2019-01-29 00:00:00+00:00,702.4959302088337,1.667
27424,AQUA,2017-12-02 00:00:00+00:00,702.5178524038874,2.333
27424,AQUA,2017-12-03 00:00:00+00:00,702.5164561425745,0.667
27424,AQUA,2017-12-04 00:00:00+00:00,702.5154016579845,4.0
27424,AQUA,2017-12-05 00:00:00+00:00,702.5145285903836,5.0
27424,AQUA,2017-12-06 00:00:00+00:00,702.51317120568,4.0
27424,AQUA,2017-12-07 00:00:00+00:00,702.5121393993654,3.333
27424,AQUA,2017-12-08 00:00:00+00:00,702.5112323172002,2.0
27424,AQUA,2017-12-09 00:00:00+00:00,702.5102976989174,1.667
27424,AQUA,2017-12-10 00:00:00+00:00,702.5087394625352,1.333
27424,AQUA,2017-12-11 00:00:00+00:00,702.5076493454949,3.333
27424,AQUA,2017-12-12 00:00:00+00:00,702.5065009165551,4.0
27424,AQUA,2017-12-13 00:00:00+00:00,702.5059534287275,2.667
27424,AQUA,2017-12-14 00:00:00+00:00,702.5582211753599,2.667
27424,AQUA,2017-12-15 00:00:00+00:00,702.5570711060955,1.333
27424,AQUA,2017-12-16 00:00:00+00:00,702.5561964058415,2.0
27424,AQUA,2017-12-17 00:00:00+00:00,702.5547450519425,4.667
27424,AQUA,2017-12-18 00:00:00+00:00,702.5538752118537,4.333
27424,AQUA,2017-12-19 00:00:00+00:00,702.5527947963219,2.333
27424,AQUA,2017-12-20 00:00:00+00:00,702.5519119983182,2.0
27424,AQUA,2017-12-21 00:00:00+00:00,702.5506566438498,1.0
27424,AQUA,2017-12-22 00:00:00+00:00,702.5497203927343,1.0
27424,AQUA,2017-12-23 00:00:00+00:00,702.5482269270815,2.667
27424,AQUA,2017-12-24 00:00:00+00:00,702.5473813861381,3.333
27424,AQUA,2017-12-25 00:00:00+00:00,702.5461276534816,3.0
27424,AQUA,2017-12-26 00:00:00+00:00,702.5453793016941,3.667
27424,AQUA,2017-12-27 00:00:00+00:00,702.5441903622486,2.667
27424,AQUA,2017-12-28 00:00:00+00:00,702.5430289600295,1.667
27424,AQUA,2017-12-29 00:00:00+00:00,702.5420829926106,2.333
27424,AQUA,2017-12-30 00:00:00+00:00,702.5411094887904,1.667
27424,AQUA,2017-12-31 00:00:00+00:00,702.5403352214366,2.0
27424,AQUA,2018-01-01 00:00:00+00:00,702.5396953981503,3.667
27424,AQUA,2018-01-02 00:00:00+00:00,702.5389259905933,2.0
27424,AQUA,2018-01-03 00:00:00+00:00,702.5382424328991,1.0
27424,AQUA,2018-01-04 00:00:00+00:00,702.5369692666382,1.333
27424,AQUA,2018-01-05 00:00:00+00:00,702.5358224456095,2.0
27424,AQUA,2018-01-06 00:00:00+00:00,702.5350157836401,1.333
27424,AQUA,2018-01-07 00:00:00+00:00,702.5346124527427,1.0
27424,AQUA,2018-01-08 00:00:00+00:00,702.5334121792021,3.667
27424,AQUA,2018-01-09 00:00:00+00:00,702.5327804564927,3.667
27424,AQUA,2018-01-10 00:00:00+00:00,702.5320871814756,1.667
27424,AQUA,2018-01-11 00:00:00+00:00,702.5310926236884,1.0
27424,AQUA,2018-01-12 00:00:00+00:00,702.5301547592494,1.333
27424,AQUA,2018-01-13 00:00:00+00:00,702.5292800673101,3.0
27424,AQUA,2018-01-14 00:00:00+00:00,702.5280943742182,4.667
27424,AQUA,2018-01-15 00:00:00+00:00,702.5274286369176,3.667
27424,AQUA,2018-01-16 00:00:00+00:00,702.5268746658567,2.0
27424,AQUA,2018-01-17 00:00:00+00:00,702.526285059354,0.667
27424,AQUA,2018-01-18 00:00:00+00:00,702.5437546907187,0.333
27424,AQUA,2018-01-19 00:00:00+00:00,702.5609586660494,2.667
27424,AQUA,2018-01-20 00:00:00+00:00,702.559936561237,3.0
27424,AQUA,2018-01-21 00:00:00+00:00,702.5589533323778,3.0
27424,AQUA,2018-01-22 00:00:00+00:00,702.5582357537096,3.333
27424,AQUA,2018-01-23 00:00:00+00:00,702.5573383756728,2.0
27424,AQUA,2018-01-24 00:00:00+00:00,702.556580302034,4.0
27424,AQUA,2018-01-25 00:00:00+00:00,702.5559226571158,3.0
27424,AQUA,2018-01-26 00:00:00+00:00,702.5551905008883,3.0
27424,AQUA,2018-01-27 00:00:00+00:00,702.5542056538688,2.667
27424,AQUA,2018-01-28 00:00:00+00:00,702.5534475810655,1.667
27424,AQUA,2018-01-29 00:00:00+00:00,702.5526376744542,1.0
27424,AQUA,2018-01-30 00:00:00+00:00,702.5516722660764,2.333
27424,AQUA,2018-01-31 00:00:00+00:00,702.5511069515755,2.667
27424,AQUA,2018-02-01 00:00:00+00:00,702.5506193881697,2.667
27424,AQUA,2018-02-02 00:00:00+00:00,702.5498937125612,2.0
27424,AQUA,2018-02-03 00:00:00+00:00,702.5492133918374,1.667
27424,AQUA,2018-02-04 00:00:00+00:00,702.5485962438988,2.333
27424,AQUA,2018-02-05 00:00:00+00:00,702.5476243576572,3.0
27424,AQUA,2018-02-06 00:00:00+00:00,702.5465795803161,2.333
27424,AQUA,2018-02-07 00:00:00+00:00,702.545826368977,1.667
27424,AQUA,2018-02-08 00:00:00+00:00,702.544799410186,1.333
27424,AQUA,2018-02-09 00:00:00+00:00,702.5442810715103,2.667
27424,AQUA,2018-02-10 00:00:00+00:00,702.5437513942716,2.333
27424,AQUA,2018-02-11 00:00:00+00:00,702.5431488257905,0.667
27424,AQUA,2018-02-12 00:00:00+00:00,702.5424555482327,1.667
27424,AQUA,2018-02-13 00:00:00+00:00,702.541676421089,0.667
27424,AQUA,2018-02-14 00:00:00+00:00,702.5407660898532,1.333
27424,AQUA,2018-02-15 00:00:00+00:00,702.5490595239944,4.667
27424,AQUA,2018-02-16 00:00:00+00:00,702.551790512377,2.333
27424,AQUA,2018-02-17 00:00:00+00:00,702.5509757467985,3.667
27424,AQUA,2018-02-18 00:00:00+00:00,702.5501626012683,4.0
27424,AQUA,2018-02-19 00:00:00+00:00,702.5494660823706,4.0
27424,AQUA,2018-02-20 00:00:00+00:00,702.5485703269242,2.667
27424,AQUA,2018-02-21 00:00:00+00:00,702.5475563256223,2.0
27424,AQUA,2018-02-22 00:00:00+00:00,702.5467431810798,3.667
27424,AQUA,2018-02-23 00:00:00+00:00,702.5458976405785,4.333
27424,AQUA,2018-02-24 00:00:00+00:00,702.5451363303773,3.333
27424,AQUA,2018-02-25 00:00:00+00:00,702.5441417680081,2.0
27424,AQUA,2018-02-26 00:00:00+00:00,702.543817806396,3.0
27424,AQUA,2018-02-27 00:00:00+00:00,702.5431958002114,5.333
27424,AQUA,2018-02-28 00:00:00+00:00,702.5422854684894,2.333
27424,AQUA,2018-03-01 00:00:00+00:00,702.5416602230189,2.667
27424,AQUA,2018-03-02 00:00:00+00:00,702.5452626754768,2.667
27424,AQUA,2018-03-03 00:00:00+00:00,702.5441676849405,2.667
27424,AQUA,2018-03-04 00:00:00+00:00,702.5433707394341,2.667
27424,AQUA,2018-03-05 00:00:00+00:00,702.5430645958027,1.333
27424,AQUA,2018-03-06 00:00:00+00:00,702.5422579317715,2.0
27424,AQUA,2018-03-07 00:00:00+00:00,702.5415533157811,2.667
27424,AQUA,2018-03-08 00:00:00+00:00,702.5412617505935,1.667
27424,AQUA,2018-03-09 00:00:00+00:00,702.5607610483326,4.333
27424,AQUA,2018-03-10 00:00:00+00:00,702.5599430405,4.0
27424,AQUA,2018-03-11 00:00:00+00:00,702.5592643371801,2.333
27424,AQUA,2018-03-12 00:00:00+00:00,702.5584641477981,1.0
27424,AQUA,2018-03-13 00:00:00+00:00,702.5573173180705,1.0
27424,AQUA,2018-03-14 00:00:00+00:00,702.5566321361202,4.0
27424,AQUA,2018-03-15 00:00:00+00:00,702.5196876301602,4.0
27424,AQUA,2018-03-16 00:00:00+00:00,702.5187449100372,4.333
27424,AQUA,2018-03-17 00:00:00+00:00,702.5177843725778,4.333
27424,AQUA,2018-03-18 00:00:00+00:00,702.5168416531696,6.0
27424,AQUA,2018-03-19 00:00:00+00:00,702.5158406215633,4.333
27424,AQUA,2018-03-20 00:00:00+00:00,702.5150372048683,3.0
27424,AQUA,2018-03-21 00:00:00+00:00,702.5142726633867,2.0
27424,AQUA,2018-03-22 00:00:00+00:00,702.5133072680792,3.0
27424,AQUA,2018-03-23 00:00:00+00:00,702.5122479252868,4.0
27424,AQUA,2018-03-24 00:00:00+00:00,702.5114056346638,2.667
27424,AQUA,2018-03-25 00:00:00+00:00,702.5103187561781,4.0
27424,AQUA,2018-03-26 00:00:00+00:00,702.5093938569189,3.0
27424,AQUA,2018-03-27 00:00:00+00:00,702.5085337494847,3.0
27424,AQUA,2018-03-28 00:00:00+00:00,702.5078388606089,0.667
27424,AQUA,2018-03-29 00:00:00+00:00,702.5196747003688,1.667
27424,AQUA,2018-03-30 00:00:00+00:00,702.5322702190197,2.333
27424,AQUA,2018-03-31 00:00:00+00:00,702.5313161561835,2.667
27424,AQUA,2018-04-01 00:00:00+00:00,702.5304609014875,1.333
27424,AQUA,2018-04-02 00:00:00+00:00,702.5297919240411,1.667
27424,AQUA,2018-04-03 00:00:00+00:00,702.5291002695476,2.0
27424,AQUA,2018-04-04 00:00:00+00:00,702.5279032379481,1.667
27424,AQUA,2018-04-05 00:00:00+00:00,702.5270398852845,3.0
27424,AQUA,2018-04-06 00:00:00+00:00,702.5261619547091,1.667
27424,AQUA,2018-04-07 00:00:00+00:00,702.525548051392,2.0
27424,AQUA,2018-04-08 00:00:00+00:00,702.5249211898217,2.333
27424,AQUA,2018-04-09 00:00:00+00:00,702.5243445420956,4.333
27424,AQUA,2018-04-10 00:00:00+00:00,702.5231361739261,4.0
27424,AQUA,2018-04-11 00:00:00+00:00,702.5216330035191,4.333
27424,AQUA,2018-04-12 00:00:00+00:00,702.5207161995459,3.0
27424,AQUA,2018-04-13 00:00:00+00:00,702.5197945364926,3.667
27424,AQUA,2018-04-14 00:00:00+00:00,702.5190413322789,2.0
27424,AQUA,2018-04-15 00:00:00+00:00,702.5182573521924,2.333
27424,AQUA,2018-04-16 00:00:00+00:00,702.5174344972966,1.0
27424,AQUA,2018-04-17 00:00:00+00:00,702.5165484707422,1.0
27424,AQUA,2018-04-18 00:00:00+00:00,702.5157175173781,2.0
27424,AQUA,2018-04-19 00:00:00+00:00,702.5147747986584,1.0
27424,AQUA,2018-04-20 00:00:00+00:00,702.466278660966,6.0
27424,AQUA,2018-04-21 00:00:00+00:00,702.4651189104643,3.333
27424,AQUA,2018-04-22 00:00:00+00:00,702.4638619746902,1.667
27424,AQUA,2018-04-23 00:00:00+00:00,702.4629516684636,3.0
27424,AQUA,2018-04-24 00:00:00+00:00,702.4621968596143,2.0
27424,AQUA,2018-04-25 00:00:00+00:00,702.4616655779764,2.0
27424,AQUA,2018-04-26 00:00:00+00:00,702.4606775239399,1.667
27424,AQUA,2018-04-27 00:00:00+00:00,702.4595112966863,2.667
27424,AQUA,2018-04-28 00:00:00+00:00,702.4586269080055,1.667
27424,AQUA,2018-04-29 00:00:00+00:00,702.4576161784244,1.333
27424,AQUA,2018-04-30 00:00:00+00:00,702.4570444036785,2.333
27424,AQUA,2018-05-01 00:00:00+00:00,702.4566734790424,1.0
27424,AQUA,2018-05-02 00:00:00+00:00,702.456155156493,2.0
27424,AQUA,2018-05-03 00:00:00+00:00,702.5002226305942,1.333
27424,AQUA,2018-05-04 00:00:00+00:00,702.499503447023,1.333
27424,AQUA,2018-05-05 00:00:00+00:00,702.498586650212,5.667
27424,AQUA,2018-05-06 00:00:00+00:00,702.496885879531,5.667
27424,AQUA,2018-05-07 00:00:00+00:00,702.4959026725678,4.0
27424,AQUA,2018-05-08 00:00:00+00:00,702.4951510944934,3.667
27424,AQUA,2018-05-09 00:00:00+00:00,702.4943525430008,4.0
27424,AQUA,2018-05-10 00:00:00+00:00,702.493393633601,3.333
27424,AQUA,2018-05-11 00:00:00+00:00,702.4924930365542,3.667
27424,AQUA,2018-05-12 00:00:00+00:00,702.4913332753122,3.667
27424,AQUA,2018-05-13 00:00:00+00:00,702.4899532248533,2.333
27424,AQUA,2018-05-14 00:00:00+00:00,702.4889003698918,2.0
27424,AQUA,2018-05-15 00:00:00+00:00,702.4881163981654,1.333
27424,AQUA,2018-05-16 00:00:00+00:00,702.4870926998469,1.333
27424,AQUA,2018-05-17 00:00:00+00:00,702.4864966225186,3.0
27424,AQUA,2018-05-18 00:00:00+00:00,702.4855765903776,1.667
27424,AQUA,2018-05-19 00:00:00+00:00,702.4845593720756,1.0
27424,AQUA,2018-05-20 00:00:00+00:00,702.4838142761032,1.0
27424,AQUA,2018-05-21 00:00:00+00:00,702.4829638950714,1.0
27424,AQUA,2018-05-22 00:00:00+00:00,702.4817636434186,2.0
27424,AQUA,2018-05-23 00:00:00+00:00,702.4956921385769,3.333
27424,AQUA,2018-05-24 00:00:00+00:00,702.5100450118798,1.333
27424,AQUA,2018-05-25 00:00:00+00:00,702.5095218201982,1.333
27424,AQUA,2018-05-26 00:00:00+00:00,702.5088204519425,1.333
27424,AQUA,2018-05-27 00:00:00+00:00,702.5083053594126,1.333
27424,AQUA,2018-05-28 00:00:00+00:00,702.5071148157508,1.667
27424,AQUA,2018-05-29 00:00:00+00:00,702.5061089282208,1.667
27424,AQUA,2018-05-30 00:00:00+00:00,702.5054545345952,1.667
27424,AQUA,2018-05-31 00:00:00+00:00,702.5046138657794,4.333
27424,AQUA,2018-06-01 00:00:00+00:00,702.5034233236593,4.667
27424,AQUA,2018-06-02 00:00:00+00:00,702.5028515396634,4.0
27424,AQUA,2018-06-03 00:00:00+00:00,702.5021145378064,2.667
27424,AQUA,2018-06-04 00:00:00+00:00,702.5010875948647,1.333
27424,AQUA,2018-06-05 00:00:00+00:00,702.5001756568895,1.667
27424,AQUA,2018-06-06 00:00:00+00:00,702.4992297037811,3.667
27424,AQUA,2018-06-07 00:00:00+00:00,702.498071559562,2.667
27424,AQUA,2018-06-08 00:00:00+00:00,702.4974074491015,2.0
27424,AQUA,2018-06-09 00:00:00+00:00,702.4967530574831,1.333
27424,AQUA,2018-06-10 00:00:00+00:00,702.4960824682112,1.0
27424,AQUA,2018-06-11 00:00:00+00:00,702.495528503282,1.333
27424,AQUA,2018-06-12 00:00:00+00:00,702.495201307675,1.667
27424,AQUA,2018-06-13 00:00:00+00:00,702.4943347254284,2.0
27424,AQUA,2018-06-14 00:00:00+00:00,702.493383914928,1.333
27424,AQUA,2018-06-15 00:00:00+00:00,702.4928072736252,1.0
27424,AQUA,2018-06-16 00:00:00+00:00,702.4920880919385,0.667
27424,AQUA,2018-06-17 00:00:00+00:00,702.491472576221,1.667
27424,AQUA,2018-06-18 00:00:00+00:00,702.4908586804177,4.0
27424,AQUA,2018-06-19 00:00:00+00:00,702.4901686552171,2.333
27424,AQUA,2018-06-20 00:00:00+00:00,702.5024109883107,2.333
27424,AQUA,2018-06-21 00:00:00+00:00,702.5154956059091,1.0
27424,AQUA,2018-06-22 00:00:00+00:00,702.5146144393225,1.333
27424,AQUA,2018-06-23 00:00:00+00:00,702.5133623409911,4.0
27424,AQUA,2018-06-24 00:00:00+00:00,702.512510331263,2.667
27424,AQUA,2018-06-25 00:00:00+00:00,702.512019534925,5.0
27424,AQUA,2018-06-26 00:00:00+00:00,702.5109634321961,4.667
27424,AQUA,2018-06-27 00:00:00+00:00,702.5102069907493,2.667
27424,AQUA,2018-06-28 00:00:00+00:00,702.5098895121778,1.667
27424,AQUA,2018-06-29 00:00:00+00:00,702.5089095402764,1.333
27424,AQUA,2018-06-30 00:00:00+00:00,702.5079992195688,1.0
27424,AQUA,2018-07-01 00:00:00+00:00,702.5074160961371,0.667
27424,AQUA,2018-07-02 00:00:00+00:00,702.5067746605041,1.0
27424,AQUA,2018-07-03 00:00:00+00:00,702.5062790057927,1.667
27424,AQUA,2018-07-04 00:00:00+00:00,702.5060344180438,1.333
27424,AQUA,2018-07-05 00:00:00+00:00,702.5056424297786,4.667
27424,AQUA,2018-07-06 00:00:00+00:00,702.5046980946272,3.667
27424,AQUA,2018-07-07 00:00:00+00:00,702.5040032066954,2.0
27424,AQUA,2018-07-08 00:00:00+00:00,702.5031414811046,1.333
27424,AQUA,2018-07-09 00:00:00+00:00,702.5026911809955,0.667
27424,AQUA,2018-07-10 00:00:00+00:00,702.5019687572312,2.333
27424,AQUA,2018-07-11 00:00:00+00:00,702.5016318421731,2.667
27424,AQUA,2018-07-12 00:00:00+00:00,702.6273168977059,2.667
27424,AQUA,2018-07-13 00:00:00+00:00,702.6266430378109,2.667
27424,AQUA,2018-07-14 00:00:00+00:00,702.6260534105331,1.667
27424,AQUA,2018-07-15 00:00:00+00:00,702.625206226508,1.333
27424,AQUA,2018-07-16 00:00:00+00:00,702.6242035367422,2.667
27424,AQUA,2018-07-17 00:00:00+00:00,702.6237224401675,3.0
27424,AQUA,2018-07-18 00:00:00+00:00,702.6231473921771,1.0
27424,AQUA,2018-07-19 00:00:00+00:00,702.6224540950388,1.0
27424,AQUA,2018-07-20 00:00:00+00:00,702.6220199744876,2.0
27424,AQUA,2018-07-21 00:00:00+00:00,702.621300759989,3.333
27424,AQUA,2018-07-22 00:00:00+00:00,702.6204940736752,1.333
27424,AQUA,2018-07-23 00:00:00+00:00,702.6197133052092,1.0
27424,AQUA,2018-07-24 00:00:00+00:00,702.6191657955055,4.0
27424,AQUA,2018-07-25 00:00:00+00:00,702.6183429112889,3.333
27424,AQUA,2018-07-26 00:00:00+00:00,702.6180254205938,1.333
27424,AQUA,2018-07-27 00:00:00+00:00,702.6176949711316,1.667
27424,AQUA,2018-07-28 00:00:00+00:00,702.6172819093595,2.0
27424,AQUA,2018-07-29 00:00:00+00:00,702.6168623682479,1.333
27424,AQUA,2018-07-30 00:00:00+00:00,702.6166145312591,2.0
27424,AQUA,2018-07-31 00:00:00+00:00,702.6157090354795,2.333
27424,AQUA,2018-08-01 00:00:00+00:00,702.6149185492427,2.333
27424,AQUA,2018-08-02 00:00:00+00:00,702.5445006076957,2.667
27424,AQUA,2018-08-03 00:00:00+00:00,702.475336393572,2.667
27424,AQUA,2018-08-04 00:00:00+00:00,702.4747889117616,2.0
27424,AQUA,2018-08-05 00:00:00+00:00,702.4743807301338,2.0
27424,AQUA,2018-08-06 00:00:00+00:00,702.4739887462506,1.0
27424,AQUA,2018-08-07 00:00:00+00:00,702.4731043530455,3.0
27424,AQUA,2018-08-08 00:00:00+00:00,702.4726540577121,1.667
27424,AQUA,2018-08-09 00:00:00+00:00,702.4719964322821,1.333
27424,AQUA,2018-08-10 00:00:00+00:00,702.4715428976065,1.333
27424,AQUA,2018-08-11 00:00:00+00:00,702.4709533026034,3.667
27424,AQUA,2018-08-12 00:00:00+00:00,702.4704673727638,2.0
27424,AQUA,2018-08-13 00:00:00+00:00,702.4697287595582,1.333
27424,AQUA,2018-08-14 00:00:00+00:00,702.4693869890402,1.333
27424,AQUA,2018-08-15 00:00:00+00:00,702.4691100091723,4.0
27424,AQUA,2018-08-16 00:00:00+00:00,702.4683892137718,3.667
27424,AQUA,2018-08-17 00:00:00+00:00,702.4674465107792,4.0
27424,AQUA,2018-08-18 00:00:00+00:00,702.466769449391,3.333
27424,AQUA,2018-08-19 00:00:00+00:00,702.46608428934,2.667
27424,AQUA,2018-08-20 00:00:00+00:00,702.4653618749107,4.0
27424,AQUA,2018-08-21 00:00:00+00:00,702.4651869405025,2.667
27424,AQUA,2018-08-22 00:00:00+00:00,702.4645066401304,2.333
27424,AQUA,2018-08-23 00:00:00+00:00,702.4639996544861,1.667
27424,AQUA,2018-08-24 00:00:00+00:00,702.4635315432256,2.667
27424,AQUA,2018-08-25 00:00:00+00:00,702.4628075096844,4.333
27424,AQUA,2018-08-26 00:00:00+00:00,702.4609885179552,7.333
27424,AQUA,2018-08-27 00:00:00+00:00,702.4606580868149,5.667
27424,AQUA,2018-08-28 00:00:00+00:00,702.4596182008318,3.667
27424,AQUA,2018-08-29 00:00:00+00:00,702.459188964523,2.333
27424,AQUA,2018-08-30 00:00:00+00:00,702.4586884588571,1.667
27424,AQUA,2018-08-31 00:00:00+00:00,702.4581085851019,2.333
27424,AQUA,2018-09-01 00:00:00+00:00,702.4572727896193,2.0
27424,AQUA,2018-09-02 00:00:00+00:00,702.456360865744,2.0
27424,AQUA,2018-09-03 00:00:00+00:00,702.4557988097949,1.333
27424,AQUA,2018-09-04 00:00:00+00:00,702.4550715387177,3.0
27424,AQUA,2018-09-06 00:00:00+00:00,702.45447060886,2.0
27424,AQUA,2018-09-07 00:00:00+00:00,702.4541369389672,2.333
27424,AQUA,2018-09-08 00:00:00+00:00,702.4533222014834,2.333
27424,AQUA,2018-09-09 00:00:00+00:00,702.4527066941914,2.667
27424,AQUA,2018-09-10 00:00:00+00:00,702.4520004807296,5.0
27424,AQUA,2018-09-11 00:00:00+00:00,702.45087799043,6.0
27424,AQUA,2018-09-12 00:00:00+00:00,702.4503548096777,4.0
27424,AQUA,2018-09-13 00:00:00+00:00,702.4499190957467,4.0
27424,AQUA,2018-09-14 00:00:00+00:00,702.4491804879044,4.333
27424,AQUA,2018-09-15 00:00:00+00:00,702.4484451197595,2.667
27424,AQUA,2018-09-16 00:00:00+00:00,702.4477000332881,2.333
27424,AQUA,2018-09-17 00:00:00+00:00,702.4469095939494,3.333
27424,AQUA,2018-09-18 00:00:00+00:00,702.4462147202039,2.333
27424,AQUA,2018-09-19 00:00:00+00:00,702.4455554811484,2.333
27424,AQUA,2018-09-20 00:00:00+00:00,702.4449237780377,0.667
27424,AQUA,2018-09-21 00:00:00+00:00,702.4441722134843,4.333
27424,AQUA,2018-09-22 00:00:00+00:00,702.4439972803862,4.667
27424,AQUA,2018-09-23 00:00:00+00:00,702.4431226150596,3.333
27424,AQUA,2018-09-24 00:00:00+00:00,702.4422981622379,2.333
27424,AQUA,2018-09-25 00:00:00+00:00,702.4415287811371,3.0
27424,AQUA,2018-09-26 00:00:00+00:00,702.4807612797167,2.667
27424,AQUA,2018-09-27 00:00:00+00:00,702.5203890010271,2.333
27424,AQUA,2018-09-28 00:00:00+00:00,702.5198512292845,3.0
27424,AQUA,2018-09-29 00:00:00+00:00,702.5194122650905,3.333
27424,AQUA,2018-09-30 00:00:00+00:00,702.5186056077964,2.333
27424,AQUA,2018-10-01 00:00:00+00:00,702.518033820721,3.667
27424,AQUA,2018-10-02 00:00:00+00:00,702.517269278429,3.667
27424,AQUA,2018-10-03 00:00:00+00:00,702.516470720715,2.333
27424,AQUA,2018-10-04 00:00:00+00:00,702.5156187100943,1.667
27424,AQUA,2018-10-05 00:00:00+00:00,702.5147456424143,3.0
27424,AQUA,2018-10-06 00:00:00+00:00,702.5138126427619,3.0
27424,AQUA,2018-10-07 00:00:00+00:00,702.5130740182558,5.333
27424,AQUA,2018-10-08 00:00:00+00:00,702.5127468206224,4.333
27424,AQUA,2018-10-09 00:00:00+00:00,702.5120243942979,3.667
27424,AQUA,2018-10-10 00:00:00+00:00,702.5110055467089,4.667
27424,AQUA,2018-10-11 00:00:00+00:00,702.5099899390666,3.0
27424,AQUA,2018-10-12 00:00:00+00:00,702.5092642738618,1.667
27424,AQUA,2018-10-13 00:00:00+00:00,702.5080494329759,4.333
27424,AQUA,2018-10-14 00:00:00+00:00,702.5068637487743,2.0
27424,AQUA,2018-10-15 00:00:00+00:00,702.5059307517186,3.0
27424,AQUA,2018-10-16 00:00:00+00:00,702.5050188121868,2.0
27424,AQUA,2018-10-17 00:00:00+00:00,702.5043595594557,1.667
27424,AQUA,2018-10-18 00:00:00+00:00,702.5036306561246,0.333
27424,AQUA,2018-10-19 00:00:00+00:00,702.5027494932419,0.667
27424,AQUA,2018-10-20 00:00:00+00:00,702.5019007263027,0.333
27424,AQUA,2018-10-21 00:00:00+00:00,702.5013921141781,2.0
27424,AQUA,2018-10-22 00:00:00+00:00,702.5002971406129,2.667
27424,AQUA,2018-10-23 00:00:00+00:00,702.4996524670278,1.0
27424,AQUA,2018-10-24 00:00:00+00:00,702.4991470948721,1.333
27424,AQUA,2018-10-25 00:00:00+00:00,702.4982529751223,2.0
27424,AQUA,2018-10-26 00:00:00+00:00,702.4976601350172,2.333
27424,AQUA,2018-10-27 00:00:00+00:00,702.4968210882939,1.667
27424,AQUA,2018-10-28 00:00:00+00:00,702.4957682307822,1.333
27424,AQUA,2018-10-29 00:00:00+00:00,702.4947477692708,0.333
27424,AQUA,2018-10-30 00:00:00+00:00,702.494072321133,2.0
27424,AQUA,2018-10-31 00:00:00+00:00,702.4935750488762,1.667
27424,AQUA,2018-11-01 00:00:00+00:00,702.4927910758415,2.0
27424,AQUA,2018-11-02 00:00:00+00:00,702.4920735139303,2.667
27424,AQUA,2018-11-03 00:00:00+00:00,702.4914385608872,2.0
27424,AQUA,2018-11-04 00:00:00+00:00,702.4904958502484,5.333
27424,AQUA,2018-11-05 00:00:00+00:00,702.4891158001838,5.667
27424,AQUA,2018-11-06 00:00:00+00:00,702.4883690832357,3.667
27424,AQUA,2018-11-07 00:00:00+00:00,702.4873129893194,3.333
27424,AQUA,2018-11-08 00:00:00+00:00,702.4865808508293,4.0
27424,AQUA,2018-11-09 00:00:00+00:00,702.4859653363083,4.0
27424,AQUA,2018-11-10 00:00:00+00:00,702.4853546812719,4.333
27424,AQUA,2018-11-11 00:00:00+00:00,702.4840637212601,3.0
27424,AQUA,2018-11-12 00:00:00+00:00,702.4829395984684,3.333
27424,AQUA,2018-11-13 00:00:00+00:00,702.482129712022,2.0
27424,AQUA,2018-11-14 00:00:00+00:00,702.4811659474653,1.333
27424,AQUA,2018-11-15 00:00:00+00:00,702.480299369482,0.667
27424,AQUA,2018-11-16 00:00:00+00:00,702.5251479614326,1.0
27424,AQUA,2018-11-17 00:00:00+00:00,702.524282989817,0.667
27424,AQUA,2018-11-18 00:00:00+00:00,702.5235330240102,1.0
27424,AQUA,2018-11-19 00:00:00+00:00,702.5227458030881,1.667
27424,AQUA,2018-11-20 00:00:00+00:00,702.521723712056,3.0
27424,AQUA,2018-11-21 00:00:00+00:00,702.5206935224196,2.667
27424,AQUA,2018-11-22 00:00:00+00:00,702.5202221622067,1.0
27424,AQUA,2018-11-23 00:00:00+00:00,702.519383108805,1.0
27424,AQUA,2018-11-24 00:00:00+00:00,702.5186201859242,1.667
27424,AQUA,2018-11-25 00:00:00+00:00,702.51821199798,1.0
27424,AQUA,2018-11-26 00:00:00+00:00,702.5172887159424,0.667
27424,AQUA,2018-11-27 00:00:00+00:00,702.5162714862563,2.333
27424,AQUA,2018-11-28 00:00:00+00:00,702.5157434340581,1.0
27424,AQUA,2018-11-29 00:00:00+00:00,702.5148217726155,2.0
27424,AQUA,2018-11-30 00:00:00+00:00,702.5136539032751,1.333
27424,AQUA,2018-12-01 00:00:00+00:00,702.5130124662255,3.0
27424,AQUA,2018-12-02 00:00:00+00:00,702.5124520188215,3.667
27424,AQUA,2018-12-03 00:00:00+00:00,702.5116372645593,3.0
27424,AQUA,2018-12-04 00:00:00+00:00,702.5110589997494,3.0
27424,AQUA,2018-12-05 00:00:00+00:00,702.5107447606701,2.0
27424,AQUA,2018-12-06 00:00:00+00:00,702.5097323927057,2.0
27424,AQUA,2018-12-07 00:00:00+00:00,702.5086989678439,3.333
27424,AQUA,2018-12-08 00:00:00+00:00,702.5079004125291,3.333
27424,AQUA,2018-12-09 00:00:00+00:00,702.5068799466426,3.667
27424,AQUA,2018-12-10 00:00:00+00:00,702.5060020223164,3.0
27424,AQUA,2018-12-11 00:00:00+00:00,702.5055258051771,2.667
27424,AQUA,2018-12-12 00:00:00+00:00,702.50504634856,2.0
27424,AQUA,2018-12-13 00:00:00+00:00,702.5203048170347,1.0
27424,AQUA,2018-12-14 00:00:00+00:00,702.536322964911,0.667
27424,AQUA,2018-12-15 00:00:00+00:00,702.5351550866949,0.333
27424,AQUA,2018-12-16 00:00:00+00:00,702.5340212248202,0.667
27424,AQUA,2018-12-17 00:00:00+00:00,702.533726420817,2.333
27424,AQUA,2018-12-18 00:00:00+00:00,702.533196745554,2.667
27424,AQUA,2018-12-19 00:00:00+00:00,702.532556923873,2.0
27424,AQUA,2018-12-20 00:00:00+00:00,702.5317697004457,3.0
27424,AQUA,2018-12-21 00:00:00+00:00,702.5312934789727,2.0
27424,AQUA,2018-12-22 00:00:00+00:00,702.5306099231202,1.0
27424,AQUA,2018-12-23 00:00:00+00:00,702.5294452868711,0.667
27424,AQUA,2018-12-24 00:00:00+00:00,702.5288670184236,1.333
27424,AQUA,2018-12-25 00:00:00+00:00,702.5281607859715,1.667
27424,AQUA,2018-12-26 00:00:00+00:00,702.5275242050357,1.0
27424,AQUA,2018-12-27 00:00:00+00:00,702.5272617976707,2.333
27424,AQUA,2018-12-28 00:00:00+00:00,702.526664092089,4.333
27424,AQUA,2018-12-29 00:00:00+00:00,702.5256986925606,3.0
27424,AQUA,2018-12-30 00:00:00+00:00,702.5246976578237,3.0
27424,AQUA,2018-12-31 00:00:00+00:00,702.5241048121798,3.0
27424,AQUA,2019-01-01 00:00:00+00:00,702.5232689972127,2.667
27424,AQUA,2019-01-02 00:00:00+00:00,702.5225417088127,0.333
27424,AQUA,2019-01-03 00:00:00+00:00,702.5220557701159,1.0
27424,AQUA,2019-01-04 00:00:00+00:00,702.5215277168286,3.333
27424,AQUA,2019-01-05 00:00:00+00:00,702.520981845897,5.0
27424,AQUA,2019-01-06 00:00:00+00:00,702.5203031519168,3.0
27424,AQUA,2019-01-07 00:00:00+00:00,702.5192519054772,2.333
27424,AQUA,2019-01-08 00:00:00+00:00,702.5185521546,2.333
27424,AQUA,2019-01-09 00:00:00+00:00,702.5180986124496,1.667
27424,AQUA,2019-01-10 00:00:00+00:00,702.5174571743974,1.333
27424,AQUA,2019-01-11 00:00:00+00:00,702.516689392678,3.333
27424,AQUA,2019-01-12 00:00:00+00:00,702.5163751529608,1.0
27424,AQUA,2019-01-13 00:00:00+00:00,702.5157499132165,1.0
27424,AQUA,2019-01-14 00:00:00+00:00,702.5150112882038,2.667
27424,AQUA,2019-01-15 00:00:00+00:00,702.5146338768218,2.667
27424,AQUA,2019-01-16 00:00:00+00:00,702.5268018027919,2.667
27424,AQUA,2019-01-17 00:00:00+00:00,702.5396581426194,2.667
27424,AQUA,2019-01-18 00:00:00+00:00,702.5392175555362,2.0
27424,AQUA,2019-01-19 00:00:00+00:00,702.5387413328108,2.667
27424,AQUA,2019-01-20 00:00:00+00:00,702.5381096089104,1.667
27424,AQUA,2019-01-21 00:00:00+00:00,702.5378439609553,1.667
27424,AQUA,2019-01-22 00:00:00+00:00,702.5373159047222,2.0
27424,AQUA,2019-01-23 00:00:00+00:00,702.5369222923327,4.0
27424,AQUA,2019-01-24 00:00:00+00:00,702.5357106791807,4.333
27424,AQUA,2019-01-25 00:00:00+00:00,702.5350012054141,3.333
27424,AQUA,2019-01-26 00:00:00+00:00,702.5344844883361,3.0
27424,AQUA,2019-01-27 00:00:00+00:00,702.5337442386358,2.0
27424,AQUA,2019-01-28 00:00:00+00:00,702.5333895019753,0.667
27424,AQUA,2019-01-29 00:00:00+00:00,702.5330153277496,1.667
27651,SORCE,2017-12-02 00:00:00+00:00,601.7475681254709,2.333
27651,SORCE,2017-12-03 00:00:00+00:00,601.7463210309279,0.667
27651,SORCE,2017-12-04 00:00:00+00:00,601.7448363952944,4.0
27651,SORCE,2017-12-05 00:00:00+00:00,601.7430829634886,5.0
27651,SORCE,2017-12-06 00:00:00+00:00,601.7404450039953,4.0
27651,SORCE,2017-12-07 00:00:00+00:00,601.7382930684939,3.333
27651,SORCE,2017-12-08 00:00:00+00:00,601.7365568312584,2.0
27651,SORCE,2017-12-09 00:00:00+00:00,601.7346221235339,1.667
27651,SORCE,2017-12-10 00:00:00+00:00,601.7328249406619,1.333
27651,SORCE,2017-12-11 00:00:00+00:00,601.7308027206373,3.333
27651,SORCE,2017-12-12 00:00:00+00:00,601.7290117912758,4.0
27651,SORCE,2017-12-13 00:00:00+00:00,601.7274865329664,2.667
27651,SORCE,2017-12-14 00:00:00+00:00,601.7261503698742,2.667
27651,SORCE,2017-12-15 00:00:00+00:00,601.7242781798586,1.333
27651,SORCE,2017-12-16 00:00:00+00:00,601.7226560329291,2.0
27651,SORCE,2017-12-17 00:00:00+00:00,601.72038690413,4.667
27651,SORCE,2017-12-18 00:00:00+00:00,601.7180912102576,4.333
27651,SORCE,2017-12-19 00:00:00+00:00,601.7167566144203,2.333
27651,SORCE,2017-12-20 00:00:00+00:00,601.7155486025813,2.0
27651,SORCE,2017-12-21 00:00:00+00:00,601.7136717314306,1.0
27651,SORCE,2017-12-22 00:00:00+00:00,601.7123871458607,1.0
27651,SORCE,2017-12-23 00:00:00+00:00,601.7108962772509,2.667
27651,SORCE,2017-12-24 00:00:00+00:00,601.7089334577386,3.333
27651,SORCE,2017-12-25 00:00:00+00:00,601.7066627774107,3.0
27651,SORCE,2017-12-26 00:00:00+00:00,601.7053656930098,3.667
27651,SORCE,2017-12-27 00:00:00+00:00,601.7030746997598,2.667
27651,SORCE,2017-12-28 00:00:00+00:00,601.7020807905783,1.667
27651,SORCE,2017-12-29 00:00:00+00:00,601.7003633288359,2.333
27651,SORCE,2017-12-30 00:00:00+00:00,601.6991021906751,1.667
27651,SORCE,2017-12-31 00:00:00+00:00,601.6975472565077,2.0
27651,SORCE,2018-01-01 00:00:00+00:00,601.696428329521,3.667
27651,SORCE,2018-01-02 00:00:00+00:00,601.6947905713428,2.0
27651,SORCE,2018-01-03 00:00:00+00:00,601.6938372964614,1.0
27651,SORCE,2018-01-04 00:00:00+00:00,601.6927777552892,1.333
27651,SORCE,2018-01-05 00:00:00+00:00,601.6911306227857,2.0
27651,SORCE,2018-01-06 00:00:00+00:00,601.6895678793221,1.333
27651,SORCE,2018-01-07 00:00:00+00:00,601.6889162155899,1.0
27651,SORCE,2018-01-08 00:00:00+00:00,601.6882989322949,3.667
27651,SORCE,2018-01-09 00:00:00+00:00,601.6868377686528,3.667
27651,SORCE,2018-01-10 00:00:00+00:00,601.6859892001621,1.667
27651,SORCE,2018-01-11 00:00:00+00:00,601.6854328644058,1.0
27651,SORCE,2018-01-12 00:00:00+00:00,601.6843983302642,1.333
27651,SORCE,2018-01-13 00:00:00+00:00,601.6827730810273,3.0
27651,SORCE,2018-01-14 00:00:00+00:00,601.6808852927152,4.667
27651,SORCE,2018-01-15 00:00:00+00:00,601.6853609816235,3.667
27651,SORCE,2018-01-16 00:00:00+00:00,601.6803570872735,2.0
27651,SORCE,2018-01-17 00:00:00+00:00,601.6796476043819,0.667
27651,SORCE,2018-01-18 00:00:00+00:00,601.6788287300797,0.333
27651,SORCE,2018-01-19 00:00:00+00:00,601.6776879323115,2.667
27651,SORCE,2018-01-20 00:00:00+00:00,601.6769159406631,3.0
27651,SORCE,2018-01-21 00:00:00+00:00,601.6758876606164,3.0
27651,SORCE,2018-01-22 00:00:00+00:00,601.6750437836677,3.333
27651,SORCE,2018-01-23 00:00:00+00:00,601.6739295539201,2.0
27651,SORCE,2018-01-24 00:00:00+00:00,601.6730841148246,4.0
27651,SORCE,2018-01-25 00:00:00+00:00,601.6716979703128,3.0
27651,SORCE,2018-01-26 00:00:00+00:00,601.6703805867055,3.0
27651,SORCE,2018-01-27 00:00:00+00:00,601.6688537977057,2.667
27651,SORCE,2018-01-28 00:00:00+00:00,601.667392644225,1.667
27651,SORCE,2018-01-29 00:00:00+00:00,601.6660862017525,1.0
27651,SORCE,2018-01-30 00:00:00+00:00,601.6648110144797,2.333
27651,SORCE,2018-01-31 00:00:00+00:00,601.6635827096443,2.667
27651,SORCE,2018-02-01 00:00:00+00:00,601.6622231362189,2.667
27651,SORCE,2018-02-02 00:00:00+00:00,601.6609041943575,2.0
27651,SORCE,2018-02-03 00:00:00+00:00,601.6598665438582,1.667
27651,SORCE,2018-02-04 00:00:00+00:00,601.6586913738715,2.333
27651,SORCE,2018-02-05 00:00:00+00:00,601.6571911575807,3.0
27651,SORCE,2018-02-06 00:00:00+00:00,601.6559003471289,2.333
27651,SORCE,2018-02-07 00:00:00+00:00,601.6547033006827,1.667
27651,SORCE,2018-02-08 00:00:00+00:00,601.6533468570269,1.333
27651,SORCE,2018-02-09 00:00:00+00:00,601.652177940673,2.667
27651,SORCE,2018-02-10 00:00:00+00:00,601.6513934543168,2.333
27651,SORCE,2018-02-11 00:00:00+00:00,601.6500432631392,0.667
27651,SORCE,2018-02-12 00:00:00+00:00,601.648891538091,1.667
27651,SORCE,2018-02-13 00:00:00+00:00,601.6475616634898,0.667
27651,SORCE,2018-02-14 00:00:00+00:00,601.6458833032648,1.333
27651,SORCE,2018-02-15 00:00:00+00:00,601.644483107797,4.667
27651,SORCE,2018-02-16 00:00:00+00:00,601.6437111253281,2.333
27651,SORCE,2018-02-17 00:00:00+00:00,601.642657854044,3.667
27651,SORCE,2018-02-18 00:00:00+00:00,601.6413998673602,4.0
27651,SORCE,2018-02-19 00:00:00+00:00,601.6397387006946,4.0
27651,SORCE,2018-02-20 00:00:00+00:00,601.6383666371657,2.667
27651,SORCE,2018-02-21 00:00:00+00:00,601.6373946290141,2.0
27651,SORCE,2018-02-22 00:00:00+00:00,601.6357412783391,3.667
27651,SORCE,2018-02-23 00:00:00+00:00,601.6340472981037,4.333
27651,SORCE,2018-02-24 00:00:00+00:00,601.6330987320966,3.333
27651,SORCE,2018-02-25 00:00:00+00:00,601.6314531974813,2.0
27651,SORCE,2018-02-26 00:00:00+00:00,601.6299873754442,3.0
27651,SORCE,2018-02-27 00:00:00+00:00,601.6284152899789,5.333
27651,SORCE,2018-02-28 00:00:00+00:00,601.6266150500937,2.333
27651,SORCE,2018-03-01 00:00:00+00:00,601.6257243067721,2.667
27651,SORCE,2018-03-02 00:00:00+00:00,601.6239428211093,2.667
27651,SORCE,2018-03-03 00:00:00+00:00,601.6225551382809,2.667
27651,SORCE,2018-03-04 00:00:00+00:00,601.6211033852501,2.667
27651,SORCE,2018-03-05 00:00:00+00:00,601.6193640954489,1.333
27651,SORCE,2018-03-06 00:00:00+00:00,601.6180920549232,2.0
27651,SORCE,2018-03-07 00:00:00+00:00,601.6168075133583,2.667
27651,SORCE,2018-03-08 00:00:00+00:00,601.6156292360956,1.667
27651,SORCE,2018-03-09 00:00:00+00:00,601.614375949679,4.333
27651,SORCE,2018-03-10 00:00:00+00:00,601.6132351782462,4.0
27651,SORCE,2018-03-11 00:00:00+00:00,601.6117256101907,2.333
27651,SORCE,2018-03-12 00:00:00+00:00,601.6104270072665,1.0
27651,SORCE,2018-03-13 00:00:00+00:00,601.608725228898,1.0
27651,SORCE,2018-03-14 00:00:00+00:00,601.6074203765838,4.0
27651,SORCE,2018-03-15 00:00:00+00:00,601.6060498916322,4.0
27651,SORCE,2018-03-16 00:00:00+00:00,601.6045309512983,4.333
27651,SORCE,2018-03-17 00:00:00+00:00,601.6029135620256,4.333
27651,SORCE,2018-03-18 00:00:00+00:00,601.6016087124162,6.0
27651,SORCE,2018-03-19 00:00:00+00:00,601.5988927519693,4.333
27651,SORCE,2018-03-20 00:00:00+00:00,601.596948763492,3.0
27651,SORCE,2018-03-21 00:00:00+00:00,601.5954313908046,2.0
27651,SORCE,2018-03-22 00:00:00+00:00,601.5932983193334,3.0
27651,SORCE,2018-03-23 00:00:00+00:00,601.5916668723803,4.0
27651,SORCE,2018-03-24 00:00:00+00:00,601.5898572800224,2.667
27651,SORCE,2018-03-25 00:00:00+00:00,601.588016435122,4.0
27651,SORCE,2018-03-26 00:00:00+00:00,601.5862130958767,3.0
27651,SORCE,2018-03-27 00:00:00+00:00,601.5844972681098,3.0
27651,SORCE,2018-03-28 00:00:00+00:00,601.5829908409587,0.667
27651,SORCE,2018-03-29 00:00:00+00:00,601.5813687761183,1.667
27651,SORCE,2018-03-30 00:00:00+00:00,601.5802436449885,2.333
27651,SORCE,2018-03-31 00:00:00+00:00,601.5788450451223,2.667
27651,SORCE,2018-04-01 00:00:00+00:00,601.5775761484165,1.333
27651,SORCE,2018-04-02 00:00:00+00:00,601.5763525699986,1.667
27651,SORCE,2018-04-03 00:00:00+00:00,601.5751743098062,2.0
27651,SORCE,2018-04-04 00:00:00+00:00,601.5738210301442,1.667
27651,SORCE,2018-04-05 00:00:00+00:00,601.5722989819806,3.0
27651,SORCE,2018-04-06 00:00:00+00:00,601.5715176434114,1.667
27651,SORCE,2018-04-07 00:00:00+00:00,601.5704894021846,2.0
27651,SORCE,2018-04-08 00:00:00+00:00,601.5695142923123,2.333
27651,SORCE,2018-04-09 00:00:00+00:00,601.5682485251991,4.333
27651,SORCE,2018-04-10 00:00:00+00:00,601.5667858616935,4.0
27651,SORCE,2018-04-11 00:00:00+00:00,601.5647684499431,4.333
27651,SORCE,2018-04-12 00:00:00+00:00,601.5634198633693,3.0
27651,SORCE,2018-04-13 00:00:00+00:00,601.5623259928743,3.667
27651,SORCE,2018-04-14 00:00:00+00:00,601.5609789701462,2.0
27651,SORCE,2018-04-15 00:00:00+00:00,601.5593912968402,2.333
27651,SORCE,2018-04-16 00:00:00+00:00,601.5579067606168,1.0
27651,SORCE,2018-04-17 00:00:00+00:00,601.5561128167938,1.0
27651,SORCE,2018-04-18 00:00:00+00:00,601.5544657648898,2.0
27651,SORCE,2018-04-19 00:00:00+00:00,601.5530031086055,1.0
27651,SORCE,2018-04-20 00:00:00+00:00,601.5514310666122,6.0
27651,SORCE,2018-04-21 00:00:00+00:00,601.54877297346,3.333
27651,SORCE,2018-04-22 00:00:00+00:00,601.5476806713732,1.667
27651,SORCE,2018-04-23 00:00:00+00:00,601.5458398542796,3.0
27651,SORCE,2018-04-24 00:00:00+00:00,601.5442271869933,2.0
27651,SORCE,2018-04-25 00:00:00+00:00,601.5412581314399,2.0
27651,SORCE,2018-04-26 00:00:00+00:00,601.5402127121756,1.667
27651,SORCE,2018-04-27 00:00:00+00:00,601.5384344063309,2.667
27651,SORCE,2018-04-28 00:00:00+00:00,601.5375577550421,1.667
27651,SORCE,2018-04-29 00:00:00+00:00,601.5355325511182,1.333
27651,SORCE,2018-04-30 00:00:00+00:00,601.5341261603671,2.333
27651,SORCE,2018-05-01 00:00:00+00:00,601.5326322616356,1.0
27651,SORCE,2018-05-02 00:00:00+00:00,601.5314852729853,2.0
27651,SORCE,2018-05-03 00:00:00+00:00,601.5303789138061,1.333
27651,SORCE,2018-05-04 00:00:00+00:00,601.5293913167179,1.333
27651,SORCE,2018-05-05 00:00:00+00:00,601.5280036808917,5.667
27651,SORCE,2018-05-06 00:00:00+00:00,601.5252159101028,5.667
27651,SORCE,2018-05-07 00:00:00+00:00,601.523353230722,4.0
27651,SORCE,2018-05-08 00:00:00+00:00,601.5217218246353,3.667
27651,SORCE,2018-05-09 00:00:00+00:00,601.5205873416535,4.0
27651,SORCE,2018-05-10 00:00:00+00:00,601.5186090294574,3.333
27651,SORCE,2018-05-11 00:00:00+00:00,601.5168823047175,3.667
27651,SORCE,2018-05-12 00:00:00+00:00,601.5151837086569,3.667
27651,SORCE,2018-05-13 00:00:00+00:00,601.5131928991586,2.333
27651,SORCE,2018-05-14 00:00:00+00:00,601.5114099225971,2.0
27651,SORCE,2018-05-15 00:00:00+00:00,601.5102113754447,1.333
27651,SORCE,2018-05-16 00:00:00+00:00,601.5083049521118,1.333
27651,SORCE,2018-05-17 00:00:00+00:00,601.5067579374136,3.0
27651,SORCE,2018-05-18 00:00:00+00:00,601.505532827392,1.667
27651,SORCE,2018-05-19 00:00:00+00:00,601.5041889573254,1.0
27651,SORCE,2018-05-20 00:00:00+00:00,601.503004477031,1.0
27651,SORCE,2018-05-21 00:00:00+00:00,601.5020075137963,1.0
27651,SORCE,2018-05-22 00:00:00+00:00,601.500769904761,2.0
27651,SORCE,2018-05-23 00:00:00+00:00,601.4993572809772,3.333
27651,SORCE,2018-05-24 00:00:00+00:00,601.4984478266615,1.333
27651,SORCE,2018-05-25 00:00:00+00:00,601.4974321134305,1.333
27651,SORCE,2018-05-26 00:00:00+00:00,601.4964773433303,1.333
27651,SORCE,2018-05-27 00:00:00+00:00,601.4956178942575,1.333
27651,SORCE,2018-05-28 00:00:00+00:00,601.4946912521837,1.667
27651,SORCE,2018-05-29 00:00:00+00:00,601.4939474385365,1.667
27651,SORCE,2018-05-30 00:00:00+00:00,601.4932630051444,1.667
27651,SORCE,2018-05-31 00:00:00+00:00,601.4926317014415,4.333
27651,SORCE,2018-06-01 00:00:00+00:00,601.4916284913916,4.667
27651,SORCE,2018-06-02 00:00:00+00:00,601.4903158806292,4.0
27651,SORCE,2018-06-03 00:00:00+00:00,601.4896611381205,2.667
27651,SORCE,2018-06-04 00:00:00+00:00,601.4886626170191,1.333
27651,SORCE,2018-06-05 00:00:00+00:00,601.4877937945694,1.667
27651,SORCE,2018-06-06 00:00:00+00:00,601.4868999703167,3.667
27651,SORCE,2018-06-07 00:00:00+00:00,601.4857248731341,2.667
27651,SORCE,2018-06-08 00:00:00+00:00,601.4847935464613,2.0
27651,SORCE,2018-06-09 00:00:00+00:00,601.4838747211347,1.333
27651,SORCE,2018-06-10 00:00:00+00:00,601.4830465284822,1.0
27651,SORCE,2018-06-11 00:00:00+00:00,601.482408976568,1.333
27651,SORCE,2018-06-12 00:00:00+00:00,601.4816854803398,1.667
27651,SORCE,2018-06-13 00:00:00+00:00,601.4807947832942,2.0
27651,SORCE,2018-06-14 00:00:00+00:00,601.4795899988039,1.333
27651,SORCE,2018-06-15 00:00:00+00:00,601.4785852308119,1.0
27651,SORCE,2018-06-16 00:00:00+00:00,601.4776367176519,0.667
27651,SORCE,2018-06-17 00:00:00+00:00,601.4766319503697,1.667
27651,SORCE,2018-06-18 00:00:00+00:00,601.4755240502827,4.0
27651,SORCE,2018-06-19 00:00:00+00:00,601.473895797445,2.333
27651,SORCE,2018-06-20 00:00:00+00:00,601.4723097362239,2.333
27651,SORCE,2018-06-21 00:00:00+00:00,601.4715487397489,1.0
27651,SORCE,2018-06-22 00:00:00+00:00,601.4702486394008,1.333
27651,SORCE,2018-06-23 00:00:00+00:00,601.4683766209391,4.0
27651,SORCE,2018-06-24 00:00:00+00:00,601.4667983759982,2.667
27651,SORCE,2018-06-25 00:00:00+00:00,601.4657107939274,5.0
27651,SORCE,2018-06-26 00:00:00+00:00,601.4636184495585,4.667
27651,SORCE,2018-06-27 00:00:00+00:00,601.4618823831206,2.667
27651,SORCE,2018-06-28 00:00:00+00:00,601.4613042154374,1.667
27651,SORCE,2018-06-29 00:00:00+00:00,601.4599322395843,1.333
27651,SORCE,2018-06-30 00:00:00+00:00,601.4589852953768,1.0
27651,SORCE,2018-07-01 00:00:00+00:00,601.4582680556828,0.667
27651,SORCE,2018-07-02 00:00:00+00:00,601.4576226963563,1.0
27651,SORCE,2018-07-03 00:00:00+00:00,601.4571164097324,1.667
27651,SORCE,2018-07-04 00:00:00+00:00,601.4563101015974,1.333
27651,SORCE,2018-07-05 00:00:00+00:00,601.4557006828118,4.667
27651,SORCE,2018-07-06 00:00:00+00:00,601.4550365727514,3.667
27651,SORCE,2018-07-07 00:00:00+00:00,601.4542099512714,2.0
27651,SORCE,2018-07-08 00:00:00+00:00,601.4530942470474,1.333
27651,SORCE,2018-07-09 00:00:00+00:00,601.4523473192594,0.667
27651,SORCE,2018-07-10 00:00:00+00:00,601.4515535133805,2.333
27651,SORCE,2018-07-11 00:00:00+00:00,601.4510862930956,2.667
27651,SORCE,2018-07-12 00:00:00+00:00,601.4502752988747,2.667
27651,SORCE,2018-07-13 00:00:00+00:00,601.4492783544715,2.667
27651,SORCE,2018-07-14 00:00:00+00:00,601.4482126556741,1.667
27651,SORCE,2018-07-15 00:00:00+00:00,601.4471032042793,1.333
27651,SORCE,2018-07-16 00:00:00+00:00,601.4459406246988,2.667
27651,SORCE,2018-07-17 00:00:00+00:00,601.4448499254804,3.0
27651,SORCE,2018-07-18 00:00:00+00:00,601.4438404821703,1.0
27651,SORCE,2018-07-19 00:00:00+00:00,601.4429201077046,1.0
27651,SORCE,2018-07-20 00:00:00+00:00,601.4420841141837,2.0
27651,SORCE,2018-07-21 00:00:00+00:00,601.4413371893424,3.333
27651,SORCE,2018-07-22 00:00:00+00:00,601.440462131206,1.333
27651,SORCE,2018-07-23 00:00:00+00:00,601.4395870733442,1.0
27651,SORCE,2018-07-24 00:00:00+00:00,601.4388370239658,4.0
27651,SORCE,2018-07-25 00:00:00+00:00,601.4382244837907,3.333
27651,SORCE,2018-07-26 00:00:00+00:00,601.4377275762981,1.333
27651,SORCE,2018-07-27 00:00:00+00:00,601.4371025355513,1.667
27651,SORCE,2018-07-28 00:00:00+00:00,601.4365212477842,2.0
27651,SORCE,2018-07-29 00:00:00+00:00,601.4358493292784,1.333
27651,SORCE,2018-07-30 00:00:00+00:00,601.4348867672343,2.0
27651,SORCE,2018-07-31 00:00:00+00:00,601.4344336131489,2.333
27651,SORCE,2018-08-01 00:00:00+00:00,601.4337945097395,2.333
27651,SORCE,2018-08-02 00:00:00+00:00,601.4330194603253,2.667
27651,SORCE,2018-08-03 00:00:00+00:00,601.432297539498,2.667
27651,SORCE,2018-08-04 00:00:00+00:00,601.4315834318445,2.0
27651,SORCE,2018-08-05 00:00:00+00:00,601.4305177397964,2.0
27651,SORCE,2018-08-06 00:00:00+00:00,601.4297270653169,1.0
27651,SORCE,2018-08-07 00:00:00+00:00,601.429008270532,3.0
27651,SORCE,2018-08-08 00:00:00+00:00,601.4279925825622,1.667
27651,SORCE,2018-08-09 00:00:00+00:00,601.4274409860359,1.333
27651,SORCE,2018-08-10 00:00:00+00:00,601.4265268673607,1.333
27651,SORCE,2018-08-11 00:00:00+00:00,601.4256674398039,3.667
27651,SORCE,2018-08-12 00:00:00+00:00,601.4244236142677,2.0
27651,SORCE,2018-08-13 00:00:00+00:00,601.4230547817015,1.333
27651,SORCE,2018-08-14 00:00:00+00:00,601.4222297322822,1.333
27651,SORCE,2018-08-15 00:00:00+00:00,601.4214937509478,4.0
27651,SORCE,2018-08-16 00:00:00+00:00,601.4198983439555,3.667
27651,SORCE,2018-08-17 00:00:00+00:00,601.4187029612885,4.0
27651,SORCE,2018-08-18 00:00:00+00:00,601.4174575762249,3.333
27651,SORCE,2018-08-19 00:00:00+00:00,601.416354387411,2.667
27651,SORCE,2018-08-20 00:00:00+00:00,601.4150293113398,4.0
27651,SORCE,2018-08-22 00:00:00+00:00,601.4131620177086,2.333
27651,SORCE,2018-08-23 00:00:00+00:00,601.4122010260762,1.667
27651,SORCE,2018-08-24 00:00:00+00:00,601.4109025159555,2.667
27651,SORCE,2018-08-25 00:00:00+00:00,601.4097055745501,4.333
27651,SORCE,2018-08-26 00:00:00+00:00,601.4066038423571,7.333
27651,SORCE,2018-08-27 00:00:00+00:00,601.405306897424,5.667
27651,SORCE,2018-08-28 00:00:00+00:00,601.4028208275554,3.667
27651,SORCE,2018-08-29 00:00:00+00:00,601.401825462679,2.333
27651,SORCE,2018-08-30 00:00:00+00:00,601.4009488543452,1.667
27651,SORCE,2018-08-31 00:00:00+00:00,601.3994972165565,2.333
27651,SORCE,2018-09-01 00:00:00+00:00,601.3984987277063,2.0
27651,SORCE,2018-09-02 00:00:00+00:00,601.3974127347537,2.0
27651,SORCE,2018-09-03 00:00:00+00:00,601.3965095639624,1.333
27651,SORCE,2018-09-04 00:00:00+00:00,601.3956329573075,3.0
27651,SORCE,2018-09-05 00:00:00+00:00,601.3945407151541,3.333
27651,SORCE,2018-09-06 00:00:00+00:00,601.3934469108608,2.0
27651,SORCE,2018-09-07 00:00:00+00:00,601.3923906088366,2.333
27651,SORCE,2018-09-08 00:00:00+00:00,601.3913249317548,2.333
27651,SORCE,2018-09-09 00:00:00+00:00,601.3902483170527,2.667
27651,SORCE,2018-09-10 00:00:00+00:00,601.3892592069578,5.0
27651,SORCE,2018-09-11 00:00:00+00:00,601.3877231962424,6.0
27651,SORCE,2018-09-12 00:00:00+00:00,601.3860715559567,4.0
27651,SORCE,2018-09-13 00:00:00+00:00,601.3845996124578,4.0
27651,SORCE,2018-09-14 00:00:00+00:00,601.3831432954494,4.333
27651,SORCE,2018-09-15 00:00:00+00:00,601.3819057391293,2.667
27651,SORCE,2018-09-16 00:00:00+00:00,601.3804744246308,2.333
27651,SORCE,2018-09-17 00:00:00+00:00,601.3793915638371,3.333
27651,SORCE,2018-09-18 00:00:00+00:00,601.3783446425336,2.333
27651,SORCE,2018-09-19 00:00:00+00:00,601.3770789620894,2.333
27651,SORCE,2018-09-20 00:00:00+00:00,601.3761117326048,0.667
27651,SORCE,2018-09-22 00:00:00+00:00,601.3741866500441,4.667
27651,SORCE,2018-09-23 00:00:00+00:00,601.3715318508757,3.333
27651,SORCE,2018-09-24 00:00:00+00:00,601.3708896367261,2.333
27651,SORCE,2018-09-25 00:00:00+00:00,601.3697395893951,3.0
27651,SORCE,2018-09-26 00:00:00+00:00,601.3685645415235,2.667
27651,SORCE,2018-09-27 00:00:00+00:00,601.3673613680212,2.333
27651,SORCE,2018-09-28 00:00:00+00:00,601.3662160098406,3.0
27651,SORCE,2018-09-29 00:00:00+00:00,601.3648831447558,3.333
27651,SORCE,2018-09-30 00:00:00+00:00,601.3630143221576,2.333
27651,SORCE,2018-10-01 00:00:00+00:00,601.3618392770559,3.667
27651,SORCE,2018-10-02 00:00:00+00:00,601.3599126417971,3.667
27651,SORCE,2018-10-03 00:00:00+00:00,601.3585969678702,2.333
27651,SORCE,2018-10-04 00:00:00+00:00,601.3569828461532,1.667
27651,SORCE,2018-10-05 00:00:00+00:00,601.3553749756206,3.0
27651,SORCE,2018-10-06 00:00:00+00:00,601.3537921068951,3.0
27651,SORCE,2018-10-07 00:00:00+00:00,601.351760786054,5.333
27651,SORCE,2018-10-08 00:00:00+00:00,601.3501138547035,4.333
27651,SORCE,2018-10-09 00:00:00+00:00,601.3490716320998,3.667
27651,SORCE,2018-10-10 00:00:00+00:00,601.3475918953222,4.667
27651,SORCE,2018-10-11 00:00:00+00:00,601.3455574539021,3.0
27651,SORCE,2018-10-12 00:00:00+00:00,601.3440636561181,1.667
27651,SORCE,2018-10-13 00:00:00+00:00,601.341594828732,4.333
27651,SORCE,2018-10-14 00:00:00+00:00,601.3404166677319,2.0
27651,SORCE,2018-10-15 00:00:00+00:00,601.3384416081776,3.0
27651,SORCE,2018-10-16 00:00:00+00:00,601.3368743745077,2.0
27651,SORCE,2018-10-17 00:00:00+00:00,601.33571496592,1.667
27651,SORCE,2018-10-18 00:00:00+00:00,601.3343446143417,0.333
27651,SORCE,2018-10-19 00:00:00+00:00,601.3334711522944,0.667
27651,SORCE,2018-10-20 00:00:00+00:00,601.3327164437833,0.333
27651,SORCE,2018-10-21 00:00:00+00:00,601.3314085953843,2.0
27651,SORCE,2018-10-22 00:00:00+00:00,601.3300944974185,2.667
27651,SORCE,2018-10-23 00:00:00+00:00,601.3288444642667,1.0
27651,SORCE,2018-10-24 00:00:00+00:00,601.3273866138061,1.333
27651,SORCE,2018-10-25 00:00:00+00:00,601.3258568872761,2.0
27651,SORCE,2018-10-26 00:00:00+00:00,601.324791235591,2.333
27651,SORCE,2018-10-27 00:00:00+00:00,601.3235912060354,1.667
27651,SORCE,2018-10-28 00:00:00+00:00,601.3223427383236,1.333
27651,SORCE,2018-10-29 00:00:00+00:00,601.3211114590745,0.333
27651,SORCE,2018-10-30 00:00:00+00:00,601.3201067481104,2.0
27651,SORCE,2018-10-31 00:00:00+00:00,601.3188379690014,1.667
27651,SORCE,2018-11-01 00:00:00+00:00,601.317522314419,2.0
27651,SORCE,2018-11-02 00:00:00+00:00,601.316272286891,2.667
27651,SORCE,2018-11-03 00:00:00+00:00,601.3150316351212,2.0
27651,SORCE,2018-11-04 00:00:00+00:00,601.3140409891594,5.333
27651,SORCE,2018-11-05 00:00:00+00:00,601.3124722066909,5.667
27651,SORCE,2018-11-06 00:00:00+00:00,601.3101955985385,3.667
27651,SORCE,2018-11-07 00:00:00+00:00,601.3082189979559,3.333
27651,SORCE,2018-11-08 00:00:00+00:00,601.3065220913732,4.0
27651,SORCE,2018-11-09 00:00:00+00:00,601.3050658150933,4.0
27651,SORCE,2018-11-10 00:00:00+00:00,601.3032392207256,4.333
27651,SORCE,2018-11-11 00:00:00+00:00,601.3016110683025,3.0
27651,SORCE,2018-11-12 00:00:00+00:00,601.2999907294552,3.333
27651,SORCE,2018-11-13 00:00:00+00:00,601.298451642796,2.0
27651,SORCE,2018-11-14 00:00:00+00:00,601.2972281867033,1.333
27651,SORCE,2018-11-15 00:00:00+00:00,601.2958531664481,0.667
27651,SORCE,2018-11-16 00:00:00+00:00,601.2947156502023,1.0
27651,SORCE,2018-11-17 00:00:00+00:00,601.2934515702154,0.667
27651,SORCE,2018-11-18 00:00:00+00:00,601.2925499955554,1.0
27651,SORCE,2018-11-19 00:00:00+00:00,601.2913468548113,1.667
27651,SORCE,2018-11-20 00:00:00+00:00,601.2899499621817,3.0
27651,SORCE,2018-11-21 00:00:00+00:00,601.2887108846285,2.667
27651,SORCE,2018-11-22 00:00:00+00:00,601.2870843032365,1.0
27651,SORCE,2018-11-23 00:00:00+00:00,601.2858608521201,1.0
27651,SORCE,2018-11-24 00:00:00+00:00,601.2845639632737,1.667
27651,SORCE,2018-11-25 00:00:00+00:00,601.2834561394266,1.0
27651,SORCE,2018-11-26 00:00:00+00:00,601.2827405073058,0.667
27651,SORCE,2018-11-27 00:00:00+00:00,601.2815717461103,2.333
27651,SORCE,2018-11-28 00:00:00+00:00,601.2802529840797,1.0
27651,SORCE,2018-11-29 00:00:00+00:00,601.2792201625898,2.0
27651,SORCE,2018-11-30 00:00:00+00:00,601.2778857765302,1.333
27651,SORCE,2018-12-01 00:00:00+00:00,601.2763873273498,3.0
27651,SORCE,2018-12-02 00:00:00+00:00,601.275543571137,3.667
27651,SORCE,2018-12-03 00:00:00+00:00,601.2747904408097,3.0
27651,SORCE,2018-12-04 00:00:00+00:00,601.2736966834318,3.0
27651,SORCE,2018-12-05 00:00:00+00:00,601.2723279248039,2.0
27651,SORCE,2018-12-06 00:00:00+00:00,601.2715951080363,2.0
27651,SORCE,2018-12-07 00:00:00+00:00,601.2703810387275,3.333
27651,SORCE,2018-12-08 00:00:00+00:00,601.269196657664,3.333
27651,SORCE,2018-12-09 00:00:00+00:00,601.2681607151771,3.667
27651,SORCE,2018-12-10 00:00:00+00:00,601.2668778971056,3.0
27651,SORCE,2018-12-11 00:00:00+00:00,601.2660872689712,2.667
27651,SORCE,2018-12-12 00:00:00+00:00,601.2654810167187,2.0
27651,SORCE,2018-12-13 00:00:00+00:00,601.2649091397152,1.0
27651,SORCE,2018-12-14 00:00:00+00:00,601.264146637227,0.667
27651,SORCE,2018-12-15 00:00:00+00:00,601.263062259045,0.333
27651,SORCE,2018-12-16 00:00:00+00:00,601.2623497571858,0.667
27651,SORCE,2018-12-17 00:00:00+00:00,601.2613778799387,2.333
27651,SORCE,2018-12-18 00:00:00+00:00,601.2606997535713,2.667
27651,SORCE,2018-12-19 00:00:00+00:00,601.2595700641814,2.0
27651,SORCE,2018-12-20 00:00:00+00:00,601.2579075621907,3.0
27651,SORCE,2018-12-21 00:00:00+00:00,601.2567606863945,2.0
27651,SORCE,2018-12-22 00:00:00+00:00,601.2554825610732,1.0
27651,SORCE,2018-12-23 00:00:00+00:00,601.2542528738104,0.667
27651,SORCE,2018-12-24 00:00:00+00:00,601.2531184995123,1.333
27651,SORCE,2018-12-25 00:00:00+00:00,601.2521153755179,1.667
27651,SORCE,2018-12-26 00:00:00+00:00,601.2512263142116,1.0
27651,SORCE,2018-12-27 00:00:00+00:00,601.2500153787887,2.333
27651,SORCE,2018-12-28 00:00:00+00:00,601.2483247575701,4.333
27651,SORCE,2018-12-29 00:00:00+00:00,601.2468935115712,3.0
27651,SORCE,2018-12-30 00:00:00+00:00,601.2454528913413,3.0
27651,SORCE,2018-12-31 00:00:00+00:00,601.2439341471718,3.0
27651,SORCE,2019-01-01 00:00:00+00:00,601.2424716535688,2.667
27651,SORCE,2019-01-02 00:00:00+00:00,601.2414169711583,0.333
27651,SORCE,2019-01-03 00:00:00+00:00,601.2398529169386,1.0
27651,SORCE,2019-01-04 00:00:00+00:00,601.2391779207819,3.333
27651,SORCE,2019-01-05 00:00:00+00:00,601.2378716786843,5.0
27651,SORCE,2019-01-06 00:00:00+00:00,601.2368451228444,3.0
27651,SORCE,2019-01-07 00:00:00+00:00,601.2355388818278,2.333
27651,SORCE,2019-01-08 00:00:00+00:00,601.2343326406763,2.333
27651,SORCE,2019-01-09 00:00:00+00:00,601.2330092134775,1.667
27651,SORCE,2019-01-10 00:00:00+00:00,601.2316623496263,1.333
27651,SORCE,2019-01-11 00:00:00+00:00,601.2309373558701,3.333
27651,SORCE,2019-01-12 00:00:00+00:00,601.2299904893334,1.0
27651,SORCE,2019-01-13 00:00:00+00:00,601.2291217473785,1.0
27651,SORCE,2019-01-14 00:00:00+00:00,601.227631136815,2.667
27651,SORCE,2019-01-15 00:00:00+00:00,601.2272030161166,2.667
27651,SORCE,2019-01-16 00:00:00+00:00,601.2262561508387,2.667
27651,SORCE,2019-01-17 00:00:00+00:00,601.2252483490497,2.667
27651,SORCE,2019-01-18 00:00:00+00:00,601.2243749211211,2.0
27651,SORCE,2019-01-19 00:00:00+00:00,601.2233483702216,2.667
27651,SORCE,2019-01-20 00:00:00+00:00,601.2223202572231,1.667
27651,SORCE,2019-01-21 00:00:00+00:00,601.2210499600806,1.667
27651,SORCE,2019-01-22 00:00:00+00:00,601.2197515388525,2.0
27651,SORCE,2019-01-23 00:00:00+00:00,601.2192374829665,4.0
27651,SORCE,2019-01-24 00:00:00+00:00,601.2181406223963,4.333
27651,SORCE,2019-01-25 00:00:00+00:00,601.2162125238056,3.333
27651,SORCE,2019-01-26 00:00:00+00:00,601.2154906590617,3.0
27651,SORCE,2019-01-27 00:00:00+00:00,601.2146375463644,2.0
27651,SORCE,2019-01-28 00:00:00+00:00,601.2130891319416,0.667
27651,SORCE,2019-01-29 00:00:00+00:00,601.2116469666507,1.667
33591,NOAA 19,2017-12-02 00:00:00+00:00,851.7376536219735,2.333
33591,NOAA 19,2017-12-03 00:00:00+00:00,851.7369232457659,0.667
33591,NOAA 19,2017-12-04 00:00:00+00:00,851.7357184667317,4.0
33591,NOAA 19,2017-12-05 00:00:00+00:00,851.7349027667524,5.0
33591,NOAA 19,2017-12-06 00:00:00+00:00,851.7339368963712,4.0
33591,NOAA 19,2017-12-07 00:00:00+00:00,851.7331109579973,3.333
33591,NOAA 19,2017-12-08 00:00:00+00:00,851.732363518101,2.0
33591,NOAA 19,2017-12-09 00:00:00+00:00,851.7313976485675,1.667
33591,NOAA 19,2017-12-10 00:00:00+00:00,851.7303498682022,1.333
33591,NOAA 19,2017-12-11 00:00:00+00:00,851.7291723956059,3.333
33591,NOAA 19,2017-12-12 00:00:00+00:00,851.7280256401473,4.0
33591,NOAA 19,2017-12-13 00:00:00+00:00,851.7269130147488,2.667
33591,NOAA 19,2017-12-14 00:00:00+00:00,851.72588400729,2.667
33591,NOAA 19,2017-12-15 00:00:00+00:00,851.7250597776901,1.333
33591,NOAA 19,2017-12-16 00:00:00+00:00,851.7240768458096,2.0
33591,NOAA 19,2017-12-17 00:00:00+00:00,851.7231348697369,4.667
33591,NOAA 19,2017-12-18 00:00:00+00:00,851.7221894810173,4.333
33591,NOAA 19,2017-12-19 00:00:00+00:00,851.7214864123498,2.333
33591,NOAA 19,2017-12-20 00:00:00+00:00,851.7206246415221,2.0
33591,NOAA 19,2017-12-21 00:00:00+00:00,851.7193328390081,1.0
33591,NOAA 19,2017-12-22 00:00:00+00:00,851.7182185104807,1.0
33591,NOAA 19,2017-12-23 00:00:00+00:00,851.7173055463763,2.667
33591,NOAA 19,2017-12-24 00:00:00+00:00,851.7160717654601,3.333
33591,NOAA 19,2017-12-25 00:00:00+00:00,851.7151366178832,3.0
33591,NOAA 19,2017-12-26 00:00:00+00:00,851.7143874761559,3.667
33591,NOAA 19,2017-12-27 00:00:00+00:00,851.7133311695966,2.667
33591,NOAA 19,2017-12-28 00:00:00+00:00,851.7123380028734,1.667
33591,NOAA 19,2017-12-29 00:00:00+00:00,851.7112407417558,2.333
33591,NOAA 19,2017-12-30 00:00:00+00:00,851.7100462122357,1.667
33591,NOAA 19,2017-12-31 00:00:00+00:00,851.70912130542,2.0
33591,NOAA 19,2018-01-01 00:00:00+00:00,851.7082271153604,3.667
33591,NOAA 19,2018-01-02 00:00:00+00:00,851.7075598859337,2.0
33591,NOAA 19,2018-01-03 00:00:00+00:00,851.7065991440895,1.0
33591,NOAA 19,2018-01-04 00:00:00+00:00,851.7059131438973,1.333
33591,NOAA 19,2018-01-05 00:00:00+00:00,851.7049438702634,2.0
33591,NOAA 19,2018-01-06 00:00:00+00:00,851.7040019004235,1.333
33591,NOAA 19,2018-01-07 00:00:00+00:00,851.7031230701377,1.0
33591,NOAA 19,2018-01-08 00:00:00+00:00,851.7019746185424,3.667
33591,NOAA 19,2018-01-09 00:00:00+00:00,851.7008227544775,3.667
33591,NOAA 19,2018-01-10 00:00:00+00:00,851.6999609898057,1.667
33591,NOAA 19,2018-01-11 00:00:00+00:00,851.6991043447856,1.0
33591,NOAA 19,2018-01-12 00:00:00+00:00,851.6982084513602,1.333
33591,NOAA 19,2018-01-13 00:00:00+00:00,851.6973432745426,3.0
33591,NOAA 19,2018-01-14 00:00:00+00:00,851.6962647901933,4.667
33591,NOAA 19,2018-01-15 00:00:00+00:00,851.6951828933197,3.667
33591,NOAA 19,2018-01-16 00:00:00+00:00,851.6941487777631,2.0
33591,NOAA 19,2018-01-17 00:00:00+00:00,851.693457661142,0.667
33591,NOAA 19,2018-01-18 00:00:00+00:00,851.6926283214052,0.333
33591,NOAA 19,2018-01-19 00:00:00+00:00,851.6915856744627,2.667
33591,NOAA 19,2018-01-20 00:00:00+00:00,851.6910191299685,3.0
33591,NOAA 19,2018-01-21 00:00:00+00:00,851.6901385971742,3.0
33591,NOAA 19,2018-01-22 00:00:00+00:00,851.6893075519365,3.333
33591,NOAA 19,2018-01-23 00:00:00+00:00,851.6883553484404,2.0
33591,NOAA 19,2018-01-24 00:00:00+00:00,851.6873417128127,4.0
33591,NOAA 19,2018-01-25 00:00:00+00:00,851.6861352479727,3.0
33591,NOAA 19,2018-01-26 00:00:00+00:00,851.6851130808377,3.0
33591,NOAA 19,2018-01-27 00:00:00+00:00,851.6842291369303,2.667
33591,NOAA 19,2018-01-28 00:00:00+00:00,851.6834032127535,1.667
33591,NOAA 19,2018-01-29 00:00:00+00:00,851.6827138051499,1.0
33591,NOAA 19,2018-01-30 00:00:00+00:00,851.6819424879272,2.333
33591,NOAA 19,2018-01-31 00:00:00+00:00,851.6810636643481,2.667
33591,NOAA 19,2018-02-01 00:00:00+00:00,851.6801285280999,2.667
33591,NOAA 19,2018-02-02 00:00:00+00:00,851.679195098603,2.0
33591,NOAA 19,2018-02-03 00:00:00+00:00,851.6782923855353,1.667
33591,NOAA 19,2018-02-04 00:00:00+00:00,851.6774391598369,2.333
33591,NOAA 19,2018-02-05 00:00:00+00:00,851.676591053737,3.0
33591,NOAA 19,2018-02-06 00:00:00+00:00,851.6758521607003,2.333
33591,NOAA 19,2018-02-07 00:00:00+00:00,851.6750962033543,1.667
33591,NOAA 19,2018-02-08 00:00:00+00:00,851.6739716531738,1.333
33591,NOAA 19,2018-02-09 00:00:00+00:00,851.6731952189402,2.667
33591,NOAA 19,2018-02-10 00:00:00+00:00,851.6722242498254,2.333
33591,NOAA 19,2018-02-11 00:00:00+00:00,851.6711628393218,0.667
33591,NOAA 19,2018-02-12 00:00:00+00:00,851.6702481836319,1.667
33591,NOAA 19,2018-02-13 00:00:00+00:00,851.6693301153391,0.667
33591,NOAA 19,2018-02-14 00:00:00+00:00,851.6685485630105,1.333
33591,NOAA 19,2018-02-15 00:00:00+00:00,851.667843800938,4.667
33591,NOAA 19,2018-02-16 00:00:00+00:00,851.6671748743852,2.333
33591,NOAA 19,2018-02-17 00:00:00+00:00,851.6664018548618,3.667
33591,NOAA 19,2018-02-18 00:00:00+00:00,851.6655025586756,4.0
33591,NOAA 19,2018-02-19 00:00:00+00:00,851.6645708403485,4.0
33591,NOAA 19,2018-02-20 00:00:00+00:00,851.6633166045985,2.667
33591,NOAA 19,2018-02-21 00:00:00+00:00,851.6624702090849,2.0
33591,NOAA 19,2018-02-22 00:00:00+00:00,851.6617023101521,3.667
33591,NOAA 19,2018-02-23 00:00:00+00:00,851.6608388506966,4.333
33591,NOAA 19,2018-02-24 00:00:00+00:00,851.6601665128755,3.333
33591,NOAA 19,2018-02-25 00:00:00+00:00,851.6591938416973,2.0
33591,NOAA 19,2018-02-26 00:00:00+00:00,851.6583099057152,3.0
33591,NOAA 19,2018-02-27 00:00:00+00:00,851.6575044662095,5.333
33591,NOAA 19,2018-02-28 00:00:00+00:00,851.6562877751853,2.333
33591,NOAA 19,2018-03-01 00:00:00+00:00,851.6555352358255,2.667
33591,NOAA 19,2018-03-02 00:00:00+00:00,851.6545915756456,2.667
33591,NOAA 19,2018-03-03 00:00:00+00:00,851.6539533680261,2.667
33591,NOAA 19,2018-03-04 00:00:00+00:00,851.653194003532,2.667
33591,NOAA 19,2018-03-05 00:00:00+00:00,851.6524397585458,1.333
33591,NOAA 19,2018-03-06 00:00:00+00:00,851.651578008295,2.0
33591,NOAA 19,2018-03-07 00:00:00+00:00,851.6507264969109,2.667
33591,NOAA 19,2018-03-08 00:00:00+00:00,851.6498664535984,1.667
33591,NOAA 19,2018-03-09 00:00:00+00:00,851.6486787751714,4.333
33591,NOAA 19,2018-03-10 00:00:00+00:00,851.6476924563835,4.0
33591,NOAA 19,2018-03-11 00:00:00+00:00,851.6469313870939,2.333
33591,NOAA 19,2018-03-12 00:00:00+00:00,851.6460747577812,1.0
33591,NOAA 19,2018-03-13 00:00:00+00:00,851.6452761474156,1.0
33591,NOAA 19,2018-03-14 00:00:00+00:00,851.6443495548992,4.0
33591,NOAA 19,2018-03-15 00:00:00+00:00,851.6433205768117,4.0
33591,NOAA 19,2018-03-16 00:00:00+00:00,851.6425902244246,4.333
33591,NOAA 19,2018-03-17 00:00:00+00:00,851.6416448620348,4.333
33591,NOAA 19,2018-03-18 00:00:00+00:00,851.6404810769977,6.0
33591,NOAA 19,2018-03-19 00:00:00+00:00,851.6395357152878,4.333
33591,NOAA 19,2018-03-20 00:00:00+00:00,851.6388224281436,3.0
33591,NOAA 19,2018-03-21 00:00:00+00:00,851.6380750126182,2.0
33591,NOAA 19,2018-03-22 00:00:00+00:00,851.6372627530418,3.0
33591,NOAA 19,2018-03-23 00:00:00+00:00,851.6363037409783,4.0
33591,NOAA 19,2018-03-24 00:00:00+00:00,851.6352355179488,2.667
33591,NOAA 19,2018-03-25 00:00:00+00:00,851.6341434053575,4.0
33591,NOAA 19,2018-03-26 00:00:00+00:00,851.6328908892488,3.0
33591,NOAA 19,2018-03-27 00:00:00+00:00,851.6319062822686,3.0
33591,NOAA 19,2018-03-28 00:00:00+00:00,851.63105136382,0.667
33591,NOAA 19,2018-03-29 00:00:00+00:00,851.6302459319086,1.667
33591,NOAA 19,2018-03-30 00:00:00+00:00,851.6295974911268,2.333
33591,NOAA 19,2018-03-31 00:00:00+00:00,851.6288739678994,2.667
33591,NOAA 19,2018-04-01 00:00:00+00:00,851.6280036925591,1.333
33591,NOAA 19,2018-04-02 00:00:00+00:00,851.627112940424,1.667
33591,NOAA 19,2018-04-03 00:00:00+00:00,851.6261607574088,2.0
33591,NOAA 19,2018-04-04 00:00:00+00:00,851.6248707035147,1.667
33591,NOAA 19,2018-04-05 00:00:00+00:00,851.624136942939,3.0
33591,NOAA 19,2018-04-06 00:00:00+00:00,851.6231847609047,1.667
33591,NOAA 19,2018-04-07 00:00:00+00:00,851.6224783034686,2.0
33591,NOAA 19,2018-04-08 00:00:00+00:00,851.6216899381279,2.333
33591,NOAA 19,2018-04-09 00:00:00+00:00,851.6207309312285,4.333
33591,NOAA 19,2018-04-10 00:00:00+00:00,851.6197480348073,4.0
33591,NOAA 19,2018-04-11 00:00:00+00:00,851.618533066081,4.333
33591,NOAA 19,2018-04-12 00:00:00+00:00,851.6174341341348,3.0
33591,NOAA 19,2018-04-13 00:00:00+00:00,851.6162942486485,3.667
33591,NOAA 19,2018-04-14 00:00:00+00:00,851.6156219211844,2.0
33591,NOAA 19,2018-04-15 00:00:00+00:00,851.6147379985177,2.333
33591,NOAA 19,2018-04-16 00:00:00+00:00,851.61401106618,1.0
33591,NOAA 19,2018-04-17 00:00:00+00:00,851.6132022261891,1.0
33591,NOAA 19,2018-04-18 00:00:00+00:00,851.6122978273115,2.0
33591,NOAA 19,2018-04-19 00:00:00+00:00,851.6113763645935,1.0
33591,NOAA 19,2018-04-20 00:00:00+00:00,851.6102706097199,6.0
33591,NOAA 19,2018-04-21 00:00:00+00:00,851.609127314231,3.333
33591,NOAA 19,2018-04-22 00:00:00+00:00,851.6080659268819,1.667
33591,NOAA 19,2018-04-23 00:00:00+00:00,851.607202483442,3.0
33591,NOAA 19,2018-04-24 00:00:00+00:00,851.606260545439,2.0
33591,NOAA 19,2018-04-25 00:00:00+00:00,851.6052554706289,2.0
33591,NOAA 19,2018-04-26 00:00:00+00:00,851.6044756420188,1.667
33591,NOAA 19,2018-04-27 00:00:00+00:00,851.6035951355761,2.667
33591,NOAA 19,2018-04-28 00:00:00+00:00,851.6027146294,1.667
33591,NOAA 19,2018-04-29 00:00:00+00:00,851.6017078494106,1.333
33591,NOAA 19,2018-04-30 00:00:00+00:00,851.6007625003849,2.333
33591,NOAA 19,2018-05-01 00:00:00+00:00,851.5998512797769,1.0
33591,NOAA 19,2018-05-02 00:00:00+00:00,851.5989810131696,2.0
33591,NOAA 19,2018-05-03 00:00:00+00:00,851.5982643232223,1.333
33591,NOAA 19,2018-05-04 00:00:00+00:00,851.5977387507028,1.333
33591,NOAA 19,2018-05-05 00:00:00+00:00,851.596943566492,5.667
33591,NOAA 19,2018-05-06 00:00:00+00:00,851.5958139274944,5.667
33591,NOAA 19,2018-05-07 00:00:00+00:00,851.5947184169863,4.0
33591,NOAA 19,2018-05-08 00:00:00+00:00,851.5936740989437,3.667
33591,NOAA 19,2018-05-09 00:00:00+00:00,851.5926673221011,4.0
33591,NOAA 19,2018-05-10 00:00:00+00:00,851.5915683999838,3.333
33591,NOAA 19,2018-05-11 00:00:00+00:00,851.5905855134743,3.667
33591,NOAA 19,2018-05-12 00:00:00+00:00,851.5898654128059,3.667
33591,NOAA 19,2018-05-13 00:00:00+00:00,851.5890036812038,2.333
33591,NOAA 19,2018-05-14 00:00:00+00:00,851.5880532171313,2.0
33591,NOAA 19,2018-05-15 00:00:00+00:00,851.5871539453174,1.333
33591,NOAA 19,2018-05-16 00:00:00+00:00,851.5861130427966,1.333
33591,NOAA 19,2018-05-17 00:00:00+00:00,851.5850380127281,3.0
33591,NOAA 19,2018-05-18 00:00:00+00:00,851.584225768046,1.667
33591,NOAA 19,2018-05-19 00:00:00+00:00,851.5833981660289,1.0
33591,NOAA 19,2018-05-20 00:00:00+00:00,851.5826917183126,1.0
33591,NOAA 19,2018-05-21 00:00:00+00:00,851.5820159858754,1.0
33591,NOAA 19,2018-05-22 00:00:00+00:00,851.5810757624768,2.0
33591,NOAA 19,2018-05-23 00:00:00+00:00,851.580109943468,3.333
33591,NOAA 19,2018-05-24 00:00:00+00:00,851.5791185288863,1.333
33591,NOAA 19,2018-05-25 00:00:00+00:00,851.5781237018582,1.333
33591,NOAA 19,2018-05-26 00:00:00+00:00,851.5771339943512,1.333
33591,NOAA 19,2018-05-27 00:00:00+00:00,851.5765282252642,1.333
33591,NOAA 19,2018-05-28 00:00:00+00:00,851.5755624077783,1.667
33591,NOAA 19,2018-05-29 00:00:00+00:00,851.5748935025695,1.667
33591,NOAA 19,2018-05-30 00:00:00+00:00,851.5743133298097,1.667
33591,NOAA 19,2018-05-31 00:00:00+00:00,851.5734857306334,4.333
33591,NOAA 19,2018-06-01 00:00:00+00:00,851.5724055860883,4.667
33591,NOAA 19,2018-06-02 00:00:00+00:00,851.5714278252549,4.0
33591,NOAA 19,2018-06-03 00:00:00+00:00,851.5705319713852,2.667
33591,NOAA 19,2018-06-04 00:00:00+00:00,851.569649768885,1.333
33591,NOAA 19,2018-06-05 00:00:00+00:00,851.5688801882043,1.667
33591,NOAA 19,2018-06-06 00:00:00+00:00,851.5679945734405,3.667
33591,NOAA 19,2018-06-07 00:00:00+00:00,851.5671038397873,2.667
33591,NOAA 19,2018-06-08 00:00:00+00:00,851.5663820385803,2.0
33591,NOAA 19,2018-06-09 00:00:00+00:00,851.5653274924571,1.333
33591,NOAA 19,2018-06-10 00:00:00+00:00,851.5643719170175,1.0
33591,NOAA 19,2018-06-11 00:00:00+00:00,851.5635118993905,1.333
33591,NOAA 19,2018-06-12 00:00:00+00:00,851.5627849799353,1.667
33591,NOAA 19,2018-06-13 00:00:00+00:00,851.561926669161,2.0
33591,NOAA 19,2018-06-14 00:00:00+00:00,851.5611536777715,1.333
33591,NOAA 19,2018-06-15 00:00:00+00:00,851.5604933078062,1.0
33591,NOAA 19,2018-06-16 00:00:00+00:00,851.5598858358258,0.667
33591,NOAA 19,2018-06-17 00:00:00+00:00,851.5591879257627,1.667
33591,NOAA 19,2018-06-18 00:00:00+00:00,851.5581589779745,4.0
33591,NOAA 19,2018-06-19 00:00:00+00:00,851.5572887239168,2.333
33591,NOAA 19,2018-06-20 00:00:00+00:00,851.5563399766506,2.333
33591,NOAA 19,2018-06-21 00:00:00+00:00,851.5553826978066,1.0
33591,NOAA 19,2018-06-22 00:00:00+00:00,851.5544646659782,1.333
33591,NOAA 19,2018-06-23 00:00:00+00:00,851.5535756428694,4.0
33591,NOAA 19,2018-06-24 00:00:00+00:00,851.5528538450385,2.667
33591,NOAA 19,2018-06-25 00:00:00+00:00,851.5521235155034,5.0
33591,NOAA 19,2018-06-26 00:00:00+00:00,851.5511952464544,4.667
33591,NOAA 19,2018-06-27 00:00:00+00:00,851.5503676538947,2.667
33591,NOAA 19,2018-06-28 00:00:00+00:00,851.5496031974708,1.667
33591,NOAA 19,2018-06-29 00:00:00+00:00,851.5485674275983,1.333
33591,NOAA 19,2018-06-30 00:00:00+00:00,851.5477415421656,1.0
33591,NOAA 19,2018-07-01 00:00:00+00:00,851.5469071250909,0.667
33591,NOAA 19,2018-07-02 00:00:00+00:00,851.5463525535529,1.0
33591,NOAA 19,2018-07-03 00:00:00+00:00,851.5456205192845,1.667
33591,NOAA 19,2018-07-04 00:00:00+00:00,851.5449413827655,1.333
33591,NOAA 19,2018-07-05 00:00:00+00:00,851.544066013566,4.667
33591,NOAA 19,2018-07-06 00:00:00+00:00,851.5431531044487,3.667
33591,NOAA 19,2018-07-07 00:00:00+00:00,851.5420405501764,2.0
33591,NOAA 19,2018-07-08 00:00:00+00:00,851.540905813511,1.333
33591,NOAA 19,2018-07-09 00:00:00+00:00,851.5404007278603,0.667
33591,NOAA 19,2018-07-10 00:00:00+00:00,851.5396294485936,2.333
33591,NOAA 19,2018-07-11 00:00:00+00:00,851.5388393994726,2.667
33591,NOAA 19,2018-07-12 00:00:00+00:00,851.5383462587633,2.667
33591,NOAA 19,2018-07-13 00:00:00+00:00,851.5375340271976,2.667
33591,NOAA 19,2018-07-14 00:00:00+00:00,851.536834416158,1.667
33591,NOAA 19,2018-07-15 00:00:00+00:00,851.5359163902212,1.333
33591,NOAA 19,2018-07-16 00:00:00+00:00,851.5349062207533,2.667
33591,NOAA 19,2018-07-17 00:00:00+00:00,851.5339711317629,3.0
33591,NOAA 19,2018-07-18 00:00:00+00:00,851.5332954107098,1.0
33591,NOAA 19,2018-07-19 00:00:00+00:00,851.5325070696817,1.0
33591,NOAA 19,2018-07-20 00:00:00+00:00,851.5317460307115,2.0
33591,NOAA 19,2018-07-21 00:00:00+00:00,851.5309201500813,3.333
33591,NOAA 19,2018-07-22 00:00:00+00:00,851.5300157769343,1.333
33591,NOAA 19,2018-07-23 00:00:00+00:00,851.5287871950004,1.0
33591,NOAA 19,2018-07-24 00:00:00+00:00,851.5279766724852,4.0
33591,NOAA 19,2018-07-25 00:00:00+00:00,851.5269511485258,3.333
33591,NOAA 19,2018-07-26 00:00:00+00:00,851.52615598378,1.333
33591,NOAA 19,2018-07-27 00:00:00+00:00,851.5253983592029,1.667
33591,NOAA 19,2018-07-28 00:00:00+00:00,851.5249359352924,2.0
33591,NOAA 19,2018-07-29 00:00:00+00:00,851.5242841054041,1.333
33591,NOAA 19,2018-07-30 00:00:00+00:00,851.5235623148819,2.0
33591,NOAA 19,2018-07-31 00:00:00+00:00,851.5227637383468,2.333
33591,NOAA 19,2018-08-01 00:00:00+00:00,851.5217706370713,2.333
33591,NOAA 19,2018-08-02 00:00:00+00:00,851.5208321396108,2.667
33591,NOAA 19,2018-08-03 00:00:00+00:00,851.5199055869634,2.667
33591,NOAA 19,2018-08-04 00:00:00+00:00,851.5190472889171,2.0
33591,NOAA 19,2018-08-05 00:00:00+00:00,851.5184159366372,2.0
33591,NOAA 19,2018-08-06 00:00:00+00:00,851.5176139488103,1.0
33591,NOAA 19,2018-08-07 00:00:00+00:00,851.5168699773221,3.0
33591,NOAA 19,2018-08-08 00:00:00+00:00,851.5160406882287,1.667
33591,NOAA 19,2018-08-09 00:00:00+00:00,851.5151158434719,1.333
33591,NOAA 19,2018-08-10 00:00:00+00:00,851.5142080625583,1.333
33591,NOAA 19,2018-08-11 00:00:00+00:00,851.5133429407915,3.667
33591,NOAA 19,2018-08-12 00:00:00+00:00,851.5125409543712,2.0
33591,NOAA 19,2018-08-13 00:00:00+00:00,851.5116144043759,1.333
33591,NOAA 19,2018-08-14 00:00:00+00:00,851.5110803158441,1.333
33591,NOAA 19,2018-08-15 00:00:00+00:00,851.5104557907221,4.0
33591,NOAA 19,2018-08-16 00:00:00+00:00,851.509607733592,3.667
33591,NOAA 19,2018-08-17 00:00:00+00:00,851.5087579703627,4.0
33591,NOAA 19,2018-08-18 00:00:00+00:00,851.5079167391364,3.333
33591,NOAA 19,2018-08-19 00:00:00+00:00,851.507017492233,2.667
33591,NOAA 19,2018-08-20 00:00:00+00:00,851.5057616184695,4.0
33591,NOAA 19,2018-08-22 00:00:00+00:00,851.5041235230792,2.333
33591,NOAA 19,2018-08-23 00:00:00+00:00,851.5037788406262,1.667
33591,NOAA 19,2018-08-24 00:00:00+00:00,851.5029427298991,2.667
33591,NOAA 19,2018-08-25 00:00:00+00:00,851.5020639607183,4.333
33591,NOAA 19,2018-08-26 00:00:00+00:00,851.500963366675,7.333
33591,NOAA 19,2018-08-27 00:00:00+00:00,851.5003098358425,5.667
33591,NOAA 19,2018-08-28 00:00:00+00:00,851.4995317418852,3.667
33591,NOAA 19,2018-08-29 00:00:00+00:00,851.4987707115929,2.333
33591,NOAA 19,2018-08-30 00:00:00+00:00,851.498071109927,1.667
33591,NOAA 19,2018-08-31 00:00:00+00:00,851.4973015482938,2.333
33591,NOAA 19,2018-09-01 00:00:00+00:00,851.4965319868675,2.0
33591,NOAA 19,2018-09-02 00:00:00+00:00,851.4957487748925,2.0
33591,NOAA 19,2018-09-03 00:00:00+00:00,851.4950662373949,1.333
33591,NOAA 19,2018-09-04 00:00:00+00:00,851.4940373124296,3.0
33591,NOAA 19,2018-09-05 00:00:00+00:00,851.4932302123307,3.333
33591,NOAA 19,2018-09-06 00:00:00+00:00,851.4923463270743,2.0
33591,NOAA 19,2018-09-07 00:00:00+00:00,851.4916228381844,2.333
33591,NOAA 19,2018-09-08 00:00:00+00:00,851.4908720480244,2.333
33591,NOAA 19,2018-09-09 00:00:00+00:00,851.4903669711116,2.667
33591,NOAA 19,2018-09-10 00:00:00+00:00,851.489826061139,5.0
33591,NOAA 19,2018-09-11 00:00:00+00:00,851.489196421584,6.0
33591,NOAA 19,2018-09-12 00:00:00+00:00,851.4884814651818,4.0
33591,NOAA 19,2018-09-13 00:00:00+00:00,851.4879542062745,4.0
33591,NOAA 19,2018-09-14 00:00:00+00:00,851.487000362742,4.333
33591,NOAA 19,2018-09-15 00:00:00+00:00,851.4862922322345,2.667
33591,NOAA 19,2018-09-16 00:00:00+00:00,851.4857496166842,2.333
33591,NOAA 19,2018-09-17 00:00:00+00:00,851.485241127994,3.333
33591,NOAA 19,2018-09-18 00:00:00+00:00,851.4847377584047,2.333
33591,NOAA 19,2018-09-19 00:00:00+00:00,851.4840449854864,2.333
33591,NOAA 19,2018-09-20 00:00:00+00:00,851.4834016964933,0.667
33591,NOAA 19,2018-09-21 00:00:00+00:00,851.4825348776021,4.333
33591,NOAA 19,2018-09-22 00:00:00+00:00,851.4820246831437,4.667
33591,NOAA 19,2018-09-23 00:00:00+00:00,851.4811783406903,3.333
33591,NOAA 19,2018-09-24 00:00:00+00:00,851.4805708853696,2.333
33591,NOAA 19,2018-09-25 00:00:00+00:00,851.4800504532432,3.0
33591,NOAA 19,2018-09-26 00:00:00+00:00,851.479753551027,2.667
33591,NOAA 19,2018-09-27 00:00:00+00:00,851.4792621267316,2.333
33591,NOAA 19,2018-09-28 00:00:00+00:00,851.4787160998367,3.0
33591,NOAA 19,2018-09-29 00:00:00+00:00,851.4781120577027,3.333
33591,NOAA 19,2018-09-30 00:00:00+00:00,851.477378334374,2.333
33591,NOAA 19,2018-10-01 00:00:00+00:00,851.4765200489546,3.667
33591,NOAA 19,2018-10-02 00:00:00+00:00,851.4758904122923,3.667
33591,NOAA 19,2018-10-03 00:00:00+00:00,851.4754467659477,2.333
33591,NOAA 19,2018-10-04 00:00:00+00:00,851.4748939144438,1.667
33591,NOAA 19,2018-10-05 00:00:00+00:00,851.4743274123994,3.0
33591,NOAA 19,2018-10-06 00:00:00+00:00,851.4736636495982,3.0
33591,NOAA 19,2018-10-07 00:00:00+00:00,851.4730510768641,5.333
33591,NOAA 19,2018-10-08 00:00:00+00:00,851.46718471839,4.333
33591,NOAA 19,2018-10-09 00:00:00+00:00,851.4695462769009,3.667
33591,NOAA 19,2018-10-10 00:00:00+00:00,851.4701434910721,4.667
33591,NOAA 19,2018-10-11 00:00:00+00:00,851.4705359467325,3.0
33591,NOAA 19,2018-10-12 00:00:00+00:00,851.4700240480593,1.667
33591,NOAA 19,2018-10-13 00:00:00+00:00,851.4696111165281,4.333
33591,NOAA 19,2018-10-14 00:00:00+00:00,851.4691367572359,2.0
33591,NOAA 19,2018-10-15 00:00:00+00:00,851.4683654969772,3.0
33591,NOAA 19,2018-10-16 00:00:00+00:00,851.4678604239953,2.0
33591,NOAA 19,2018-10-17 00:00:00+00:00,851.4671369412354,1.667
33591,NOAA 19,2018-10-18 00:00:00+00:00,851.4664714737564,0.333
33591,NOAA 19,2018-10-19 00:00:00+00:00,851.4656558497245,0.667
33591,NOAA 19,2018-10-20 00:00:00+00:00,851.465065460925,0.333
33591,NOAA 19,2018-10-21 00:00:00+00:00,851.4646354668466,2.0
33591,NOAA 19,2018-10-22 00:00:00+00:00,851.4641457514463,2.667
33591,NOAA 19,2018-10-23 00:00:00+00:00,851.4636457981778,1.0
33591,NOAA 19,2018-10-24 00:00:00+00:00,851.4630929489322,1.333
33591,NOAA 19,2018-10-25 00:00:00+00:00,851.4625042669809,2.0
33591,NOAA 19,2018-10-26 00:00:00+00:00,851.4619155851506,2.333
33591,NOAA 19,2018-10-27 00:00:00+00:00,851.4612279366684,1.667
33591,NOAA 19,2018-10-28 00:00:00+00:00,851.460714333316,1.333
33591,NOAA 19,2018-10-29 00:00:00+00:00,851.4601222392039,0.333
33591,NOAA 19,2018-10-30 00:00:00+00:00,851.4597383165728,2.0
33591,NOAA 19,2018-10-31 00:00:00+00:00,851.4593407434122,1.667
33591,NOAA 19,2018-11-01 00:00:00+00:00,851.4586667461226,2.0
33591,NOAA 19,2018-11-02 00:00:00+00:00,851.4580541765686,2.667
33591,NOAA 19,2018-11-03 00:00:00+00:00,851.45741771864,2.0
33591,NOAA 19,2018-11-04 00:00:00+00:00,851.4568290378456,5.333
33591,NOAA 19,2018-11-05 00:00:00+00:00,851.456105557841,5.667
33591,NOAA 19,2018-11-06 00:00:00+00:00,851.4554196170625,3.667
33591,NOAA 19,2018-11-07 00:00:00+00:00,851.4550049812942,3.333
33591,NOAA 19,2018-11-08 00:00:00+00:00,851.4545886392693,4.0
33591,NOAA 19,2018-11-09 00:00:00+00:00,851.4541467025142,4.0
33591,NOAA 19,2018-11-10 00:00:00+00:00,851.4534112789479,4.333
33591,NOAA 19,2018-11-11 00:00:00+00:00,851.4528499000703,3.0
33591,NOAA 19,2018-11-12 00:00:00+00:00,851.4522748707441,3.333
33591,NOAA 19,2018-11-13 00:00:00+00:00,851.4515462729305,2.0
33591,NOAA 19,2018-11-14 00:00:00+00:00,851.4507903742146,1.333
33591,NOAA 19,2018-11-15 00:00:00+00:00,851.4503364938155,0.667
33591,NOAA 19,2018-11-16 00:00:00+00:00,851.4498211860846,1.0
33591,NOAA 19,2018-11-17 00:00:00+00:00,851.4493809563737,0.667
33591,NOAA 19,2018-11-18 00:00:00+00:00,851.4485277982076,1.0
33591,NOAA 19,2018-11-19 00:00:00+00:00,851.4480193160648,1.667
33591,NOAA 19,2018-11-20 00:00:00+00:00,851.4473930982394,3.0
33591,NOAA 19,2018-11-21 00:00:00+00:00,851.4466064869434,2.667
33591,NOAA 19,2018-11-22 00:00:00+00:00,851.4458557084668,1.0
33591,NOAA 19,2018-11-23 00:00:00+00:00,851.445267030022,1.0
33591,NOAA 19,2018-11-24 00:00:00+00:00,851.4448831093614,1.667
33591,NOAA 19,2018-11-25 00:00:00+00:00,851.444398516247,1.0
33591,NOAA 19,2018-11-26 00:00:00+00:00,851.4441186808226,0.667
33591,NOAA 19,2018-11-27 00:00:00+00:00,851.4434515123316,2.333
33591,NOAA 19,2018-11-28 00:00:00+00:00,851.4429123174491,1.0
33591,NOAA 19,2018-11-29 00:00:00+00:00,851.4422212608638,2.0
33591,NOAA 19,2018-11-30 00:00:00+00:00,851.441390286866,1.333
33591,NOAA 19,2018-12-01 00:00:00+00:00,851.4406651044105,3.0
33591,NOAA 19,2018-12-02 00:00:00+00:00,851.4400201187582,3.667
33591,NOAA 19,2018-12-03 00:00:00+00:00,851.4394672740295,3.0
33591,NOAA 19,2018-12-04 00:00:00+00:00,851.4388871284382,3.0
33591,NOAA 19,2018-12-05 00:00:00+00:00,851.438479320283,2.0
33591,NOAA 19,2018-12-06 00:00:00+00:00,851.438044211226,2.0
33591,NOAA 19,2018-12-07 00:00:00+00:00,851.4372456583114,3.333
33591,NOAA 19,2018-12-08 00:00:00+00:00,851.4364709939355,3.333
33591,NOAA 19,2018-12-09 00:00:00+00:00,851.4357492253325,3.667
33591,NOAA 19,2018-12-10 00:00:00+00:00,851.4350479326085,3.0
33591,NOAA 19,2018-12-11 00:00:00+00:00,851.4344712005218,2.667
33591,NOAA 19,2018-12-12 00:00:00+00:00,851.434056567758,2.0
33591,NOAA 19,2018-12-13 00:00:00+00:00,851.433599277374,1.0
33591,NOAA 19,2018-12-14 00:00:00+00:00,851.4329184608555,0.667
33591,NOAA 19,2018-12-15 00:00:00+00:00,851.4322325255753,0.333
33591,NOAA 19,2018-12-16 00:00:00+00:00,851.4314527436268,0.667
33591,NOAA 19,2018-12-17 00:00:00+00:00,851.4306047096684,2.333
33591,NOAA 19,2018-12-18 00:00:00+00:00,851.4298044524967,2.667
33591,NOAA 19,2018-12-19 00:00:00+00:00,851.4291816512286,2.0
33591,NOAA 19,2018-12-20 00:00:00+00:00,851.4285281366147,3.0
33591,NOAA 19,2018-12-21 00:00:00+00:00,851.4280844975356,2.0
33591,NOAA 19,2018-12-22 00:00:00+00:00,851.4276664530807,1.0
33591,NOAA 19,2018-12-23 00:00:00+00:00,851.4270538900951,0.667
33591,NOAA 19,2018-12-24 00:00:00+00:00,851.426419145299,1.333
33591,NOAA 19,2018-12-25 00:00:00+00:00,851.4256547216405,1.667
33591,NOAA 19,2018-12-26 00:00:00+00:00,851.4248647036525,1.0
33591,NOAA 19,2018-12-27 00:00:00+00:00,851.424306742912,2.333
33591,NOAA 19,2018-12-28 00:00:00+00:00,851.4237283066641,4.333
33591,NOAA 19,2018-12-29 00:00:00+00:00,851.4232300666845,3.0
33591,NOAA 19,2018-12-30 00:00:00+00:00,851.422783015817,3.0
33591,NOAA 19,2018-12-31 00:00:00+00:00,851.4222096987769,3.0
33591,NOAA 19,2019-01-01 00:00:00+00:00,851.4214691644329,2.667
33591,NOAA 19,2019-01-02 00:00:00+00:00,851.4207729940708,0.333
33591,NOAA 19,2019-01-03 00:00:00+00:00,851.4197287388442,1.0
33591,NOAA 19,2019-01-04 00:00:00+00:00,851.4190189185106,3.333
33591,NOAA 19,2019-01-05 00:00:00+00:00,851.4183585810028,5.0
33591,NOAA 19,2019-01-06 00:00:00+00:00,851.4178262159894,3.0
33591,NOAA 19,2019-01-07 00:00:00+00:00,851.4174969004998,2.333
33591,NOAA 19,2019-01-08 00:00:00+00:00,851.4170566757084,2.333
33591,NOAA 19,2019-01-09 00:00:00+00:00,851.4164662968315,1.667
33591,NOAA 19,2019-01-10 00:00:00+00:00,851.4157684213792,1.333
33591,NOAA 19,2019-01-11 00:00:00+00:00,851.4151046720199,3.333
33591,NOAA 19,2019-01-12 00:00:00+00:00,851.4143197758021,1.0
33591,NOAA 19,2019-01-13 00:00:00+00:00,851.4136184882741,1.0
33591,NOAA 19,2019-01-14 00:00:00+00:00,851.4130605297064,2.667
33591,NOAA 19,2019-01-15 00:00:00+00:00,851.4125111027197,2.667
33591,NOAA 19,2019-01-16 00:00:00+00:00,851.4120077457892,2.667
33591,NOAA 19,2019-01-17 00:00:00+00:00,851.4114839134136,2.667
33591,NOAA 19,2019-01-18 00:00:00+00:00,851.4107314377648,2.0
33591,NOAA 19,2019-01-19 00:00:00+00:00,851.4101837175112,2.667
33591,NOAA 19,2019-01-20 00:00:00+00:00,851.4092486688487,1.667
33591,NOAA 19,2019-01-21 00:00:00+00:00,851.4086992425882,1.667
33591,NOAA 19,2019-01-22 00:00:00+00:00,851.4081071591249,2.0
33591,NOAA 19,2019-01-23 00:00:00+00:00,851.4077761384492,4.0
33591,NOAA 19,2019-01-24 00:00:00+00:00,851.4071772300076,4.333
33591,NOAA 19,2019-01-25 00:00:00+00:00,851.4067574822857,3.333
33591,NOAA 19,2019-01-26 00:00:00+00:00,851.4063957485241,3.0
33591,NOAA 19,2019-01-27 00:00:00+00:00,851.405730295025,2.0
33591,NOAA 19,2019-01-28 00:00:00+00:00,851.4048737371613,0.667
33591,NOAA 19,2019-01-29 00:00:00+00:00,851.4041605078951,1.667
37849,NPP,2017-12-02 00:00:00+00:00,826.8574694929052,2.333
37849,NPP,2017-12-03 00:00:00+00:00,826.8572207919642,0.667
37849,NPP,2017-12-04 00:00:00+00:00,826.8570126952745,4.0
37849,NPP,2017-12-05 00:00:00+00:00,826.8567013961892,5.0
37849,NPP,2017-12-06 00:00:00+00:00,826.8562649007899,4.0
37849,NPP,2017-12-07 00:00:00+00:00,826.8559028465179,3.333
37849,NPP,2017-12-08 00:00:00+00:00,826.8547456266597,2.0
37849,NPP,2017-12-09 00:00:00+00:00,826.854996019194,1.667
37849,NPP,2017-12-10 00:00:00+00:00,826.8547287082074,1.333
37849,NPP,2017-12-11 00:00:00+00:00,826.8543260499346,3.333
37849,NPP,2017-12-12 00:00:00+00:00,826.8537169871088,4.0
37849,NPP,2017-12-13 00:00:00+00:00,826.8533684678805,2.667
37849,NPP,2017-12-14 00:00:00+00:00,826.8531519122666,2.667
37849,NPP,2017-12-15 00:00:00+00:00,826.8529624261164,1.333
37849,NPP,2017-12-16 00:00:00+00:00,826.8526375927468,2.0
37849,NPP,2017-12-17 00:00:00+00:00,826.8521029712392,4.667
37849,NPP,2017-12-18 00:00:00+00:00,826.8517239990906,4.333
37849,NPP,2017-12-19 00:00:00+00:00,826.8515463559133,2.333
37849,NPP,2017-12-20 00:00:00+00:00,826.8513501025109,2.0
37849,NPP,2017-12-21 00:00:00+00:00,826.8509525202298,1.0
37849,NPP,2017-12-22 00:00:00+00:00,826.8505633971945,1.0
37849,NPP,2017-12-23 00:00:00+00:00,826.8499644861968,2.667
37849,NPP,2017-12-24 00:00:00+00:00,826.8494890795332,3.333
37849,NPP,2017-12-25 00:00:00+00:00,826.8491608628774,3.0
37849,NPP,2017-12-26 00:00:00+00:00,826.8489832198566,3.667
37849,NPP,2017-12-27 00:00:00+00:00,826.8484621337302,2.667
37849,NPP,2017-12-28 00:00:00+00:00,826.8480493253055,1.667
37849,NPP,2017-12-29 00:00:00+00:00,826.8479410476975,2.333
37849,NPP,2017-12-30 00:00:00+00:00,826.8476365169417,1.667
37849,NPP,2017-12-31 00:00:00+00:00,826.8473319862196,2.0
37849,NPP,2018-01-01 00:00:00+00:00,826.8471255820809,3.667
37849,NPP,2018-01-02 00:00:00+00:00,826.8466857044577,2.0
37849,NPP,2018-01-03 00:00:00+00:00,826.846426853429,1.0
37849,NPP,2018-01-04 00:00:00+00:00,826.846107096304,1.333
37849,NPP,2018-01-05 00:00:00+00:00,826.845866855525,2.0
37849,NPP,2018-01-06 00:00:00+00:00,826.8455234127568,1.333
37849,NPP,2018-01-07 00:00:00+00:00,826.8452679455022,1.0
37849,NPP,2018-01-08 00:00:00+00:00,826.8447671620761,3.667
37849,NPP,2018-01-09 00:00:00+00:00,826.8442985236106,3.667
37849,NPP,2018-01-10 00:00:00+00:00,826.844002452417,1.667
37849,NPP,2018-01-11 00:00:00+00:00,826.8439009423005,1.0
37849,NPP,2018-01-12 00:00:00+00:00,826.8435913364679,1.333
37849,NPP,2018-01-13 00:00:00+00:00,826.843186987915,3.0
37849,NPP,2018-01-14 00:00:00+00:00,826.8428300107894,4.667
37849,NPP,2018-01-15 00:00:00+00:00,826.842645600821,3.667
37849,NPP,2018-01-16 00:00:00+00:00,826.8423918256567,2.0
37849,NPP,2018-01-17 00:00:00+00:00,826.8422683217518,0.667
37849,NPP,2018-01-18 00:00:00+00:00,826.8420043956157,0.333
37849,NPP,2018-01-19 00:00:00+00:00,826.8414376312357,2.667
37849,NPP,2018-01-20 00:00:00+00:00,826.8412176928514,3.0
37849,NPP,2018-01-21 00:00:00+00:00,826.8408488731347,3.0
37849,NPP,2018-01-22 00:00:00+00:00,826.8406678469605,3.333
37849,NPP,2018-01-23 00:00:00+00:00,826.8403548578117,2.0
37849,NPP,2018-01-24 00:00:00+00:00,826.8398286977431,4.0
37849,NPP,2018-01-25 00:00:00+00:00,826.8394125068912,3.0
37849,NPP,2018-01-26 00:00:00+00:00,826.8391316626908,3.0
37849,NPP,2018-01-27 00:00:00+00:00,826.8389793977749,2.667
37849,NPP,2018-01-28 00:00:00+00:00,826.8386664088071,1.667
37849,NPP,2018-01-29 00:00:00+00:00,826.8383787973517,1.0
37849,NPP,2018-01-30 00:00:00+00:00,826.8381554755379,2.333
37849,NPP,2018-01-31 00:00:00+00:00,826.8379152354205,2.667
37849,NPP,2018-02-01 00:00:00+00:00,826.8376868381447,2.667
37849,NPP,2018-02-02 00:00:00+00:00,826.837424604259,2.0
37849,NPP,2018-02-03 00:00:00+00:00,826.8370946971468,1.667
37849,NPP,2018-02-04 00:00:00+00:00,826.8367191106336,2.333
37849,NPP,2018-02-05 00:00:00+00:00,826.836395970925,3.0
37849,NPP,2018-02-06 00:00:00+00:00,826.8360694475919,2.333
37849,NPP,2018-02-07 00:00:00+00:00,826.8358359749732,1.667
37849,NPP,2018-02-08 00:00:00+00:00,826.8353335013535,1.333
37849,NPP,2018-02-09 00:00:00+00:00,826.8351287899063,2.667
37849,NPP,2018-02-10 00:00:00+00:00,826.8348090340346,2.333
37849,NPP,2018-02-11 00:00:00+00:00,826.8346178572629,0.667
37849,NPP,2018-02-12 00:00:00+00:00,826.8344402151388,1.667
37849,NPP,2018-02-13 00:00:00+00:00,826.8341458367895,0.667
37849,NPP,2018-02-14 00:00:00+00:00,826.8337854771235,1.333
37849,NPP,2018-02-15 00:00:00+00:00,826.8335046334723,4.667
37849,NPP,2018-02-16 00:00:00+00:00,826.8333675953154,2.333
37849,NPP,2018-02-17 00:00:00+00:00,826.8331036699929,3.667
37849,NPP,2018-02-18 00:00:00+00:00,826.8328397446967,4.0
37849,NPP,2018-02-19 00:00:00+00:00,826.8324100202276,4.0
37849,NPP,2018-02-20 00:00:00+00:00,826.8318246476229,2.667
37849,NPP,2018-02-21 00:00:00+00:00,826.8315539551304,2.0
37849,NPP,2018-02-22 00:00:00+00:00,826.8313560112624,3.667
37849,NPP,2018-02-23 00:00:00+00:00,826.8311969794468,4.333
37849,NPP,2018-02-24 00:00:00+00:00,826.8308670730466,3.333
37849,NPP,2018-02-25 00:00:00+00:00,826.8303527575058,2.0
37849,NPP,2018-02-26 00:00:00+00:00,826.8300651468803,3.0
37849,NPP,2018-02-27 00:00:00+00:00,826.829895964172,5.333
37849,NPP,2018-02-28 00:00:00+00:00,826.8296946367623,2.333
37849,NPP,2018-03-01 00:00:00+00:00,826.9071086001759,2.667
37849,NPP,2018-03-02 00:00:00+00:00,826.9066027303879,2.667
37849,NPP,2018-03-03 00:00:00+00:00,826.9060545639018,2.667
37849,NPP,2018-03-04 00:00:00+00:00,826.905902295443,2.667
37849,NPP,2018-03-05 00:00:00+00:00,826.905700962724,1.333
37849,NPP,2018-03-06 00:00:00+00:00,826.9053828908959,2.0
37849,NPP,2018-03-07 00:00:00+00:00,826.9049463881233,2.667
37849,NPP,2018-03-08 00:00:00+00:00,826.9046181651511,1.667
37849,NPP,2018-03-09 00:00:00+00:00,826.9042408779678,4.333
37849,NPP,2018-03-10 00:00:00+00:00,826.9039803298997,4.0
37849,NPP,2018-03-11 00:00:00+00:00,826.9035996590574,2.333
37849,NPP,2018-03-12 00:00:00+00:00,826.9033441866563,1.0
37849,NPP,2018-03-13 00:00:00+00:00,826.9030345744359,1.0
37849,NPP,2018-03-14 00:00:00+00:00,826.9026894329841,4.0
37849,NPP,2018-03-15 00:00:00+00:00,826.9024576468369,4.0
37849,NPP,2018-03-16 00:00:00+00:00,826.9022664655758,4.333
37849,NPP,2018-03-17 00:00:00+00:00,826.9019906908611,4.333
37849,NPP,2018-03-18 00:00:00+00:00,826.9017216836464,6.0
37849,NPP,2018-03-19 00:00:00+00:00,826.9011565993933,4.333
37849,NPP,2018-03-20 00:00:00+00:00,826.9007437834216,3.0
37849,NPP,2018-03-21 00:00:00+00:00,826.9004020259808,2.0
37849,NPP,2018-03-22 00:00:00+00:00,826.9001380945224,3.0
37849,NPP,2018-03-23 00:00:00+00:00,826.8998064883626,4.0
37849,NPP,2018-03-24 00:00:00+00:00,826.8993767539059,2.667
37849,NPP,2018-03-25 00:00:00+00:00,826.8989097984277,4.0
37849,NPP,2018-03-26 00:00:00+00:00,826.8985968029519,3.0
37849,NPP,2018-03-27 00:00:00+00:00,826.8983176448501,3.0
37849,NPP,2018-03-28 00:00:00+00:00,826.8980672485168,0.667
37849,NPP,2018-03-29 00:00:00+00:00,826.8975935257859,1.667
37849,NPP,2018-03-30 00:00:00+00:00,826.8974395659129,2.333
37849,NPP,2018-03-31 00:00:00+00:00,826.897251768718,2.667
37849,NPP,2018-04-01 00:00:00+00:00,826.8968254183746,1.333
37849,NPP,2018-04-02 00:00:00+00:00,826.8966596154814,1.667
37849,NPP,2018-04-03 00:00:00+00:00,826.8963719982394,2.0
37849,NPP,2018-04-04 00:00:00+00:00,826.8959321131006,1.667
37849,NPP,2018-04-05 00:00:00+00:00,826.8952892041716,3.0
37849,NPP,2018-04-06 00:00:00+00:00,826.8949440636479,1.667
37849,NPP,2018-04-07 00:00:00+00:00,826.8946801326883,2.0
37849,NPP,2018-04-08 00:00:00+00:00,826.8943011549413,2.333
37849,NPP,2018-04-09 00:00:00+00:00,826.8939340202974,4.333
37849,NPP,2018-04-10 00:00:00+00:00,826.8935076704465,4.0
37849,NPP,2018-04-11 00:00:00+00:00,826.8931540708127,4.333
37849,NPP,2018-04-12 00:00:00+00:00,826.8929408959366,3.0
37849,NPP,2018-04-13 00:00:00+00:00,826.892700651254,3.667
37849,NPP,2018-04-14 00:00:00+00:00,826.8923250574953,2.0
37849,NPP,2018-04-15 00:00:00+00:00,826.8919088590624,2.333
37849,NPP,2018-04-16 00:00:00+00:00,826.8917870448977,1.0
37849,NPP,2018-04-17 00:00:00+00:00,826.8913979163517,1.0
37849,NPP,2018-04-18 00:00:00+00:00,826.890934345894,2.0
37849,NPP,2018-04-19 00:00:00+00:00,826.8905621360882,1.0
37849,NPP,2018-04-20 00:00:00+00:00,826.8902271473044,6.0
37849,NPP,2018-04-21 00:00:00+00:00,826.8897669607586,3.333
37849,NPP,2018-04-22 00:00:00+00:00,826.8891375880994,1.667
37849,NPP,2018-04-23 00:00:00+00:00,826.8889667100634,3.0
37849,NPP,2018-04-24 00:00:00+00:00,826.8886486400816,2.0
37849,NPP,2018-04-25 00:00:00+00:00,826.8882984247716,2.0
37849,NPP,2018-04-26 00:00:00+00:00,826.8878686920289,1.667
37849,NPP,2018-04-27 00:00:00+00:00,826.8876825873185,2.667
37849,NPP,2018-04-28 00:00:00+00:00,826.887381436085,1.667
37849,NPP,2018-04-29 00:00:00+00:00,826.8871496511701,1.333
37849,NPP,2018-04-30 00:00:00+00:00,826.886792668598,2.333
37849,NPP,2018-05-01 00:00:00+00:00,826.8864915174581,1.0
37849,NPP,2018-05-02 00:00:00+00:00,826.8861429942681,2.0
37849,NPP,2018-05-03 00:00:00+00:00,826.8858655292352,1.333
37849,NPP,2018-05-04 00:00:00+00:00,826.8854865526464,1.333
37849,NPP,2018-05-05 00:00:00+00:00,826.8851752504866,5.667
37849,NPP,2018-05-06 00:00:00+00:00,826.8846879949997,5.667
37849,NPP,2018-05-07 00:00:00+00:00,826.8842853325405,4.0
37849,NPP,2018-05-08 00:00:00+00:00,826.8839909490971,3.667
37849,NPP,2018-05-09 00:00:00+00:00,826.8836796470996,4.0
37849,NPP,2018-05-10 00:00:00+00:00,826.8832431476148,3.333
37849,NPP,2018-05-11 00:00:00+00:00,826.8828641713708,3.667
37849,NPP,2018-05-12 00:00:00+00:00,826.8826002415171,3.667
37849,NPP,2018-05-13 00:00:00+00:00,826.8823160093934,2.333
37849,NPP,2018-05-14 00:00:00+00:00,826.8819302658412,2.0
37849,NPP,2018-05-15 00:00:00+00:00,826.8816477256419,1.333
37849,NPP,2018-05-16 00:00:00+00:00,826.8812585984651,1.333
37849,NPP,2018-05-17 00:00:00+00:00,826.8808407097731,3.0
37849,NPP,2018-05-18 00:00:00+00:00,826.8804752687001,1.667
37849,NPP,2018-05-19 00:00:00+00:00,826.8801893449277,1.0
37849,NPP,2018-05-20 00:00:00+00:00,826.8799000374738,1.0
37849,NPP,2018-05-21 00:00:00+00:00,826.8795312128063,1.0
37849,NPP,2018-05-22 00:00:00+00:00,826.878989818887,2.0
37849,NPP,2018-05-23 00:00:00+00:00,826.8788020228931,3.333
37849,NPP,2018-05-24 00:00:00+00:00,826.8785211748564,1.333
37849,NPP,2018-05-25 00:00:00+00:00,826.8782640128202,1.333
37849,NPP,2018-05-26 00:00:00+00:00,826.8778748861009,1.333
37849,NPP,2018-05-27 00:00:00+00:00,826.8776329508182,1.333
37849,NPP,2018-05-28 00:00:00+00:00,826.8774350037852,1.667
37849,NPP,2018-05-29 00:00:00+00:00,826.8771592314442,1.667
37849,NPP,2018-05-30 00:00:00+00:00,826.8768665405842,1.667
37849,NPP,2018-05-31 00:00:00+00:00,826.8766229135326,4.333
37849,NPP,2018-06-01 00:00:00+00:00,826.8762710078267,4.667
37849,NPP,2018-06-02 00:00:00+00:00,826.8757651434521,4.0
37849,NPP,2018-06-03 00:00:00+00:00,826.8754589179043,2.667
37849,NPP,2018-06-04 00:00:00+00:00,826.8751019367801,1.333
37849,NPP,2018-06-05 00:00:00+00:00,826.8748024787151,1.667
37849,NPP,2018-06-06 00:00:00+00:00,826.8743981257849,3.667
37849,NPP,2018-06-07 00:00:00+00:00,826.8739210232357,2.667
37849,NPP,2018-06-08 00:00:00+00:00,826.8737146171939,2.0
37849,NPP,2018-06-09 00:00:00+00:00,826.8734845252284,1.333
37849,NPP,2018-06-10 00:00:00+00:00,826.8732408984633,1.0
37849,NPP,2018-06-11 00:00:00+00:00,826.872963434671,1.333
37849,NPP,2018-06-12 00:00:00+00:00,826.8726944301684,1.667
37849,NPP,2018-06-13 00:00:00+00:00,826.8725134019933,2.0
37849,NPP,2018-06-14 00:00:00+00:00,826.8721953338272,1.333
37849,NPP,2018-06-15 00:00:00+00:00,826.8719720093909,1.0
37849,NPP,2018-06-16 00:00:00+00:00,826.871638714621,0.667
37849,NPP,2018-06-17 00:00:00+00:00,826.8713883206055,1.667
37849,NPP,2018-06-18 00:00:00+00:00,826.8709078348543,4.0
37849,NPP,2018-06-19 00:00:00+00:00,826.8705914587149,2.333
37849,NPP,2018-06-20 00:00:00+00:00,826.8704391921374,2.333
37849,NPP,2018-06-21 00:00:00+00:00,826.8701278916042,1.0
37849,NPP,2018-06-22 00:00:00+00:00,826.8697929051964,1.333
37849,NPP,2018-06-23 00:00:00+00:00,826.8692515131083,4.0
37849,NPP,2018-06-24 00:00:00+00:00,826.869144926547,2.667
37849,NPP,2018-06-25 00:00:00+00:00,826.8690315725976,5.0
37849,NPP,2018-06-26 00:00:00+00:00,826.8687321151615,4.667
37849,NPP,2018-06-27 00:00:00+00:00,826.8684225066613,2.667
37849,NPP,2018-06-28 00:00:00+00:00,826.868129816688,1.667
37849,NPP,2018-06-29 00:00:00+00:00,826.8678625044854,1.333
37849,NPP,2018-06-30 00:00:00+00:00,826.8676222618919,1.0
37849,NPP,2018-07-01 00:00:00+00:00,826.8674141644524,0.667
37849,NPP,2018-07-02 00:00:00+00:00,826.8670893294525,1.0
37849,NPP,2018-07-03 00:00:00+00:00,826.8667340412144,1.667
37849,NPP,2018-07-04 00:00:00+00:00,826.8663753693231,1.333
37849,NPP,2018-07-05 00:00:00+00:00,826.8661808067595,4.667
37849,NPP,2018-07-06 00:00:00+00:00,826.8659405643075,3.667
37849,NPP,2018-07-07 00:00:00+00:00,826.8656766360032,2.0
37849,NPP,2018-07-08 00:00:00+00:00,826.8653196560917,1.333
37849,NPP,2018-07-09 00:00:00+00:00,826.8651572387043,0.667
37849,NPP,2018-07-10 00:00:00+00:00,826.8648425550455,2.333
37849,NPP,2018-07-11 00:00:00+00:00,826.8647275094154,2.667
37849,NPP,2018-07-12 00:00:00+00:00,826.8645955453158,2.667
37849,NPP,2018-07-13 00:00:00+00:00,826.8641844264289,2.667
37849,NPP,2018-07-14 00:00:00+00:00,826.8638206793162,1.667
37849,NPP,2018-07-15 00:00:00+00:00,826.8637191684993,1.333
37849,NPP,2018-07-16 00:00:00+00:00,826.863472158866,2.667
37849,NPP,2018-07-17 00:00:00+00:00,826.8933504843685,3.0
37849,NPP,2018-07-18 00:00:00+00:00,826.9224623826572,1.0
37849,NPP,2018-07-19 00:00:00+00:00,826.9223693291788,1.0
37849,NPP,2018-07-20 00:00:00+00:00,826.9219463588943,2.0
37849,NPP,2018-07-21 00:00:00+00:00,826.9215030860796,3.333
37849,NPP,2018-07-22 00:00:00+00:00,826.9212712984199,1.333
37849,NPP,2018-07-23 00:00:00+00:00,826.9210496620599,1.0
37849,NPP,2018-07-24 00:00:00+00:00,826.9208127987959,4.0
37849,NPP,2018-07-25 00:00:00+00:00,826.920464271454,3.333
37849,NPP,2018-07-26 00:00:00+00:00,826.9203593748862,1.333
37849,NPP,2018-07-27 00:00:00+00:00,826.9201326629568,1.667
37849,NPP,2018-07-28 00:00:00+00:00,826.9199330211231,2.0
37849,NPP,2018-07-29 00:00:00+00:00,826.9198332002165,1.333
37849,NPP,2018-07-30 00:00:00+00:00,826.9194795973522,2.0
37849,NPP,2018-07-31 00:00:00+00:00,826.9191141513797,2.333
37849,NPP,2018-08-01 00:00:00+00:00,826.918785926794,2.333
37849,NPP,2018-08-02 00:00:00+00:00,826.9185219936498,2.667
37849,NPP,2018-08-03 00:00:00+00:00,826.9183274275697,2.667
37849,NPP,2018-08-04 00:00:00+00:00,826.9179805924068,2.0
37849,NPP,2018-08-05 00:00:00+00:00,826.9176354491647,2.0
37849,NPP,2018-08-06 00:00:00+00:00,826.9174459587757,1.0
37849,NPP,2018-08-07 00:00:00+00:00,826.9172970734803,3.0
37849,NPP,2018-08-08 00:00:00+00:00,826.9170940480863,1.667
37849,NPP,2018-08-09 00:00:00+00:00,826.9167573643413,1.333
37849,NPP,2018-08-10 00:00:00+00:00,826.9165526471088,1.333
37849,NPP,2018-08-11 00:00:00+00:00,826.9163902268347,3.667
37849,NPP,2018-08-12 00:00:00+00:00,826.9160484675413,2.0
37849,NPP,2018-08-13 00:00:00+00:00,826.9158048371746,1.333
37849,NPP,2018-08-14 00:00:00+00:00,826.9155392124294,1.333
37849,NPP,2018-08-15 00:00:00+00:00,826.915192377603,4.0
37849,NPP,2018-08-16 00:00:00+00:00,826.9148235484181,3.667
37849,NPP,2018-08-17 00:00:00+00:00,826.9146543607371,4.0
37849,NPP,2018-08-18 00:00:00+00:00,826.9143159854007,3.333
37849,NPP,2018-08-19 00:00:00+00:00,826.9141264952295,2.667
37849,NPP,2018-08-20 00:00:00+00:00,826.913717061152,4.0
37849,NPP,2018-08-22 00:00:00+00:00,826.9131384395405,2.333
37849,NPP,2018-08-23 00:00:00+00:00,826.9130013975969,1.667
37849,NPP,2018-08-24 00:00:00+00:00,826.9127780699987,2.667
37849,NPP,2018-08-25 00:00:00+00:00,826.912586888051,4.333
37849,NPP,2018-08-26 00:00:00+00:00,826.9121842216955,7.333
37849,NPP,2018-08-27 00:00:00+00:00,826.9118729166512,5.667
37849,NPP,2018-08-28 00:00:00+00:00,826.9114905528941,3.667
37849,NPP,2018-08-29 00:00:00+00:00,826.9112909116602,2.333
37849,NPP,2018-08-30 00:00:00+00:00,826.91114879418,1.667
37849,NPP,2018-08-31 00:00:00+00:00,826.9106175455663,2.333
37849,NPP,2018-09-01 00:00:00+00:00,826.9103163919381,2.0
37849,NPP,2018-09-02 00:00:00+00:00,826.9099103421495,2.0
37849,NPP,2018-09-03 00:00:00+00:00,826.9097022416568,1.333
37849,NPP,2018-09-04 00:00:00+00:00,826.9093317213014,3.0
37849,NPP,2018-09-06 00:00:00+00:00,826.9088546129688,2.0
37849,NPP,2018-09-07 00:00:00+00:00,826.9086549719186,2.333
37849,NPP,2018-09-08 00:00:00+00:00,826.9083233647789,2.333
37849,NPP,2018-09-09 00:00:00+00:00,826.9080865025599,2.667
37849,NPP,2018-09-10 00:00:00+00:00,826.9079443852397,5.0
37849,NPP,2018-09-11 00:00:00+00:00,826.907499422719,6.0
37849,NPP,2018-09-12 00:00:00+00:00,826.9071999612843,4.0
37849,NPP,2018-09-13 00:00:00+00:00,826.9069072673733,4.0
37849,NPP,2018-09-14 00:00:00+00:00,826.9066704052707,4.333
37849,NPP,2018-09-15 00:00:00+00:00,826.9061882217638,2.667
37849,NPP,2018-09-16 00:00:00+00:00,826.9057770969439,2.333
37849,NPP,2018-09-17 00:00:00+00:00,826.9054844031762,3.333
37849,NPP,2018-09-18 00:00:00+00:00,826.9051646395005,2.333
37849,NPP,2018-09-19 00:00:00+00:00,826.9049446962517,2.333
37849,NPP,2018-09-20 00:00:00+00:00,826.9046215488934,0.667
37849,NPP,2018-09-21 00:00:00+00:00,826.9042493373208,4.333
37849,NPP,2018-09-22 00:00:00+00:00,826.9040395453667,4.667
37849,NPP,2018-09-23 00:00:00+00:00,826.9036791769622,3.333
37849,NPP,2018-09-24 00:00:00+00:00,826.903518449285,2.333
37849,NPP,2018-09-25 00:00:00+00:00,826.903169924035,3.0
37849,NPP,2018-09-26 00:00:00+00:00,826.9029465972003,2.667
37849,NPP,2018-09-27 00:00:00+00:00,826.8696609408626,2.333
37849,NPP,2018-09-28 00:00:00+00:00,826.8731241606556,3.0
37849,NPP,2018-09-29 00:00:00+00:00,826.8722782345858,3.333
37849,NPP,2018-09-30 00:00:00+00:00,826.8719821605023,2.333
37849,NPP,2018-10-01 00:00:00+00:00,826.8716640923967,3.667
37849,NPP,2018-10-02 00:00:00+00:00,826.8713460243207,3.667
37849,NPP,2018-10-03 00:00:00+00:00,826.8709839681533,2.333
37849,NPP,2018-10-04 00:00:00+00:00,826.870682818666,1.667
37849,NPP,2018-10-05 00:00:00+00:00,826.8703901284639,3.0
37849,NPP,2018-10-06 00:00:00+00:00,826.8699756250489,3.0
37849,NPP,2018-10-07 00:00:00+00:00,826.8696101853525,5.333
37849,NPP,2018-10-08 00:00:00+00:00,826.8711176249208,4.333
37849,NPP,2018-10-09 00:00:00+00:00,826.8691500020991,3.667
37849,NPP,2018-10-10 00:00:00+00:00,826.8687761032584,4.667
37849,NPP,2018-10-11 00:00:00+00:00,826.8683734430219,3.0
37849,NPP,2018-10-12 00:00:00+00:00,826.8681754966237,1.667
37849,NPP,2018-10-13 00:00:00+00:00,826.8677288483905,4.333
37849,NPP,2018-10-14 00:00:00+00:00,826.8672348284576,2.0
37849,NPP,2018-10-15 00:00:00+00:00,826.8668321684372,3.0
37849,NPP,2018-10-16 00:00:00+00:00,826.8664108981402,2.0
37849,NPP,2018-10-17 00:00:00+00:00,826.8660471507446,1.667
37849,NPP,2018-10-18 00:00:00+00:00,826.8657172403568,0.333
37849,NPP,2018-10-19 00:00:00+00:00,826.8653839463086,0.667
37849,NPP,2018-10-20 00:00:00+00:00,826.8650185071956,0.333
37849,NPP,2018-10-21 00:00:00+00:00,826.8647782648409,2.0
37849,NPP,2018-10-22 00:00:00+00:00,826.8645312551162,2.667
37849,NPP,2018-10-23 00:00:00+00:00,826.8642267226069,1.0
37849,NPP,2018-10-24 00:00:00+00:00,826.8638071445384,1.333
37849,NPP,2018-10-25 00:00:00+00:00,826.8634417056246,2.0
37849,NPP,2018-10-26 00:00:00+00:00,826.8632403758738,2.333
37849,NPP,2018-10-27 00:00:00+00:00,826.8628715533382,1.667
37849,NPP,2018-10-28 00:00:00+00:00,826.8626025497751,1.333
37849,NPP,2018-10-29 00:00:00+00:00,826.8858401513471,0.333
37849,NPP,2018-10-30 00:00:00+00:00,826.8851887853625,2.0
37849,NPP,2018-10-31 00:00:00+00:00,826.8847692042436,1.667
37849,NPP,2018-11-01 00:00:00+00:00,826.8843766929253,2.0
37849,NPP,2018-11-02 00:00:00+00:00,826.8840298618497,2.667
37849,NPP,2018-11-03 00:00:00+00:00,826.8836593447959,2.0
37849,NPP,2018-11-04 00:00:00+00:00,826.8834021823045,5.333
37849,NPP,2018-11-05 00:00:00+00:00,826.8831179501003,5.667
37849,NPP,2018-11-06 00:00:00+00:00,826.8828658632292,3.667
37849,NPP,2018-11-07 00:00:00+00:00,826.8824902707529,3.333
37849,NPP,2018-11-08 00:00:00+00:00,826.8821332887564,4.0
37849,NPP,2018-11-09 00:00:00+00:00,826.8817526208027,4.0
37849,NPP,2018-11-10 00:00:00+00:00,826.8812975111796,4.333
37849,NPP,2018-11-11 00:00:00+00:00,826.880976058329,3.0
37849,NPP,2018-11-12 00:00:00+00:00,826.8807425820714,3.333
37849,NPP,2018-11-13 00:00:00+00:00,826.8801808856456,2.0
37849,NPP,2018-11-14 00:00:00+00:00,826.8796039626227,1.333
37849,NPP,2018-11-15 00:00:00+00:00,826.8792706669692,0.667
37849,NPP,2018-11-16 00:00:00+00:00,826.8790236560026,1.0
37849,NPP,2018-11-17 00:00:00+00:00,826.8788409355757,0.667
37849,NPP,2018-11-18 00:00:00+00:00,826.8783875182685,1.0
37849,NPP,2018-11-19 00:00:00+00:00,826.8779577870055,1.667
37849,NPP,2018-11-20 00:00:00+00:00,826.8776532530783,3.0
37849,NPP,2018-11-21 00:00:00+00:00,826.8774028585417,2.667
37849,NPP,2018-11-22 00:00:00+00:00,826.8772116789428,1.0
37849,NPP,2018-11-23 00:00:00+00:00,826.8768022501117,1.0
37849,NPP,2018-11-24 00:00:00+00:00,826.8762997693502,1.667
37849,NPP,2018-11-25 00:00:00+00:00,826.876081520159,1.0
37849,NPP,2018-11-26 00:00:00+00:00,826.8758801895219,0.667
37849,NPP,2018-11-27 00:00:00+00:00,826.8755062898099,2.333
37849,NPP,2018-11-28 00:00:00+00:00,826.8751442331195,1.0
37849,NPP,2018-11-29 00:00:00+00:00,826.8747128104874,2.0
37849,NPP,2018-11-30 00:00:00+00:00,826.8741595745,1.333
37849,NPP,2018-12-01 00:00:00+00:00,826.8738567328278,3.0
37849,NPP,2018-12-02 00:00:00+00:00,826.8736503267901,3.667
37849,NPP,2018-12-03 00:00:00+00:00,826.8733863977805,3.0
37849,NPP,2018-12-04 00:00:00+00:00,826.8730226495027,3.0
37849,NPP,2018-12-05 00:00:00+00:00,826.8727248835066,2.0
37849,NPP,2018-12-06 00:00:00+00:00,826.8723509842011,2.0
37849,NPP,2018-12-07 00:00:00+00:00,826.8721953338277,3.333
37849,NPP,2018-12-08 00:00:00+00:00,826.8719212538399,3.333
37849,NPP,2018-12-09 00:00:00+00:00,826.8715727324116,3.667
37849,NPP,2018-12-10 00:00:00+00:00,826.8712935769331,3.0
37849,NPP,2018-12-11 00:00:00+00:00,826.870762335664,2.667
37849,NPP,2018-12-12 00:00:00+00:00,826.8703410647913,2.0
37849,NPP,2018-12-13 00:00:00+00:00,826.8700162294617,1.0
37849,NPP,2018-12-14 00:00:00+00:00,826.8697675274398,0.667
37849,NPP,2018-12-15 00:00:00+00:00,826.869331030061,0.333
37849,NPP,2018-12-16 00:00:00+00:00,826.8689419045477,0.667
37849,NPP,2018-12-17 00:00:00+00:00,826.8686255286239,2.333
37849,NPP,2018-12-18 00:00:00+00:00,826.8684394251577,2.667
37849,NPP,2018-12-19 00:00:00+00:00,826.8681974906681,2.0
37849,NPP,2018-12-20 00:00:00+00:00,826.8678438941415,3.0
37849,NPP,2018-12-21 00:00:00+00:00,826.8675427449825,2.0
37849,NPP,2018-12-22 00:00:00+00:00,826.8673329556977,1.0
37849,NPP,2018-12-23 00:00:00+00:00,826.8670605680227,0.667
37849,NPP,2018-12-24 00:00:00+00:00,826.8667509597012,1.333
37849,NPP,2018-12-25 00:00:00+00:00,826.8663009279935,1.667
37849,NPP,2018-12-26 00:00:00+00:00,826.8660437670524,1.0
37849,NPP,2018-12-27 00:00:00+00:00,826.8658204430885,2.333
37849,NPP,2018-12-28 00:00:00+00:00,826.8655666658824,4.333
37849,NPP,2018-12-29 00:00:00+00:00,826.8649914376329,3.0
37849,NPP,2018-12-30 00:00:00+00:00,826.8646936724681,3.0
37849,NPP,2018-12-31 00:00:00+00:00,826.8644906507789,3.0
37849,NPP,2019-01-01 00:00:00+00:00,826.8641658161096,2.667
37849,NPP,2019-01-02 00:00:00+00:00,826.8638139119257,0.333
37849,NPP,2019-01-03 00:00:00+00:00,826.8635685941308,1.0
37849,NPP,2019-01-04 00:00:00+00:00,826.8633435785168,3.333
37849,NPP,2019-01-05 00:00:00+00:00,826.8631422487733,5.0
37849,NPP,2019-01-06 00:00:00+00:00,826.8627514322479,3.0
37849,NPP,2019-01-07 00:00:00+00:00,826.862385993466,2.333
37849,NPP,2019-01-08 00:00:00+00:00,826.8621829719427,2.333
37849,NPP,2019-01-09 00:00:00+00:00,826.862040856884,1.667
37849,NPP,2019-01-10 00:00:00+00:00,826.861722789873,1.333
37849,NPP,2019-01-11 00:00:00+00:00,826.861198317752,3.333
37849,NPP,2019-01-12 00:00:00+00:00,826.8606738457265,1.0
37849,NPP,2019-01-13 00:00:00+00:00,826.8605181959829,1.0
37849,NPP,2019-01-14 00:00:00+00:00,826.860274570312,2.667
37849,NPP,2019-01-15 00:00:00+00:00,826.8600377120438,2.667
37849,NPP,2019-01-16 00:00:00+00:00,826.859658738852,2.667
37849,NPP,2019-01-17 00:00:00+00:00,826.8594252643188,2.667
37849,NPP,2019-01-18 00:00:00+00:00,826.8592290103802,2.0
37849,NPP,2019-01-19 00:00:00+00:00,826.859025989078,2.667
37849,NPP,2019-01-20 00:00:00+00:00,826.8587536021882,1.667
37849,NPP,2019-01-21 00:00:00+00:00,826.8584845990104,1.667
37849,NPP,2019-01-22 00:00:00+00:00,826.8581766834545,2.0
37849,NPP,2019-01-23 00:00:00+00:00,826.8579702785382,4.0
37849,NPP,2019-01-24 00:00:00+00:00,826.8576572875068,4.333
37849,NPP,2019-01-25 00:00:00+00:00,826.857310459648,3.333
37849,NPP,2019-01-26 00:00:00+00:00,826.8570110034343,3.0
37849,NPP,2019-01-27 00:00:00+00:00,826.8566134203675,2.0
37849,NPP,2019-01-28 00:00:00+00:00,826.8562784355299,0.667
37849,NPP,2019-01-29 00:00:00+00:00,826.8559992815303,1.667
39084,LANDSAT 8,2017-12-02 00:00:00+00:00,702.5160349966054,2.333
39084,LANDSAT 8,2017-12-03 00:00:00+00:00,702.5151894652736,0.667
39084,LANDSAT 8,2017-12-04 00:00:00+00:00,702.5146160591103,4.0
39084,LANDSAT 8,2017-12-05 00:00:00+00:00,702.5137672886203,5.0
39084,LANDSAT 8,2017-12-06 00:00:00+00:00,702.5129411954495,4.0
39084,LANDSAT 8,2017-12-07 00:00:00+00:00,702.5125330083238,3.333
39084,LANDSAT 8,2017-12-08 00:00:00+00:00,702.5119336860639,2.0
39084,LANDSAT 8,2017-12-09 00:00:00+00:00,702.5112371765681,1.667
39084,LANDSAT 8,2017-12-10 00:00:00+00:00,702.5350190232466,1.333
39084,LANDSAT 8,2017-12-11 00:00:00+00:00,702.5343678625459,3.333
39084,LANDSAT 8,2017-12-12 00:00:00+00:00,702.5332080841572,4.0
39084,LANDSAT 8,2017-12-13 00:00:00+00:00,702.532702706013,2.667
39084,LANDSAT 8,2017-12-14 00:00:00+00:00,702.5323139536558,2.667
39084,LANDSAT 8,2017-12-15 00:00:00+00:00,702.5315980015384,1.333
39084,LANDSAT 8,2017-12-16 00:00:00+00:00,702.5307135903486,2.0
39084,LANDSAT 8,2017-12-17 00:00:00+00:00,702.5297481894386,4.667
39084,LANDSAT 8,2017-12-18 00:00:00+00:00,702.5286094703315,4.333
39084,LANDSAT 8,2017-12-19 00:00:00+00:00,702.5278238677993,2.333
39084,LANDSAT 8,2017-12-20 00:00:00+00:00,702.5270884792362,2.0
39084,LANDSAT 8,2017-12-21 00:00:00+00:00,702.522948280166,1.0
39084,LANDSAT 8,2017-12-22 00:00:00+00:00,702.5021760896025,1.0
39084,LANDSAT 8,2017-12-23 00:00:00+00:00,702.5015994464984,2.667
39084,LANDSAT 8,2017-12-24 00:00:00+00:00,702.5010940739976,3.333
39084,LANDSAT 8,2017-12-25 00:00:00+00:00,702.4999634653304,3.0
39084,LANDSAT 8,2017-12-26 00:00:00+00:00,702.4994127391974,3.667
39084,LANDSAT 8,2017-12-27 00:00:00+00:00,702.4983453026989,2.667
39084,LANDSAT 8,2017-12-28 00:00:00+00:00,702.4977378845274,1.667
39084,LANDSAT 8,2017-12-29 00:00:00+00:00,702.4972616687796,2.333
39084,LANDSAT 8,2017-12-30 00:00:00+00:00,702.4967141827447,1.667
39084,LANDSAT 8,2017-12-31 00:00:00+00:00,702.4960128176544,2.0
39084,LANDSAT 8,2018-01-01 00:00:00+00:00,702.4951527142684,3.667
39084,LANDSAT 8,2018-01-02 00:00:00+00:00,702.4946894571904,2.0
39084,LANDSAT 8,2018-01-03 00:00:00+00:00,702.4935685697501,1.0
39084,LANDSAT 8,2018-01-04 00:00:00+00:00,702.4928202318542,1.333
39084,LANDSAT 8,2018-01-05 00:00:00+00:00,702.4923116213567,2.0
39084,LANDSAT 8,2018-01-06 00:00:00+00:00,702.4916831473693,1.333
39084,LANDSAT 8,2018-01-07 00:00:00+00:00,702.4910741108542,1.0
39084,LANDSAT 8,2018-01-08 00:00:00+00:00,702.4904909909119,3.667
39084,LANDSAT 8,2018-01-09 00:00:00+00:00,702.4898673766597,3.667
39084,LANDSAT 8,2018-01-10 00:00:00+00:00,702.4891611539297,1.667
39084,LANDSAT 8,2018-01-11 00:00:00+00:00,702.4885780343875,1.0
39084,LANDSAT 8,2018-01-12 00:00:00+00:00,702.4878880097367,1.333
39084,LANDSAT 8,2018-01-13 00:00:00+00:00,702.4870829811948,3.0
39084,LANDSAT 8,2018-01-14 00:00:00+00:00,702.4863184472538,4.667
39084,LANDSAT 8,2018-01-15 00:00:00+00:00,702.4858260356732,3.667
39084,LANDSAT 8,2018-01-16 00:00:00+00:00,702.4853627801203,2.0
39084,LANDSAT 8,2018-01-17 00:00:00+00:00,702.4848833269061,0.667
39084,LANDSAT 8,2018-01-18 00:00:00+00:00,702.4842159799946,0.333
39084,LANDSAT 8,2018-01-19 00:00:00+00:00,702.482939598468,2.667
39084,LANDSAT 8,2018-01-20 00:00:00+00:00,702.4822187995242,3.0
39084,LANDSAT 8,2018-01-21 00:00:00+00:00,702.481624342985,3.0
39084,LANDSAT 8,2018-01-22 00:00:00+00:00,702.4808581907496,3.333
39084,LANDSAT 8,2018-01-23 00:00:00+00:00,702.480508320034,2.0
39084,LANDSAT 8,2018-01-24 00:00:00+00:00,702.4800159094611,4.0
39084,LANDSAT 8,2018-01-25 00:00:00+00:00,702.4796174457165,3.0
39084,LANDSAT 8,2018-01-26 00:00:00+00:00,702.4787298112101,3.0
39084,LANDSAT 8,2018-01-27 00:00:00+00:00,702.4780932413892,2.667
39084,LANDSAT 8,2018-01-28 00:00:00+00:00,702.4771975085132,1.667
39084,LANDSAT 8,2018-01-29 00:00:00+00:00,702.4766629845144,1.0
39084,LANDSAT 8,2018-01-30 00:00:00+00:00,702.4760507116903,2.333
39084,LANDSAT 8,2018-01-31 00:00:00+00:00,702.4756700659509,2.667
39084,LANDSAT 8,2018-02-01 00:00:00+00:00,702.4826901629963,2.667
39084,LANDSAT 8,2018-02-02 00:00:00+00:00,702.5012252764636,2.0
39084,LANDSAT 8,2018-02-03 00:00:00+00:00,702.5007312425219,1.667
39084,LANDSAT 8,2018-02-04 00:00:00+00:00,702.499543941593,2.333
39084,LANDSAT 8,2018-02-05 00:00:00+00:00,702.4989996946751,3.0
39084,LANDSAT 8,2018-02-06 00:00:00+00:00,702.4985364369686,2.333
39084,LANDSAT 8,2018-02-07 00:00:00+00:00,702.4980780386823,1.667
39084,LANDSAT 8,2018-02-08 00:00:00+00:00,702.4974949172956,1.333
39084,LANDSAT 8,2018-02-09 00:00:00+00:00,702.4971887786155,2.667
39084,LANDSAT 8,2018-02-10 00:00:00+00:00,702.4966704486528,2.333
39084,LANDSAT 8,2018-02-11 00:00:00+00:00,702.4960225363284,0.667
39084,LANDSAT 8,2018-02-12 00:00:00+00:00,702.4953649054792,1.667
39084,LANDSAT 8,2018-02-13 00:00:00+00:00,702.4943217671871,0.667
39084,LANDSAT 8,2018-02-14 00:00:00+00:00,702.4936673762936,1.333
39084,LANDSAT 8,2018-02-15 00:00:00+00:00,702.4930891151444,4.667
39084,LANDSAT 8,2018-02-16 00:00:00+00:00,702.4925027552272,2.333
39084,LANDSAT 8,2018-02-17 00:00:00+00:00,702.4919666085634,3.667
39084,LANDSAT 8,2018-02-18 00:00:00+00:00,702.4913024995321,4.0
39084,LANDSAT 8,2018-02-19 00:00:00+00:00,702.49059465667,4.0
39084,LANDSAT 8,2018-02-20 00:00:00+00:00,702.4898657568801,2.667
39084,LANDSAT 8,2018-02-21 00:00:00+00:00,702.489149815492,2.0
39084,LANDSAT 8,2018-02-22 00:00:00+00:00,702.4886978978357,3.667
39084,LANDSAT 8,2018-02-23 00:00:00+00:00,702.4879641392022,4.333
39084,LANDSAT 8,2018-02-24 00:00:00+00:00,702.4875494765729,3.333
39084,LANDSAT 8,2018-02-25 00:00:00+00:00,702.4870926998424,2.0
39084,LANDSAT 8,2018-02-26 00:00:00+00:00,702.4868286764477,3.0
39084,LANDSAT 8,2018-02-27 00:00:00+00:00,702.4861256940326,5.333
39084,LANDSAT 8,2018-02-28 00:00:00+00:00,702.4853773580967,2.333
39084,LANDSAT 8,2018-03-01 00:00:00+00:00,702.4848412127712,2.667
39084,LANDSAT 8,2018-03-02 00:00:00+00:00,702.4843714783588,2.667
39084,LANDSAT 8,2018-03-03 00:00:00+00:00,702.4833186254086,2.667
39084,LANDSAT 8,2018-03-04 00:00:00+00:00,702.4829833323452,2.667
39084,LANDSAT 8,2018-03-05 00:00:00+00:00,702.4824471874813,1.333
39084,LANDSAT 8,2018-03-06 00:00:00+00:00,702.4817863202288,2.0
39084,LANDSAT 8,2018-03-07 00:00:00+00:00,702.481266373316,2.667
39084,LANDSAT 8,2018-03-08 00:00:00+00:00,702.4807464264868,1.667
39084,LANDSAT 8,2018-03-09 00:00:00+00:00,702.4797664646703,4.333
39084,LANDSAT 8,2018-03-10 00:00:00+00:00,702.4791655295712,4.0
39084,LANDSAT 8,2018-03-11 00:00:00+00:00,702.4788286172252,2.333
39084,LANDSAT 8,2018-03-12 00:00:00+00:00,702.4783426860322,1.0
39084,LANDSAT 8,2018-03-13 00:00:00+00:00,702.477898868945,1.0
39084,LANDSAT 8,2018-03-14 00:00:00+00:00,702.477578154454,4.0
39084,LANDSAT 8,2018-03-15 00:00:00+00:00,702.476632208889,4.0
39084,LANDSAT 8,2018-03-16 00:00:00+00:00,702.49534708789,4.333
39084,LANDSAT 8,2018-03-17 00:00:00+00:00,702.495029610981,4.333
39084,LANDSAT 8,2018-03-18 00:00:00+00:00,702.4947445297057,6.0
39084,LANDSAT 8,2018-03-19 00:00:00+00:00,702.4937791410557,4.333
39084,LANDSAT 8,2018-03-20 00:00:00+00:00,702.4933385611112,3.0
39084,LANDSAT 8,2018-03-21 00:00:00+00:00,702.4928623461001,2.0
39084,LANDSAT 8,2018-03-22 00:00:00+00:00,702.4919714678917,3.0
39084,LANDSAT 8,2018-03-23 00:00:00+00:00,702.4914337015462,4.0
39084,LANDSAT 8,2018-03-24 00:00:00+00:00,702.4906367708836,2.667
39084,LANDSAT 8,2018-03-25 00:00:00+00:00,702.4895725772435,4.0
39084,LANDSAT 8,2018-03-26 00:00:00+00:00,702.4890979826378,3.0
39084,LANDSAT 8,2018-03-27 00:00:00+00:00,702.4887059967141,3.0
39084,LANDSAT 8,2018-03-28 00:00:00+00:00,702.4882362615854,0.667
39084,LANDSAT 8,2018-03-29 00:00:00+00:00,702.4877438496728,1.667
39084,LANDSAT 8,2018-03-30 00:00:00+00:00,702.4872287609887,2.333
39084,LANDSAT 8,2018-03-31 00:00:00+00:00,702.4866796571168,2.667
39084,LANDSAT 8,2018-04-01 00:00:00+00:00,702.4860722414514,1.333
39084,LANDSAT 8,2018-04-02 00:00:00+00:00,702.4852607343296,1.667
39084,LANDSAT 8,2018-04-03 00:00:00+00:00,702.4846403607753,2.0
39084,LANDSAT 8,2018-04-04 00:00:00+00:00,702.4838320936146,1.667
39084,LANDSAT 8,2018-04-05 00:00:00+00:00,702.483388275663,3.0
39084,LANDSAT 8,2018-04-06 00:00:00+00:00,702.4828197352581,1.667
39084,LANDSAT 8,2018-04-07 00:00:00+00:00,702.4824277502021,2.0
39084,LANDSAT 8,2018-04-08 00:00:00+00:00,702.481983932481,2.333
39084,LANDSAT 8,2018-04-09 00:00:00+00:00,702.4813068676149,4.333
39084,LANDSAT 8,2018-04-10 00:00:00+00:00,702.4806945937871,4.0
39084,LANDSAT 8,2018-04-11 00:00:00+00:00,702.4795996282255,4.333
39084,LANDSAT 8,2018-04-12 00:00:00+00:00,702.4792400390361,3.0
39084,LANDSAT 8,2018-04-13 00:00:00+00:00,702.4788739708074,3.667
39084,LANDSAT 8,2018-04-14 00:00:00+00:00,702.4783653628174,2.0
39084,LANDSAT 8,2018-04-15 00:00:00+00:00,702.4778356979159,2.333
39084,LANDSAT 8,2018-04-16 00:00:00+00:00,702.4769658814321,1.0
39084,LANDSAT 8,2018-04-17 00:00:00+00:00,702.4761495176203,1.0
39084,LANDSAT 8,2018-04-18 00:00:00+00:00,702.4753347738019,2.0
39084,LANDSAT 8,2018-04-19 00:00:00+00:00,702.4747467977813,1.0
39084,LANDSAT 8,2018-04-20 00:00:00+00:00,702.4846727577283,6.0
39084,LANDSAT 8,2018-04-21 00:00:00+00:00,702.487047346131,3.333
39084,LANDSAT 8,2018-04-22 00:00:00+00:00,702.487082981188,1.667
39084,LANDSAT 8,2018-04-23 00:00:00+00:00,702.4861111160499,3.0
39084,LANDSAT 8,2018-04-24 00:00:00+00:00,702.4857709633307,2.0
39084,LANDSAT 8,2018-04-25 00:00:00+00:00,702.4849092432983,2.0
39084,LANDSAT 8,2018-04-26 00:00:00+00:00,702.4841673867913,1.667
39084,LANDSAT 8,2018-04-27 00:00:00+00:00,702.4835227168587,2.667
39084,LANDSAT 8,2018-04-28 00:00:00+00:00,702.4828521307204,1.667
39084,LANDSAT 8,2018-04-29 00:00:00+00:00,702.4824293699762,1.333
39084,LANDSAT 8,2018-04-30 00:00:00+00:00,702.482000130206,2.333
39084,LANDSAT 8,2018-05-01 00:00:00+00:00,702.4814915216571,1.0
39084,LANDSAT 8,2018-05-02 00:00:00+00:00,702.4809327002617,2.0
39084,LANDSAT 8,2018-05-03 00:00:00+00:00,702.4804840234538,1.333
39084,LANDSAT 8,2018-05-04 00:00:00+00:00,702.4795931491408,1.333
39084,LANDSAT 8,2018-05-05 00:00:00+00:00,702.4788869289741,5.667
39084,LANDSAT 8,2018-05-06 00:00:00+00:00,702.4782017660077,5.667
39084,LANDSAT 8,2018-05-07 00:00:00+00:00,702.4777725268686,4.0
39084,LANDSAT 8,2018-05-08 00:00:00+00:00,702.4775522381324,3.667
39084,LANDSAT 8,2018-05-09 00:00:00+00:00,702.4769075697222,4.0
39084,LANDSAT 8,2018-05-10 00:00:00+00:00,702.476283958465,3.333
39084,LANDSAT 8,2018-05-11 00:00:00+00:00,702.4752975191086,3.667
39084,LANDSAT 8,2018-05-12 00:00:00+00:00,702.474571862796,3.667
39084,LANDSAT 8,2018-05-13 00:00:00+00:00,702.4739385334442,2.333
39084,LANDSAT 8,2018-05-14 00:00:00+00:00,702.4732144972386,2.0
39084,LANDSAT 8,2018-05-15 00:00:00+00:00,702.4727496239861,1.333
39084,LANDSAT 8,2018-05-16 00:00:00+00:00,702.4721503101446,1.333
39084,LANDSAT 8,2018-05-17 00:00:00+00:00,702.4714505709067,3.0
39084,LANDSAT 8,2018-05-18 00:00:00+00:00,702.4706536458584,1.667
39084,LANDSAT 8,2018-05-19 00:00:00+00:00,702.4700996859065,1.0
39084,LANDSAT 8,2018-05-20 00:00:00+00:00,702.4693707913857,1.0
39084,LANDSAT 8,2018-05-21 00:00:00+00:00,702.4688848618175,1.0
39084,LANDSAT 8,2018-05-22 00:00:00+00:00,702.4682677313808,2.0
39084,LANDSAT 8,2018-05-23 00:00:00+00:00,702.4678725088093,3.333
39084,LANDSAT 8,2018-05-24 00:00:00+00:00,702.4675420768658,1.333
39084,LANDSAT 8,2018-05-25 00:00:00+00:00,702.4670075546846,1.333
39084,LANDSAT 8,2018-05-26 00:00:00+00:00,702.4665167662279,1.333
39084,LANDSAT 8,2018-05-27 00:00:00+00:00,702.4659563280311,1.333
39084,LANDSAT 8,2018-05-28 00:00:00+00:00,702.4652760274735,1.667
39084,LANDSAT 8,2018-05-29 00:00:00+00:00,702.4645762899295,1.667
39084,LANDSAT 8,2018-05-30 00:00:00+00:00,702.4640223311571,1.667
39084,LANDSAT 8,2018-05-31 00:00:00+00:00,702.4840184406526,4.333
39084,LANDSAT 8,2018-06-01 00:00:00+00:00,702.5057234191095,4.667
39084,LANDSAT 8,2018-06-02 00:00:00+00:00,702.5052682592209,4.0
39084,LANDSAT 8,2018-06-03 00:00:00+00:00,702.5043579396702,2.667
39084,LANDSAT 8,2018-06-04 00:00:00+00:00,702.5037699576451,1.333
39084,LANDSAT 8,2018-06-05 00:00:00+00:00,702.502968164149,1.667
39084,LANDSAT 8,2018-06-06 00:00:00+00:00,702.5560797791741,3.667
39084,LANDSAT 8,2018-06-07 00:00:00+00:00,702.5583410417653,2.667
39084,LANDSAT 8,2018-06-08 00:00:00+00:00,702.5579668642285,2.0
39084,LANDSAT 8,2018-06-09 00:00:00+00:00,702.5572168894978,1.333
39084,LANDSAT 8,2018-06-10 00:00:00+00:00,702.5568378526687,1.0
39084,LANDSAT 8,2018-06-11 00:00:00+00:00,702.5563097928971,1.333
39084,LANDSAT 8,2018-06-12 00:00:00+00:00,702.555797931373,1.667
39084,LANDSAT 8,2018-06-13 00:00:00+00:00,702.5551192290518,2.0
39084,LANDSAT 8,2018-06-14 00:00:00+00:00,702.5546041281132,1.333
39084,LANDSAT 8,2018-06-15 00:00:00+00:00,702.5540760687572,1.0
39084,LANDSAT 8,2018-06-16 00:00:00+00:00,702.5536500577523,0.667
39084,LANDSAT 8,2018-06-17 00:00:00+00:00,702.5533876479644,1.667
39084,LANDSAT 8,2018-06-18 00:00:00+00:00,702.5528531095874,4.0
39084,LANDSAT 8,2018-06-19 00:00:00+00:00,702.5521727881528,2.333
39084,LANDSAT 8,2018-06-20 00:00:00+00:00,702.5516755056897,2.333
39084,LANDSAT 8,2018-06-21 00:00:00+00:00,702.550860740143,1.0
39084,LANDSAT 8,2018-06-22 00:00:00+00:00,702.5504201513204,1.333
39084,LANDSAT 8,2018-06-23 00:00:00+00:00,702.5498645559524,4.0
39084,LANDSAT 8,2018-06-24 00:00:00+00:00,702.5494466446335,2.667
39084,LANDSAT 8,2018-06-25 00:00:00+00:00,702.5491599380707,5.0
39084,LANDSAT 8,2018-06-26 00:00:00+00:00,702.5484229241565,4.667
39084,LANDSAT 8,2018-06-27 00:00:00+00:00,702.5478381725998,2.667
39084,LANDSAT 8,2018-06-28 00:00:00+00:00,702.5471740504672,1.667
39084,LANDSAT 8,2018-06-29 00:00:00+00:00,702.5464597144137,1.333
39084,LANDSAT 8,2018-06-30 00:00:00+00:00,702.5458555255386,1.0
39084,LANDSAT 8,2018-07-01 00:00:00+00:00,702.5454197969166,0.667
39084,LANDSAT 8,2018-07-02 00:00:00+00:00,702.5450132249207,1.0
39084,LANDSAT 8,2018-07-03 00:00:00+00:00,702.5446584868487,1.667
39084,LANDSAT 8,2018-07-04 00:00:00+00:00,702.5443280459485,1.333
39084,LANDSAT 8,2018-07-05 00:00:00+00:00,702.5437918894677,4.667
39084,LANDSAT 8,2018-07-06 00:00:00+00:00,702.5432184775159,3.667
39084,LANDSAT 8,2018-07-07 00:00:00+00:00,702.5426888004781,2.0
39084,LANDSAT 8,2018-07-08 00:00:00+00:00,702.5419971428373,1.333
39084,LANDSAT 8,2018-07-09 00:00:00+00:00,702.5417298747097,0.667
39084,LANDSAT 8,2018-07-10 00:00:00+00:00,702.5414852838985,2.333
39084,LANDSAT 8,2018-07-11 00:00:00+00:00,702.5411969583347,2.667
39084,LANDSAT 8,2018-07-12 00:00:00+00:00,702.540824402874,2.667
39084,LANDSAT 8,2018-07-13 00:00:00+00:00,702.5402153557966,2.667
39084,LANDSAT 8,2018-07-14 00:00:00+00:00,702.5394864432328,1.667
39084,LANDSAT 8,2018-07-15 00:00:00+00:00,702.5390037412408,1.333
39084,LANDSAT 8,2018-07-16 00:00:00+00:00,702.5382975062621,2.667
39084,LANDSAT 8,2018-07-17 00:00:00+00:00,702.5377937470157,3.0
39084,LANDSAT 8,2018-07-18 00:00:00+00:00,702.5373450611996,1.0
39084,LANDSAT 8,2018-07-19 00:00:00+00:00,702.5370065221309,1.0
39084,LANDSAT 8,2018-07-20 00:00:00+00:00,702.5367165772195,2.0
39084,LANDSAT 8,2018-07-21 00:00:00+00:00,702.5360832339679,3.333
39084,LANDSAT 8,2018-07-22 00:00:00+00:00,702.535325166019,1.333
39084,LANDSAT 8,2018-07-23 00:00:00+00:00,702.5346432289934,1.0
39084,LANDSAT 8,2018-07-24 00:00:00+00:00,702.5342479971628,4.0
39084,LANDSAT 8,2018-07-25 00:00:00+00:00,702.5337037435784,3.333
39084,LANDSAT 8,2018-07-26 00:00:00+00:00,702.533519086136,1.333
39084,LANDSAT 8,2018-07-27 00:00:00+00:00,702.5527656396753,1.667
39084,LANDSAT 8,2018-07-28 00:00:00+00:00,702.5525550639832,2.0
39084,LANDSAT 8,2018-07-29 00:00:00+00:00,702.5517743142545,1.333
39084,LANDSAT 8,2018-07-30 00:00:00+00:00,702.5510907534558,2.0
39084,LANDSAT 8,2018-07-31 00:00:00+00:00,702.5504541673677,2.333
39084,LANDSAT 8,2018-08-01 00:00:00+00:00,702.5498856134964,2.333
39084,LANDSAT 8,2018-08-02 00:00:00+00:00,702.5496264436797,2.667
39084,LANDSAT 8,2018-08-03 00:00:00+00:00,702.5493024814414,2.667
39084,LANDSAT 8,2018-08-04 00:00:00+00:00,702.5489914777299,2.0
39084,LANDSAT 8,2018-08-05 00:00:00+00:00,702.5486901929162,2.0
39084,LANDSAT 8,2018-08-06 00:00:00+00:00,702.5483921477544,1.0
39084,LANDSAT 8,2018-08-07 00:00:00+00:00,702.5479094442453,3.0
39084,LANDSAT 8,2018-08-08 00:00:00+00:00,702.5471837693258,1.667
39084,LANDSAT 8,2018-08-09 00:00:00+00:00,702.5465682416461,1.333
39084,LANDSAT 8,2018-08-10 00:00:00+00:00,702.5461179346248,1.333
39084,LANDSAT 8,2018-08-11 00:00:00+00:00,702.5459462348481,3.667
39084,LANDSAT 8,2018-08-12 00:00:00+00:00,702.5456692474968,2.0
39084,LANDSAT 8,2018-08-13 00:00:00+00:00,702.5451071738207,1.333
39084,LANDSAT 8,2018-08-14 00:00:00+00:00,702.5445888350891,1.333
39084,LANDSAT 8,2018-08-15 00:00:00+00:00,702.544366921351,4.0
39084,LANDSAT 8,2018-08-16 00:00:00+00:00,702.5431877011774,3.667
39084,LANDSAT 8,2018-08-17 00:00:00+00:00,702.5425770337783,4.0
39084,LANDSAT 8,2018-08-18 00:00:00+00:00,702.5422692704119,3.333
39084,LANDSAT 8,2018-08-19 00:00:00+00:00,702.5419517882447,2.667
39084,LANDSAT 8,2018-08-20 00:00:00+00:00,702.5415695138445,4.0
39084,LANDSAT 8,2018-08-22 00:00:00+00:00,702.5409053931871,2.333
39084,LANDSAT 8,2018-08-23 00:00:00+00:00,702.5401343654985,1.667
39084,LANDSAT 8,2018-08-24 00:00:00+00:00,702.5396872991246,2.667
39084,LANDSAT 8,2018-08-25 00:00:00+00:00,702.5391560029348,4.333
39084,LANDSAT 8,2018-08-26 00:00:00+00:00,702.5384173718185,7.333
39084,LANDSAT 8,2018-08-27 00:00:00+00:00,702.5378115648627,5.667
39084,LANDSAT 8,2018-08-28 00:00:00+00:00,702.5374876039778,3.667
39084,LANDSAT 8,2018-08-29 00:00:00+00:00,702.5368234842781,2.333
39084,LANDSAT 8,2018-08-30 00:00:00+00:00,702.5364476897848,1.667
39084,LANDSAT 8,2018-08-31 00:00:00+00:00,702.5357414554428,2.333
39084,LANDSAT 8,2018-09-01 00:00:00+00:00,702.5348764805922,2.0
39084,LANDSAT 8,2018-09-02 00:00:00+00:00,702.5342317991344,2.0
39084,LANDSAT 8,2018-09-03 00:00:00+00:00,702.5337912128962,1.333
39084,LANDSAT 8,2018-09-04 00:00:00+00:00,702.533496408907,3.0
39084,LANDSAT 8,2018-09-05 00:00:00+00:00,702.5331789277234,3.333
39084,LANDSAT 8,2018-09-06 00:00:00+00:00,702.5329165198332,2.0
39084,LANDSAT 8,2018-09-07 00:00:00+00:00,702.5324759337991,2.333
39084,LANDSAT 8,2018-09-08 00:00:00+00:00,702.5318911855366,2.333
39084,LANDSAT 8,2018-09-09 00:00:00+00:00,702.5313129165816,2.667
39084,LANDSAT 8,2018-09-10 00:00:00+00:00,702.5305111153048,5.0
39084,LANDSAT 8,2018-09-11 00:00:00+00:00,702.5299360862368,6.0
39084,LANDSAT 8,2018-09-12 00:00:00+00:00,702.5295181778606,4.0
39084,LANDSAT 8,2018-09-13 00:00:00+00:00,702.5291440041401,4.0
39084,LANDSAT 8,2018-09-14 00:00:00+00:00,702.5285624961525,4.333
39084,LANDSAT 8,2018-09-15 00:00:00+00:00,702.528061978242,2.667
39084,LANDSAT 8,2018-09-16 00:00:00+00:00,702.5273670845718,2.333
39084,LANDSAT 8,2018-09-17 00:00:00+00:00,702.5267386028104,3.333
39084,LANDSAT 8,2018-09-18 00:00:00+00:00,702.526369288843,2.333
39084,LANDSAT 8,2018-09-19 00:00:00+00:00,702.5259610997819,2.333
39084,LANDSAT 8,2018-09-20 00:00:00+00:00,702.5267969155411,0.667
39084,LANDSAT 8,2018-09-21 00:00:00+00:00,702.5486059627574,4.333
39084,LANDSAT 8,2018-09-22 00:00:00+00:00,702.5481054413003,4.667
39084,LANDSAT 8,2018-09-23 00:00:00+00:00,702.5472760984912,3.333
39084,LANDSAT 8,2018-09-24 00:00:00+00:00,702.5467464206922,2.333
39084,LANDSAT 8,2018-09-25 00:00:00+00:00,702.5457518577532,3.0
39084,LANDSAT 8,2018-09-26 00:00:00+00:00,702.5453112697269,2.667
39084,LANDSAT 8,2018-09-27 00:00:00+00:00,702.5448901194632,2.333
39084,LANDSAT 8,2018-09-28 00:00:00+00:00,702.5445499596844,3.0
39084,LANDSAT 8,2018-09-29 00:00:00+00:00,702.5440057041242,3.333
39084,LANDSAT 8,2018-09-30 00:00:00+00:00,702.543461448668,2.333
39084,LANDSAT 8,2018-10-01 00:00:00+00:00,702.5429188131266,3.667
39084,LANDSAT 8,2018-10-02 00:00:00+00:00,702.5422465931133,3.667
39084,LANDSAT 8,2018-10-03 00:00:00+00:00,702.5418740375144,2.333
39084,LANDSAT 8,2018-10-04 00:00:00+00:00,702.5411240670451,1.667
39084,LANDSAT 8,2018-10-05 00:00:00+00:00,702.5407839077179,3.0
39084,LANDSAT 8,2018-10-06 00:00:00+00:00,702.540370857163,3.0
39084,LANDSAT 8,2018-10-07 00:00:00+00:00,702.539765049788,5.333
39084,LANDSAT 8,2018-10-08 00:00:00+00:00,702.5392240347642,4.333
39084,LANDSAT 8,2018-10-09 00:00:00+00:00,702.5388255626749,3.667
39084,LANDSAT 8,2018-10-10 00:00:00+00:00,702.5381063693053,4.667
39084,LANDSAT 8,2018-10-11 00:00:00+00:00,702.5380917910593,3.0
39084,LANDSAT 8,2018-10-12 00:00:00+00:00,702.5378455807709,1.667
39084,LANDSAT 8,2018-10-13 00:00:00+00:00,702.5384011737697,4.333
39084,LANDSAT 8,2018-10-14 00:00:00+00:00,702.5367279158486,2.0
39084,LANDSAT 8,2018-10-15 00:00:00+00:00,702.535688001934,3.0
39084,LANDSAT 8,2018-10-16 00:00:00+00:00,702.5353527026732,2.0
39084,LANDSAT 8,2018-10-17 00:00:00+00:00,702.534079537706,1.667
39084,LANDSAT 8,2018-10-18 00:00:00+00:00,702.5321681715368,0.333
39084,LANDSAT 8,2018-10-19 00:00:00+00:00,702.5321940883568,0.667
39084,LANDSAT 8,2018-10-20 00:00:00+00:00,702.5318004766723,0.333
39084,LANDSAT 8,2018-10-21 00:00:00+00:00,702.5315737045371,2.0
39084,LANDSAT 8,2018-10-22 00:00:00+00:00,702.5313339739932,2.667
39084,LANDSAT 8,2018-10-23 00:00:00+00:00,702.5314716570647,1.0
39084,LANDSAT 8,2018-10-24 00:00:00+00:00,702.5319818944113,1.333
39084,LANDSAT 8,2018-10-25 00:00:00+00:00,702.5308917684042,2.0
39084,LANDSAT 8,2018-10-26 00:00:00+00:00,702.5299782010352,2.333
39084,LANDSAT 8,2018-10-27 00:00:00+00:00,702.5284863656016,1.667
39084,LANDSAT 8,2018-10-28 00:00:00+00:00,702.5268147333277,1.333
39084,LANDSAT 8,2018-10-29 00:00:00+00:00,702.5261700536994,0.333
39084,LANDSAT 8,2018-10-30 00:00:00+00:00,702.524997320294,2.0
39084,LANDSAT 8,2018-10-31 00:00:00+00:00,702.5242084791662,1.667
39084,LANDSAT 8,2018-11-01 00:00:00+00:00,702.5236512691422,2.0
39084,LANDSAT 8,2018-11-02 00:00:00+00:00,702.5233661849852,2.667
39084,LANDSAT 8,2018-11-03 00:00:00+00:00,702.5238764208884,2.0
39084,LANDSAT 8,2018-11-04 00:00:00+00:00,702.5235443625807,5.333
39084,LANDSAT 8,2018-11-05 00:00:00+00:00,702.5231766688362,5.667
39084,LANDSAT 8,2018-11-06 00:00:00+00:00,702.5227701000408,3.667
39084,LANDSAT 8,2018-11-07 00:00:00+00:00,702.5216945557404,3.333
39084,LANDSAT 8,2018-11-08 00:00:00+00:00,702.5218986500113,4.0
39084,LANDSAT 8,2018-11-09 00:00:00+00:00,702.5211827004696,4.0
39084,LANDSAT 8,2018-11-10 00:00:00+00:00,702.5209688875375,4.333
39084,LANDSAT 8,2018-11-11 00:00:00+00:00,702.5201330734981,3.0
39084,LANDSAT 8,2018-11-12 00:00:00+00:00,702.5199548961191,3.333
39084,LANDSAT 8,2018-11-13 00:00:00+00:00,702.5183480606211,2.0
39084,LANDSAT 8,2018-11-14 00:00:00+00:00,702.5174701327405,1.333
39084,LANDSAT 8,2018-11-15 00:00:00+00:00,702.5151570694416,0.667
39084,LANDSAT 8,2018-11-16 00:00:00+00:00,702.514003778083,1.0
39084,LANDSAT 8,2018-11-17 00:00:00+00:00,702.5135291793877,0.667
39084,LANDSAT 8,2018-11-18 00:00:00+00:00,702.5131582473568,1.0
39084,LANDSAT 8,2018-11-19 00:00:00+00:00,702.5132975493507,1.667
39084,LANDSAT 8,2018-11-20 00:00:00+00:00,702.5131874035833,3.0
39084,LANDSAT 8,2018-11-21 00:00:00+00:00,702.5134044555116,2.667
39084,LANDSAT 8,2018-11-22 00:00:00+00:00,702.5136053095566,1.0
39084,LANDSAT 8,2018-11-23 00:00:00+00:00,702.5129800704162,1.0
39084,LANDSAT 8,2018-11-24 00:00:00+00:00,702.5124763156718,1.667
39084,LANDSAT 8,2018-11-25 00:00:00+00:00,702.5105892609145,1.0
39084,LANDSAT 8,2018-11-26 00:00:00+00:00,702.5104289019791,0.667
39084,LANDSAT 8,2018-11-27 00:00:00+00:00,702.5094716067579,2.333
39084,LANDSAT 8,2018-11-28 00:00:00+00:00,702.5081935940689,1.0
39084,LANDSAT 8,2018-11-29 00:00:00+00:00,702.5060182201796,2.0
39084,LANDSAT 8,2018-11-30 00:00:00+00:00,702.5058627206963,1.333
39084,LANDSAT 8,2018-12-01 00:00:00+00:00,702.504579850277,3.0
39084,LANDSAT 8,2018-12-02 00:00:00+00:00,702.5040971542358,3.667
39084,LANDSAT 8,2018-12-03 00:00:00+00:00,702.5033504333433,3.0
39084,LANDSAT 8,2018-12-04 00:00:00+00:00,702.5030216170408,3.0
39084,LANDSAT 8,2018-12-05 00:00:00+00:00,702.5029471069483,2.0
39084,LANDSAT 8,2018-12-06 00:00:00+00:00,702.502772170219,2.0
39084,LANDSAT 8,2018-12-07 00:00:00+00:00,702.5035658647525,3.333
39084,LANDSAT 8,2018-12-08 00:00:00+00:00,702.5028029462001,3.333
39084,LANDSAT 8,2018-12-09 00:00:00+00:00,702.5019881946391,3.667
39084,LANDSAT 8,2018-12-10 00:00:00+00:00,702.5018683306225,3.0
39084,LANDSAT 8,2018-12-11 00:00:00+00:00,702.5014407077138,2.667
39084,LANDSAT 8,2018-12-12 00:00:00+00:00,702.4989624396821,2.0
39084,LANDSAT 8,2018-12-13 00:00:00+00:00,702.4987259514814,1.0
39084,LANDSAT 8,2018-12-14 00:00:00+00:00,702.4999991005452,0.667
39084,LANDSAT 8,2018-12-15 00:00:00+00:00,702.5051532544085,0.333
39084,LANDSAT 8,2018-12-16 00:00:00+00:00,702.5126609723548,0.667
39084,LANDSAT 8,2018-12-17 00:00:00+00:00,702.5195612874791,2.333
39084,LANDSAT 8,2018-12-18 00:00:00+00:00,702.5236415503641,2.667
39084,LANDSAT 8,2018-12-19 00:00:00+00:00,702.5291537232106,2.0
39084,LANDSAT 8,2018-12-20 00:00:00+00:00,702.5287374345066,3.0
39084,LANDSAT 8,2018-12-21 00:00:00+00:00,702.5280911346163,2.0
39084,LANDSAT 8,2018-12-22 00:00:00+00:00,702.5245810324413,1.0
39084,LANDSAT 8,2018-12-23 00:00:00+00:00,702.5203971001765,0.667
39084,LANDSAT 8,2018-12-24 00:00:00+00:00,702.518169883354,1.333
39084,LANDSAT 8,2018-12-25 00:00:00+00:00,702.5157628715515,1.667
39084,LANDSAT 8,2018-12-26 00:00:00+00:00,702.5150857986159,1.0
39084,LANDSAT 8,2018-12-27 00:00:00+00:00,702.5148525486447,2.333
39084,LANDSAT 8,2018-12-28 00:00:00+00:00,702.5147456424147,4.333
39084,LANDSAT 8,2018-12-29 00:00:00+00:00,702.5127047060741,3.0
39084,LANDSAT 8,2018-12-30 00:00:00+00:00,702.511169145419,3.0
39084,LANDSAT 8,2018-12-31 00:00:00+00:00,702.5097939446568,3.0
39084,LANDSAT 8,2019-01-01 00:00:00+00:00,702.5090828575885,2.667
39084,LANDSAT 8,2019-01-02 00:00:00+00:00,702.5089889098817,0.333
39084,LANDSAT 8,2019-01-03 00:00:00+00:00,702.5085515671444,1.0
39084,LANDSAT 8,2019-01-04 00:00:00+00:00,702.507960344667,3.333
39084,LANDSAT 8,2019-01-06 00:00:00+00:00,702.508107745326,3.0
39084,LANDSAT 8,2019-01-07 00:00:00+00:00,702.5077870274126,2.333
39084,LANDSAT 8,2019-01-08 00:00:00+00:00,702.5060570950518,2.333
39084,LANDSAT 8,2019-01-09 00:00:00+00:00,702.5055420030367,1.667
39084,LANDSAT 8,2019-01-10 00:00:00+00:00,702.5051856501241,1.333
39084,LANDSAT 8,2019-01-11 00:00:00+00:00,702.5052990351369,3.333
39084,LANDSAT 8,2019-01-12 00:00:00+00:00,702.5054707324525,1.0
39084,LANDSAT 8,2019-01-13 00:00:00+00:00,702.5041846226386,1.0
39084,LANDSAT 8,2019-01-14 00:00:00+00:00,702.5029859817787,2.667
39084,LANDSAT 8,2019-01-15 00:00:00+00:00,702.5026652645647,2.667
39084,LANDSAT 8,2019-01-16 00:00:00+00:00,702.5023477867171,2.667
39084,LANDSAT 8,2019-01-17 00:00:00+00:00,702.5023170108284,2.667
39084,LANDSAT 8,2019-01-18 00:00:00+00:00,702.5014990199029,2.0
39084,LANDSAT 8,2019-01-19 00:00:00+00:00,702.5007701173081,2.667
39084,LANDSAT 8,2019-01-20 00:00:00+00:00,702.5001254436147,1.667
39084,LANDSAT 8,2019-01-21 00:00:00+00:00,702.4994532337623,1.667
39084,LANDSAT 8,2019-01-22 00:00:00+00:00,702.4992993544201,2.0
39084,LANDSAT 8,2019-01-23 00:00:00+00:00,702.4983015685802,4.0
39084,LANDSAT 8,2019-01-24 00:00:00+00:00,702.497993810031,4.333
39084,LANDSAT 8,2019-01-25 00:00:00+00:00,702.4975467503027,3.333
39084,LANDSAT 8,2019-01-26 00:00:00+00:00,702.4983307246548,3.0
39084,LANDSAT 8,2019-01-27 00:00:00+00:00,702.4991762509526,2.0
39084,LANDSAT 8,2019-01-28 00:00:00+00:00,702.5017468468604,0.667
39084,LANDSAT 8,2019-01-29 00:00:00+00:00,702.5026004730698,1.667
39444,FUNCUBE 1,2017-12-02 00:00:00+00:00,624.3102358842511,2.333
39444,FUNCUBE 1,2017-12-03 00:00:00+00:00,624.3080066440716,0.667
39444,FUNCUBE 1,2017-12-04 00:00:00+00:00,624.3058372721139,4.0
39444,FUNCUBE 1,2017-12-05 00:00:00+00:00,624.3029022421574,5.0
39444,FUNCUBE 1,2017-12-06 00:00:00+00:00,624.2991889531095,4.0
39444,FUNCUBE 1,2017-12-07 00:00:00+00:00,624.2969707497123,3.333
39444,FUNCUBE 1,2017-12-08 00:00:00+00:00,624.294943174722,2.0
39444,FUNCUBE 1,2017-12-09 00:00:00+00:00,624.2924461243674,1.667
39444,FUNCUBE 1,2017-12-10 00:00:00+00:00,624.2903791670315,1.333
39444,FUNCUBE 1,2017-12-11 00:00:00+00:00,624.2870109120795,3.333
39444,FUNCUBE 1,2017-12-12 00:00:00+00:00,624.2852401381524,4.0
39444,FUNCUBE 1,2017-12-13 00:00:00+00:00,624.2818246265952,2.667
39444,FUNCUBE 1,2017-12-14 00:00:00+00:00,624.2799467272935,2.667
39444,FUNCUBE 1,2017-12-15 00:00:00+00:00,624.2774701707431,1.333
39444,FUNCUBE 1,2017-12-16 00:00:00+00:00,624.2748029911236,2.0
39444,FUNCUBE 1,2017-12-17 00:00:00+00:00,624.2709826112514,4.667
39444,FUNCUBE 1,2017-12-18 00:00:00+00:00,624.2691015685978,4.333
39444,FUNCUBE 1,2017-12-19 00:00:00+00:00,624.2665525525099,2.333
39444,FUNCUBE 1,2017-12-20 00:00:00+00:00,624.2643753356087,2.0
39444,FUNCUBE 1,2017-12-21 00:00:00+00:00,624.2620925681604,1.0
39444,FUNCUBE 1,2017-12-22 00:00:00+00:00,624.2595451339675,1.0
39444,FUNCUBE 1,2017-12-23 00:00:00+00:00,624.2566180295239,2.667
39444,FUNCUBE 1,2017-12-24 00:00:00+00:00,624.2539177862654,3.333
39444,FUNCUBE 1,2017-12-25 00:00:00+00:00,624.2507858854406,3.0
39444,FUNCUBE 1,2017-12-26 00:00:00+00:00,624.2484999781509,3.667
39444,FUNCUBE 1,2017-12-27 00:00:00+00:00,624.2460281755993,2.667
39444,FUNCUBE 1,2017-12-28 00:00:00+00:00,624.2434760299411,1.667
39444,FUNCUBE 1,2017-12-29 00:00:00+00:00,624.2419478944566,2.333
39444,FUNCUBE 1,2017-12-30 00:00:00+00:00,624.23954068891,1.667
39444,FUNCUBE 1,2017-12-31 00:00:00+00:00,624.2371240330667,2.0
39444,FUNCUBE 1,2018-01-01 00:00:00+00:00,624.2346569667361,3.667
39444,FUNCUBE 1,2018-01-02 00:00:00+00:00,624.2325238855942,2.0
39444,FUNCUBE 1,2018-01-03 00:00:00+00:00,624.2304286154636,1.0
39444,FUNCUBE 1,2018-01-04 00:00:00+00:00,624.228894185524,1.333
39444,FUNCUBE 1,2018-01-05 00:00:00+00:00,624.2269816631597,2.0
39444,FUNCUBE 1,2018-01-06 00:00:00+00:00,624.225412576679,1.333
39444,FUNCUBE 1,2018-01-07 00:00:00+00:00,624.2233645733718,1.0
39444,FUNCUBE 1,2018-01-08 00:00:00+00:00,624.2213701347332,3.667
39444,FUNCUBE 1,2018-01-09 00:00:00+00:00,624.2195521405679,3.667
39444,FUNCUBE 1,2018-01-10 00:00:00+00:00,624.2179294951256,1.667
39444,FUNCUBE 1,2018-01-11 00:00:00+00:00,624.2160232817787,1.0
39444,FUNCUBE 1,2018-01-12 00:00:00+00:00,624.213735827474,1.333
39444,FUNCUBE 1,2018-01-13 00:00:00+00:00,624.2116862574012,3.0
39444,FUNCUBE 1,2018-01-14 00:00:00+00:00,624.2093263392203,4.667
39444,FUNCUBE 1,2018-01-15 00:00:00+00:00,624.208095968781,3.667
39444,FUNCUBE 1,2018-01-16 00:00:00+00:00,624.206622990825,2.0
39444,FUNCUBE 1,2018-01-17 00:00:00+00:00,624.2048113077553,0.667
39444,FUNCUBE 1,2018-01-18 00:00:00+00:00,624.2024939304392,0.333
39444,FUNCUBE 1,2018-01-19 00:00:00+00:00,624.200130869257,2.667
39444,FUNCUBE 1,2018-01-20 00:00:00+00:00,624.1985744007134,3.0
39444,FUNCUBE 1,2018-01-21 00:00:00+00:00,624.1962601793571,3.0
39444,FUNCUBE 1,2018-01-22 00:00:00+00:00,624.1945461759201,3.333
39444,FUNCUBE 1,2018-01-23 00:00:00+00:00,624.1927880631997,2.0
39444,FUNCUBE 1,2018-01-24 00:00:00+00:00,624.1914080400074,4.0
39444,FUNCUBE 1,2018-01-25 00:00:00+00:00,624.1893128006191,3.0
39444,FUNCUBE 1,2018-01-26 00:00:00+00:00,624.1872459193896,3.0
39444,FUNCUBE 1,2018-01-27 00:00:00+00:00,624.1854421256585,2.667
39444,FUNCUBE 1,2018-01-28 00:00:00+00:00,624.183466618404,1.667
39444,FUNCUBE 1,2018-01-29 00:00:00+00:00,624.1817085126345,1.0
39444,FUNCUBE 1,2018-01-30 00:00:00+00:00,624.1803158920029,2.333
39444,FUNCUBE 1,2018-01-31 00:00:00+00:00,624.1787310779673,2.667
39444,FUNCUBE 1,2018-02-01 00:00:00+00:00,624.1769587969293,2.667
39444,FUNCUBE 1,2018-02-02 00:00:00+00:00,624.1751361055117,2.0
39444,FUNCUBE 1,2018-02-03 00:00:00+00:00,624.173403210712,1.667
39444,FUNCUBE 1,2018-02-04 00:00:00+00:00,624.172056279579,2.333
39444,FUNCUBE 1,2018-02-05 00:00:00+00:00,624.1706935955281,3.0
39444,FUNCUBE 1,2018-02-06 00:00:00+00:00,624.1689544020514,2.333
39444,FUNCUBE 1,2018-02-07 00:00:00+00:00,624.1674751433411,1.667
39444,FUNCUBE 1,2018-02-08 00:00:00+00:00,624.1658982132776,1.333
39444,FUNCUBE 1,2018-02-09 00:00:00+00:00,624.1639447746984,2.667
39444,FUNCUBE 1,2018-02-10 00:00:00+00:00,624.1627317531102,2.333
39444,FUNCUBE 1,2018-02-11 00:00:00+00:00,624.160578247147,0.667
39444,FUNCUBE 1,2018-02-12 00:00:00+00:00,624.1588689915952,1.667
39444,FUNCUBE 1,2018-02-13 00:00:00+00:00,624.1566351458441,0.667
39444,FUNCUBE 1,2018-02-14 00:00:00+00:00,624.1547793853333,1.333
39444,FUNCUBE 1,2018-02-15 00:00:00+00:00,624.1532796544861,4.667
39444,FUNCUBE 1,2018-02-16 00:00:00+00:00,624.1518303355242,2.333
39444,FUNCUBE 1,2018-02-17 00:00:00+00:00,624.1494137553605,3.667
39444,FUNCUBE 1,2018-02-18 00:00:00+00:00,624.1475753284244,4.0
39444,FUNCUBE 1,2018-02-19 00:00:00+00:00,624.1457148478999,4.0
39444,FUNCUBE 1,2018-02-20 00:00:00+00:00,624.1440197795046,2.667
39444,FUNCUBE 1,2018-02-21 00:00:00+00:00,624.1424570407771,2.0
39444,FUNCUBE 1,2018-02-22 00:00:00+00:00,624.141195192929,3.667
39444,FUNCUBE 1,2018-02-23 00:00:00+00:00,624.139107867888,4.333
39444,FUNCUBE 1,2018-02-24 00:00:00+00:00,624.1364707513021,3.333
39444,FUNCUBE 1,2018-02-25 00:00:00+00:00,624.134807195237,2.0
39444,FUNCUBE 1,2018-02-26 00:00:00+00:00,624.1329577505435,3.0
39444,FUNCUBE 1,2018-02-27 00:00:00+00:00,624.1308278975189,5.333
39444,FUNCUBE 1,2018-02-28 00:00:00+00:00,624.1288823601194,2.333
39444,FUNCUBE 1,2018-03-01 00:00:00+00:00,624.1278709962785,2.667
39444,FUNCUBE 1,2018-03-02 00:00:00+00:00,624.1256292985645,2.667
39444,FUNCUBE 1,2018-03-03 00:00:00+00:00,624.1234836978242,2.667
39444,FUNCUBE 1,2018-03-04 00:00:00+00:00,624.1215775487362,2.667
39444,FUNCUBE 1,2018-03-05 00:00:00+00:00,624.1197249621218,1.333
39444,FUNCUBE 1,2018-03-06 00:00:00+00:00,624.1179054586037,2.0
39444,FUNCUBE 1,2018-03-07 00:00:00+00:00,624.1162293109564,2.667
39444,FUNCUBE 1,2018-03-08 00:00:00+00:00,624.1149800775288,1.667
39444,FUNCUBE 1,2018-03-09 00:00:00+00:00,624.1132267407424,4.333
39444,FUNCUBE 1,2018-03-10 00:00:00+00:00,624.1112875168119,4.0
39444,FUNCUBE 1,2018-03-11 00:00:00+00:00,624.1083369374765,2.333
39444,FUNCUBE 1,2018-03-12 00:00:00+00:00,624.1064544285236,1.0
39444,FUNCUBE 1,2018-03-13 00:00:00+00:00,624.1041450092243,1.0
39444,FUNCUBE 1,2018-03-14 00:00:00+00:00,624.1020939440241,4.0
39444,FUNCUBE 1,2018-03-15 00:00:00+00:00,624.0990882383053,4.0
39444,FUNCUBE 1,2018-03-16 00:00:00+00:00,624.0967473187598,4.333
39444,FUNCUBE 1,2018-03-17 00:00:00+00:00,624.0937810016021,4.333
39444,FUNCUBE 1,2018-03-18 00:00:00+00:00,624.091474743379,6.0
39444,FUNCUBE 1,2018-03-19 00:00:00+00:00,624.0883761057112,4.333
39444,FUNCUBE 1,2018-03-20 00:00:00+00:00,624.0856602715494,3.0
39444,FUNCUBE 1,2018-03-21 00:00:00+00:00,624.0831901880101,2.0
39444,FUNCUBE 1,2018-03-22 00:00:00+00:00,624.0809406495391,3.0
39444,FUNCUBE 1,2018-03-23 00:00:00+00:00,624.0786438537207,4.0
39444,FUNCUBE 1,2018-03-24 00:00:00+00:00,624.0768810879422,2.667
39444,FUNCUBE 1,2018-03-25 00:00:00+00:00,624.0733382310736,4.0
39444,FUNCUBE 1,2018-03-26 00:00:00+00:00,624.0712682848216,3.0
39444,FUNCUBE 1,2018-03-27 00:00:00+00:00,624.0691195751087,3.0
39444,FUNCUBE 1,2018-03-28 00:00:00+00:00,624.0674686614684,0.667
39444,FUNCUBE 1,2018-03-29 00:00:00+00:00,624.0647118898169,1.667
39444,FUNCUBE 1,2018-03-30 00:00:00+00:00,624.0625726369117,2.333
39444,FUNCUBE 1,2018-03-31 00:00:00+00:00,624.0604963974356,2.667
39444,FUNCUBE 1,2018-04-01 00:00:00+00:00,624.0584516653862,1.333
39444,FUNCUBE 1,2018-04-02 00:00:00+00:00,624.0567881556531,1.667
39444,FUNCUBE 1,2018-04-03 00:00:00+00:00,624.0552018362091,2.0
39444,FUNCUBE 1,2018-04-04 00:00:00+00:00,624.0538360584901,1.667
39444,FUNCUBE 1,2018-04-05 00:00:00+00:00,624.0520370765043,3.0
39444,FUNCUBE 1,2018-04-06 00:00:00+00:00,624.0497938641865,1.667
39444,FUNCUBE 1,2018-04-07 00:00:00+00:00,624.048007487143,2.0
39444,FUNCUBE 1,2018-04-08 00:00:00+00:00,624.0468890329576,2.333
39444,FUNCUBE 1,2018-04-09 00:00:00+00:00,624.04375736362,4.333
39444,FUNCUBE 1,2018-04-10 00:00:00+00:00,624.0408273341081,4.0
39444,FUNCUBE 1,2018-04-11 00:00:00+00:00,624.0378122424254,4.333
39444,FUNCUBE 1,2018-04-12 00:00:00+00:00,624.035858893224,3.0
39444,FUNCUBE 1,2018-04-13 00:00:00+00:00,624.0333857030446,3.667
39444,FUNCUBE 1,2018-04-14 00:00:00+00:00,624.0313504424471,2.0
39444,FUNCUBE 1,2018-04-15 00:00:00+00:00,624.0288394495965,2.333
39444,FUNCUBE 1,2018-04-16 00:00:00+00:00,624.0265962558815,1.0
39444,FUNCUBE 1,2018-04-17 00:00:00+00:00,624.0243483381491,1.0
39444,FUNCUBE 1,2018-04-18 00:00:00+00:00,624.0224784878219,2.0
39444,FUNCUBE 1,2018-04-19 00:00:00+00:00,624.0203707726196,1.0
39444,FUNCUBE 1,2018-04-20 00:00:00+00:00,624.016941406805,6.0
39444,FUNCUBE 1,2018-04-21 00:00:00+00:00,624.014331184927,3.333
39444,FUNCUBE 1,2018-04-22 00:00:00+00:00,624.0122297769267,1.667
39444,FUNCUBE 1,2018-04-23 00:00:00+00:00,624.0102638434328,3.0
39444,FUNCUBE 1,2018-04-24 00:00:00+00:00,624.0076284235824,2.0
39444,FUNCUBE 1,2018-04-25 00:00:00+00:00,624.0049741029525,2.0
39444,FUNCUBE 1,2018-04-26 00:00:00+00:00,624.0030333787545,1.667
39444,FUNCUBE 1,2018-04-27 00:00:00+00:00,624.0009508823673,2.667
39444,FUNCUBE 1,2018-04-28 00:00:00+00:00,623.9990904992446,1.667
39444,FUNCUBE 1,2018-04-29 00:00:00+00:00,623.997072591445,1.333
39444,FUNCUBE 1,2018-04-30 00:00:00+00:00,623.9954721284676,2.333
39444,FUNCUBE 1,2018-05-01 00:00:00+00:00,623.9940071385836,1.0
39444,FUNCUBE 1,2018-05-02 00:00:00+00:00,623.9915276843358,2.0
39444,FUNCUBE 1,2018-05-03 00:00:00+00:00,623.9899114720101,1.333
39444,FUNCUBE 1,2018-05-04 00:00:00+00:00,623.988197594852,1.333
39444,FUNCUBE 1,2018-05-05 00:00:00+00:00,623.9864301601324,5.667
39444,FUNCUBE 1,2018-05-06 00:00:00+00:00,623.9828921435337,5.667
39444,FUNCUBE 1,2018-05-07 00:00:00+00:00,623.9808317156239,4.0
39444,FUNCUBE 1,2018-05-08 00:00:00+00:00,623.9787366337532,3.667
39444,FUNCUBE 1,2018-05-09 00:00:00+00:00,623.9767455198025,4.0
39444,FUNCUBE 1,2018-05-10 00:00:00+00:00,623.974199920488,3.333
39444,FUNCUBE 1,2018-05-11 00:00:00+00:00,623.971063606688,3.667
39444,FUNCUBE 1,2018-05-12 00:00:00+00:00,623.9686188281016,3.667
39444,FUNCUBE 1,2018-05-13 00:00:00+00:00,623.9662276098716,2.333
39444,FUNCUBE 1,2018-05-14 00:00:00+00:00,623.9636300371785,2.0
39444,FUNCUBE 1,2018-05-15 00:00:00+00:00,623.9615869510721,1.333
39444,FUNCUBE 1,2018-05-16 00:00:00+00:00,623.9596100265762,1.333
39444,FUNCUBE 1,2018-05-17 00:00:00+00:00,623.9565257117974,3.0
39444,FUNCUBE 1,2018-05-18 00:00:00+00:00,623.9541266277179,1.667
39444,FUNCUBE 1,2018-05-19 00:00:00+00:00,623.9526096767295,1.0
39444,FUNCUBE 1,2018-05-20 00:00:00+00:00,623.9507351486072,1.0
39444,FUNCUBE 1,2018-05-21 00:00:00+00:00,623.9486684434264,1.0
39444,FUNCUBE 1,2018-05-22 00:00:00+00:00,623.9462079320979,2.0
39444,FUNCUBE 1,2018-05-23 00:00:00+00:00,623.9444720284491,3.333
39444,FUNCUBE 1,2018-05-24 00:00:00+00:00,623.9423612215041,1.333
39444,FUNCUBE 1,2018-05-25 00:00:00+00:00,623.9406662761603,1.333
39444,FUNCUBE 1,2018-05-26 00:00:00+00:00,623.93860745454,1.333
39444,FUNCUBE 1,2018-05-27 00:00:00+00:00,623.9365092538033,1.333
39444,FUNCUBE 1,2018-05-28 00:00:00+00:00,623.9346032319736,1.667
39444,FUNCUBE 1,2018-05-29 00:00:00+00:00,623.9325396891409,1.667
39444,FUNCUBE 1,2018-05-30 00:00:00+00:00,623.9302934221159,1.667
39444,FUNCUBE 1,2018-05-31 00:00:00+00:00,623.9279400419173,4.333
39444,FUNCUBE 1,2018-06-01 00:00:00+00:00,623.9251755315036,4.667
39444,FUNCUBE 1,2018-06-02 00:00:00+00:00,623.9226819612309,4.0
39444,FUNCUBE 1,2018-06-03 00:00:00+00:00,623.92120283247,2.667
39444,FUNCUBE 1,2018-06-04 00:00:00+00:00,623.9193598296797,1.333
39444,FUNCUBE 1,2018-06-05 00:00:00+00:00,623.9172175373587,1.667
39444,FUNCUBE 1,2018-06-06 00:00:00+00:00,623.9148515664447,3.667
39444,FUNCUBE 1,2018-06-07 00:00:00+00:00,623.9128983029741,2.667
39444,FUNCUBE 1,2018-06-08 00:00:00+00:00,623.9104882297888,2.0
39444,FUNCUBE 1,2018-06-09 00:00:00+00:00,623.9086672869817,1.333
39444,FUNCUBE 1,2018-06-10 00:00:00+00:00,623.9065974624345,1.0
39444,FUNCUBE 1,2018-06-11 00:00:00+00:00,623.904751318827,1.333
39444,FUNCUBE 1,2018-06-12 00:00:00+00:00,623.902741355007,1.667
39444,FUNCUBE 1,2018-06-13 00:00:00+00:00,623.9011756004775,2.0
39444,FUNCUBE 1,2018-06-14 00:00:00+00:00,623.8997201111424,1.333
39444,FUNCUBE 1,2018-06-15 00:00:00+00:00,623.8979228033877,1.0
39444,FUNCUBE 1,2018-06-16 00:00:00+00:00,623.8965303238951,0.667
39444,FUNCUBE 1,2018-06-17 00:00:00+00:00,623.8947692478487,1.667
39444,FUNCUBE 1,2018-06-18 00:00:00+00:00,623.892014221341,4.0
39444,FUNCUBE 1,2018-06-19 00:00:00+00:00,623.8902310953217,2.333
39444,FUNCUBE 1,2018-06-20 00:00:00+00:00,623.8882951762303,2.333
39444,FUNCUBE 1,2018-06-21 00:00:00+00:00,623.886250569889,1.0
39444,FUNCUBE 1,2018-06-22 00:00:00+00:00,623.8843902629233,1.333
39444,FUNCUBE 1,2018-06-23 00:00:00+00:00,623.8823692873993,4.0
39444,FUNCUBE 1,2018-06-24 00:00:00+00:00,623.8793433398823,2.667
39444,FUNCUBE 1,2018-06-25 00:00:00+00:00,623.8776909629028,5.0
39444,FUNCUBE 1,2018-06-26 00:00:00+00:00,623.8735592370203,4.667
39444,FUNCUBE 1,2018-06-27 00:00:00+00:00,623.8711255698618,2.667
39444,FUNCUBE 1,2018-06-28 00:00:00+00:00,623.8695787352676,1.667
39444,FUNCUBE 1,2018-06-29 00:00:00+00:00,623.867504214033,1.333
39444,FUNCUBE 1,2018-06-30 00:00:00+00:00,623.8657053517654,1.0
39444,FUNCUBE 1,2018-07-01 00:00:00+00:00,623.863986825057,0.667
39444,FUNCUBE 1,2018-07-02 00:00:00+00:00,623.8625723098221,1.0
39444,FUNCUBE 1,2018-07-03 00:00:00+00:00,623.8614539296855,1.667
39444,FUNCUBE 1,2018-07-04 00:00:00+00:00,623.8602300127804,1.333
39444,FUNCUBE 1,2018-07-05 00:00:00+00:00,623.8589982205012,4.667
39444,FUNCUBE 1,2018-07-06 00:00:00+00:00,623.8573978364584,3.667
39444,FUNCUBE 1,2018-07-07 00:00:00+00:00,623.8555391238533,2.0
39444,FUNCUBE 1,2018-07-08 00:00:00+00:00,623.853554398198,1.333
39444,FUNCUBE 1,2018-07-09 00:00:00+00:00,623.8522343988975,0.667
39444,FUNCUBE 1,2018-07-10 00:00:00+00:00,623.8504481478512,2.333
39444,FUNCUBE 1,2018-07-11 00:00:00+00:00,623.8490619926215,2.667
39444,FUNCUBE 1,2018-07-12 00:00:00+00:00,623.8479751213881,2.667
39444,FUNCUBE 1,2018-07-13 00:00:00+00:00,623.84577775261,2.667
39444,FUNCUBE 1,2018-07-14 00:00:00+00:00,623.8436024379016,1.667
39444,FUNCUBE 1,2018-07-15 00:00:00+00:00,623.8422351881541,1.333
39444,FUNCUBE 1,2018-07-16 00:00:00+00:00,623.8398944832625,2.667
39444,FUNCUBE 1,2018-07-17 00:00:00+00:00,623.8378719646194,3.0
39444,FUNCUBE 1,2018-07-18 00:00:00+00:00,623.8361975597231,1.0
39444,FUNCUBE 1,2018-07-19 00:00:00+00:00,623.8347704571693,1.0
39444,FUNCUBE 1,2018-07-20 00:00:00+00:00,623.833121256791,2.0
39444,FUNCUBE 1,2018-07-21 00:00:00+00:00,623.8311081940346,3.333
39444,FUNCUBE 1,2018-07-22 00:00:00+00:00,623.829082531407,1.333
39444,FUNCUBE 1,2018-07-23 00:00:00+00:00,623.8272994454537,1.0
39444,FUNCUBE 1,2018-07-24 00:00:00+00:00,623.8255636155181,4.0
39444,FUNCUBE 1,2018-07-25 00:00:00+00:00,623.8244326488621,3.333
39444,FUNCUBE 1,2018-07-26 00:00:00+00:00,623.8227062716724,1.333
39444,FUNCUBE 1,2018-07-27 00:00:00+00:00,623.8214902475011,1.667
39444,FUNCUBE 1,2018-07-28 00:00:00+00:00,623.8199497409541,2.0
39444,FUNCUBE 1,2018-07-29 00:00:00+00:00,623.8190345734442,1.333
39444,FUNCUBE 1,2018-07-30 00:00:00+00:00,623.8174105847747,2.0
39444,FUNCUBE 1,2018-07-31 00:00:00+00:00,623.816122105658,2.333
39444,FUNCUBE 1,2018-08-01 00:00:00+00:00,623.814074401681,2.333
39444,FUNCUBE 1,2018-08-02 00:00:00+00:00,623.813231693241,2.667
39444,FUNCUBE 1,2018-08-03 00:00:00+00:00,623.8119967712778,2.667
39444,FUNCUBE 1,2018-08-04 00:00:00+00:00,623.8105287270432,2.0
39444,FUNCUBE 1,2018-08-05 00:00:00+00:00,623.8090102786678,2.0
39444,FUNCUBE 1,2018-08-06 00:00:00+00:00,623.8079943048451,1.0
39444,FUNCUBE 1,2018-08-07 00:00:00+00:00,623.8060694686737,3.0
39444,FUNCUBE 1,2018-08-08 00:00:00+00:00,623.8048676280778,1.667
39444,FUNCUBE 1,2018-08-09 00:00:00+00:00,623.802853010463,1.333
39444,FUNCUBE 1,2018-08-10 00:00:00+00:00,623.8014511272968,1.333
39444,FUNCUBE 1,2018-08-11 00:00:00+00:00,623.79972948973,3.667
39444,FUNCUBE 1,2018-08-12 00:00:00+00:00,623.7984425938816,2.0
39444,FUNCUBE 1,2018-08-13 00:00:00+00:00,623.7970029094004,1.333
39444,FUNCUBE 1,2018-08-14 00:00:00+00:00,623.795317502907,1.333
39444,FUNCUBE 1,2018-08-15 00:00:00+00:00,623.7940479356948,4.0
39444,FUNCUBE 1,2018-08-16 00:00:00+00:00,623.7924743662984,3.667
39444,FUNCUBE 1,2018-08-17 00:00:00+00:00,623.7908897716993,4.0
39444,FUNCUBE 1,2018-08-18 00:00:00+00:00,623.7890767822846,3.333
39444,FUNCUBE 1,2018-08-19 00:00:00+00:00,623.7874732879018,2.667
39444,FUNCUBE 1,2018-08-20 00:00:00+00:00,623.7854051280674,4.0
39444,FUNCUBE 1,2018-08-22 00:00:00+00:00,623.7822091703902,2.333
39444,FUNCUBE 1,2018-08-23 00:00:00+00:00,623.7812026571291,1.667
39444,FUNCUBE 1,2018-08-24 00:00:00+00:00,623.7798952930857,2.667
39444,FUNCUBE 1,2018-08-25 00:00:00+00:00,623.7785296494812,4.333
39444,FUNCUBE 1,2018-08-26 00:00:00+00:00,623.7741444733447,7.333
39444,FUNCUBE 1,2018-08-27 00:00:00+00:00,623.7724386039822,5.667
39444,FUNCUBE 1,2018-08-28 00:00:00+00:00,623.7692647128551,3.667
39444,FUNCUBE 1,2018-08-29 00:00:00+00:00,623.767995157451,2.333
39444,FUNCUBE 1,2018-08-30 00:00:00+00:00,623.7665869912162,1.667
39444,FUNCUBE 1,2018-08-31 00:00:00+00:00,623.7642447744443,2.333
39444,FUNCUBE 1,2018-09-01 00:00:00+00:00,623.763046102059,2.0
39444,FUNCUBE 1,2018-09-02 00:00:00+00:00,623.761786000277,2.0
39444,FUNCUBE 1,2018-09-03 00:00:00+00:00,623.7603179823632,1.333
39444,FUNCUBE 1,2018-09-04 00:00:00+00:00,623.7588105870955,3.0
39444,FUNCUBE 1,2018-09-05 00:00:00+00:00,623.7578324344486,3.333
39444,FUNCUBE 1,2018-09-06 00:00:00+00:00,623.7555012508628,2.0
39444,FUNCUBE 1,2018-09-07 00:00:00+00:00,623.7539355786521,2.333
39444,FUNCUBE 1,2018-09-08 00:00:00+00:00,623.7525274194832,2.333
39444,FUNCUBE 1,2018-09-09 00:00:00+00:00,623.7514342852464,2.667
39444,FUNCUBE 1,2018-09-10 00:00:00+00:00,623.7500040756481,5.0
39444,FUNCUBE 1,2018-09-11 00:00:00+00:00,623.7472113887752,6.0
39444,FUNCUBE 1,2018-09-12 00:00:00+00:00,623.7452629675481,4.0
39444,FUNCUBE 1,2018-09-13 00:00:00+00:00,623.743612244758,4.0
39444,FUNCUBE 1,2018-09-14 00:00:00+00:00,623.7414322840937,4.333
39444,FUNCUBE 1,2018-09-15 00:00:00+00:00,623.7399138731798,2.667
39444,FUNCUBE 1,2018-09-16 00:00:00+00:00,623.7383324585462,2.333
39444,FUNCUBE 1,2018-09-17 00:00:00+00:00,623.7365494303667,3.333
39444,FUNCUBE 1,2018-09-18 00:00:00+00:00,623.7351759324029,2.333
39444,FUNCUBE 1,2018-09-19 00:00:00+00:00,623.7334732368931,2.333
39444,FUNCUBE 1,2018-09-20 00:00:00+00:00,623.731994208054,0.667
39444,FUNCUBE 1,2018-09-21 00:00:00+00:00,623.7299024625308,4.333
39444,FUNCUBE 1,2018-09-22 00:00:00+00:00,623.728448637331,4.667
39444,FUNCUBE 1,2018-09-23 00:00:00+00:00,623.7255094870143,3.333
39444,FUNCUBE 1,2018-09-24 00:00:00+00:00,623.724304530766,2.333
39444,FUNCUBE 1,2018-09-25 00:00:00+00:00,623.7227451764147,3.0
39444,FUNCUBE 1,2018-09-26 00:00:00+00:00,623.7206565880069,2.667
39444,FUNCUBE 1,2018-09-27 00:00:00+00:00,623.7189854033822,2.333
39444,FUNCUBE 1,2018-09-28 00:00:00+00:00,623.7175662360705,3.0
39444,FUNCUBE 1,2018-09-29 00:00:00+00:00,623.7163392319299,3.333
39444,FUNCUBE 1,2018-09-30 00:00:00+00:00,623.71471845304,2.333
39444,FUNCUBE 1,2018-10-01 00:00:00+00:00,623.7131622542124,3.667
39444,FUNCUBE 1,2018-10-02 00:00:00+00:00,623.7105255387469,3.667
39444,FUNCUBE 1,2018-10-03 00:00:00+00:00,623.7092827867259,2.333
39444,FUNCUBE 1,2018-10-04 00:00:00+00:00,623.7078210966565,1.667
39444,FUNCUBE 1,2018-10-05 00:00:00+00:00,623.706006585981,3.0
39444,FUNCUBE 1,2018-10-06 00:00:00+00:00,623.7042220032945,3.0
39444,FUNCUBE 1,2018-10-07 00:00:00+00:00,623.7010497647129,5.333
39444,FUNCUBE 1,2018-10-08 00:00:00+00:00,623.6982870532975,4.333
39444,FUNCUBE 1,2018-10-09 00:00:00+00:00,623.6966647097961,3.667
39444,FUNCUBE 1,2018-10-10 00:00:00+00:00,623.6948817081447,4.667
39444,FUNCUBE 1,2018-10-11 00:00:00+00:00,623.6919677944607,3.0
39444,FUNCUBE 1,2018-10-12 00:00:00+00:00,623.690002085752,1.667
39444,FUNCUBE 1,2018-10-13 00:00:00+00:00,623.6870629758441,4.333
39444,FUNCUBE 1,2018-10-14 00:00:00+00:00,623.6845396909139,2.0
39444,FUNCUBE 1,2018-10-15 00:00:00+00:00,623.682180216872,3.0
39444,FUNCUBE 1,2018-10-16 00:00:00+00:00,623.6804066749082,2.0
39444,FUNCUBE 1,2018-10-17 00:00:00+00:00,623.6777416388586,1.667
39444,FUNCUBE 1,2018-10-18 00:00:00+00:00,623.6762768153462,0.333
39444,FUNCUBE 1,2018-10-19 00:00:00+00:00,623.673517278402,0.667
39444,FUNCUBE 1,2018-10-20 00:00:00+00:00,623.6721973639505,0.333
39444,FUNCUBE 1,2018-10-21 00:00:00+00:00,623.6710522835592,2.0
39444,FUNCUBE 1,2018-10-22 00:00:00+00:00,623.6688109515508,2.667
39444,FUNCUBE 1,2018-10-23 00:00:00+00:00,623.6662908331537,1.0
39444,FUNCUBE 1,2018-10-24 00:00:00+00:00,623.6643345928987,1.333
39444,FUNCUBE 1,2018-10-25 00:00:00+00:00,623.6621672945039,2.0
39444,FUNCUBE 1,2018-10-26 00:00:00+00:00,623.6609828414612,2.333
39444,FUNCUBE 1,2018-10-27 00:00:00+00:00,623.6589541518292,1.667
39444,FUNCUBE 1,2018-10-28 00:00:00+00:00,623.656531696517,1.333
39444,FUNCUBE 1,2018-10-29 00:00:00+00:00,623.6546841426825,0.333
39444,FUNCUBE 1,2018-10-30 00:00:00+00:00,623.653170503977,2.0
39444,FUNCUBE 1,2018-10-31 00:00:00+00:00,623.6514568328685,1.667
39444,FUNCUBE 1,2018-11-01 00:00:00+00:00,623.6490816360429,2.0
39444,FUNCUBE 1,2018-11-02 00:00:00+00:00,623.6477900843593,2.667
39444,FUNCUBE 1,2018-11-03 00:00:00+00:00,623.6454668675806,2.0
39444,FUNCUBE 1,2018-11-04 00:00:00+00:00,623.6437484759736,5.333
39444,FUNCUBE 1,2018-11-05 00:00:00+00:00,623.641549692321,5.667
39444,FUNCUBE 1,2018-11-06 00:00:00+00:00,623.6390737001893,3.667
39444,FUNCUBE 1,2018-11-07 00:00:00+00:00,623.6363142000873,3.333
39444,FUNCUBE 1,2018-11-08 00:00:00+00:00,623.6340807710594,4.0
39444,FUNCUBE 1,2018-11-09 00:00:00+00:00,623.6314756311649,4.0
39444,FUNCUBE 1,2018-11-10 00:00:00+00:00,623.6297714236098,4.333
39444,FUNCUBE 1,2018-11-11 00:00:00+00:00,623.6274875982822,3.0
39444,FUNCUBE 1,2018-11-12 00:00:00+00:00,623.6260574518528,3.333
39444,FUNCUBE 1,2018-11-13 00:00:00+00:00,623.6223954616453,2.0
39444,FUNCUBE 1,2018-11-14 00:00:00+00:00,623.6204802032785,1.333
39444,FUNCUBE 1,2018-11-15 00:00:00+00:00,623.618179059873,0.667
39444,FUNCUBE 1,2018-11-16 00:00:00+00:00,623.6164118586366,1.0
39444,FUNCUBE 1,2018-11-17 00:00:00+00:00,623.6143264996117,0.667
39444,FUNCUBE 1,2018-11-18 00:00:00+00:00,623.6118489565433,1.0
39444,FUNCUBE 1,2018-11-19 00:00:00+00:00,623.6096265722745,1.667
39444,FUNCUBE 1,2018-11-20 00:00:00+00:00,623.607484516856,3.0
39444,FUNCUBE 1,2018-11-21 00:00:00+00:00,623.6059819289594,2.667
39444,FUNCUBE 1,2018-11-22 00:00:00+00:00,623.6044761919388,1.0
39444,FUNCUBE 1,2018-11-23 00:00:00+00:00,623.6025688208906,1.0
39444,FUNCUBE 1,2018-11-24 00:00:00+00:00,623.6000093863199,1.667
39444,FUNCUBE 1,2018-11-25 00:00:00+00:00,623.5982295962449,1.0
39444,FUNCUBE 1,2018-11-26 00:00:00+00:00,623.5967112629796,0.667
39444,FUNCUBE 1,2018-11-27 00:00:00+00:00,623.5948180726373,2.333
39444,FUNCUBE 1,2018-11-28 00:00:00+00:00,623.5928524321143,1.0
39444,FUNCUBE 1,2018-11-29 00:00:00+00:00,623.5916065822362,2.0
39444,FUNCUBE 1,2018-11-30 00:00:00+00:00,623.5894487902151,1.333
39444,FUNCUBE 1,2018-12-01 00:00:00+00:00,623.5877446082627,3.0
39444,FUNCUBE 1,2018-12-02 00:00:00+00:00,623.5858923747155,3.667
39444,FUNCUBE 1,2018-12-03 00:00:00+00:00,623.5843015969017,3.0
39444,FUNCUBE 1,2018-12-04 00:00:00+00:00,623.5828100466088,3.0
39444,FUNCUBE 1,2018-12-05 00:00:00+00:00,623.5809263158217,2.0
39444,FUNCUBE 1,2018-12-06 00:00:00+00:00,623.579187488604,2.0
39444,FUNCUBE 1,2018-12-07 00:00:00+00:00,623.5767619522708,3.333
39444,FUNCUBE 1,2018-12-08 00:00:00+00:00,623.5747112732374,3.333
39444,FUNCUBE 1,2018-12-09 00:00:00+00:00,623.5720920133645,3.667
39444,FUNCUBE 1,2018-12-10 00:00:00+00:00,623.5701153636373,3.0
39444,FUNCUBE 1,2018-12-11 00:00:00+00:00,623.5689892252185,2.667
39444,FUNCUBE 1,2018-12-12 00:00:00+00:00,623.5669354018701,2.0
39444,FUNCUBE 1,2018-12-13 00:00:00+00:00,623.5643728497698,1.0
39444,FUNCUBE 1,2018-12-14 00:00:00+00:00,623.5621394781169,0.667
39444,FUNCUBE 1,2018-12-15 00:00:00+00:00,623.560268361337,0.333
39444,FUNCUBE 1,2018-12-16 00:00:00+00:00,623.5597249817151,0.667
39444,FUNCUBE 1,2018-12-17 00:00:00+00:00,623.5576790401874,2.333
39444,FUNCUBE 1,2018-12-18 00:00:00+00:00,623.5555811248241,2.667
39444,FUNCUBE 1,2018-12-19 00:00:00+00:00,623.5538895635464,2.0
39444,FUNCUBE 1,2018-12-20 00:00:00+00:00,623.5518326012325,3.0
39444,FUNCUBE 1,2018-12-21 00:00:00+00:00,623.5497787904451,2.0
39444,FUNCUBE 1,2018-12-22 00:00:00+00:00,623.5482699334807,1.0
39444,FUNCUBE 1,2018-12-23 00:00:00+00:00,623.5465657765908,0.667
39444,FUNCUBE 1,2018-12-24 00:00:00+00:00,623.5449340709674,1.333
39444,FUNCUBE 1,2018-12-25 00:00:00+00:00,623.5434630167865,1.667
39444,FUNCUBE 1,2018-12-26 00:00:00+00:00,623.5419447131285,1.0
39444,FUNCUBE 1,2018-12-27 00:00:00+00:00,623.5403775852938,2.333
39444,FUNCUBE 1,2018-12-28 00:00:00+00:00,623.5385143580643,4.333
39444,FUNCUBE 1,2018-12-29 00:00:00+00:00,623.5367598070989,3.0
39444,FUNCUBE 1,2018-12-30 00:00:00+00:00,623.5348572072944,3.0
39444,FUNCUBE 1,2018-12-31 00:00:00+00:00,623.533398758319,3.0
39444,FUNCUBE 1,2019-01-01 00:00:00+00:00,623.5317576103807,2.667
39444,FUNCUBE 1,2019-01-02 00:00:00+00:00,623.5303385379402,0.333
39444,FUNCUBE 1,2019-01-03 00:00:00+00:00,623.5284012925904,1.0
39444,FUNCUBE 1,2019-01-04 00:00:00+00:00,623.5280941684514,3.333
39444,FUNCUBE 1,2019-01-05 00:00:00+00:00,623.5254812522853,5.0
39444,FUNCUBE 1,2019-01-06 00:00:00+00:00,623.5240590329104,3.0
39444,FUNCUBE 1,2019-01-07 00:00:00+00:00,623.5223596157316,2.333
39444,FUNCUBE 1,2019-01-08 00:00:00+00:00,623.520461750657,2.333
39444,FUNCUBE 1,2019-01-09 00:00:00+00:00,623.5183292133979,1.667
39444,FUNCUBE 1,2019-01-10 00:00:00+00:00,623.5169337725729,1.333
39444,FUNCUBE 1,2019-01-11 00:00:00+00:00,623.5155698323206,3.333
39444,FUNCUBE 1,2019-01-12 00:00:00+00:00,623.5144389907755,1.0
39444,FUNCUBE 1,2019-01-13 00:00:00+00:00,623.5129065280698,1.0
39444,FUNCUBE 1,2019-01-14 00:00:00+00:00,623.5114874652036,2.667
39444,FUNCUBE 1,2019-01-15 00:00:00+00:00,623.5094903834129,2.667
39444,FUNCUBE 1,2019-01-16 00:00:00+00:00,623.5083374945843,2.667
39444,FUNCUBE 1,2019-01-17 00:00:00+00:00,623.5069641085292,2.667
39444,FUNCUBE 1,2019-01-18 00:00:00+00:00,623.5051765027006,2.0
39444,FUNCUBE 1,2019-01-19 00:00:00+00:00,623.5036141203905,2.667
39444,FUNCUBE 1,2019-01-20 00:00:00+00:00,623.5025321082235,1.667
39444,FUNCUBE 1,2019-01-21 00:00:00+00:00,623.5007980544565,1.667
39444,FUNCUBE 1,2019-01-22 00:00:00+00:00,623.4996199695756,2.0
39444,FUNCUBE 1,2019-01-23 00:00:00+00:00,623.4976685706479,4.0
39444,FUNCUBE 1,2019-01-24 00:00:00+00:00,623.4959770443666,4.333
39444,FUNCUBE 1,2019-01-25 00:00:00+00:00,623.4939972984403,3.333
39444,FUNCUBE 1,2019-01-26 00:00:00+00:00,623.492723142871,3.0
39444,FUNCUBE 1,2019-01-27 00:00:00+00:00,623.4916238101096,2.0
39444,FUNCUBE 1,2019-01-28 00:00:00+00:00,623.4900897848875,0.667
39444,FUNCUBE 1,2019-01-29 00:00:00+00:00,623.4884659871427,1.667
40697,SENTINEL 2A,2017-12-02 00:00:00+00:00,788.9948599915424,2.333
40697,SENTINEL 2A,2017-12-03 00:00:00+00:00,789.000904326148,0.667
40697,SENTINEL 2A,2017-12-04 00:00:00+00:00,789.0066414466955,4.0
40697,SENTINEL 2A,2017-12-05 00:00:00+00:00,789.009853972062,5.0
40697,SENTINEL 2A,2017-12-06 00:00:00+00:00,789.0114068052599,4.0
40697,SENTINEL 2A,2017-12-07 00:00:00+00:00,789.0110828808465,3.333
40697,SENTINEL 2A,2017-12-08 00:00:00+00:00,789.0080139492993,2.0
40697,SENTINEL 2A,2017-12-09 00:00:00+00:00,789.0045075570943,1.667
40697,SENTINEL 2A,2017-12-10 00:00:00+00:00,789.0011781581834,1.333
40697,SENTINEL 2A,2017-12-11 00:00:00+00:00,788.9980324307694,3.333
40697,SENTINEL 2A,2017-12-12 00:00:00+00:00,788.9980574763581,4.0
40697,SENTINEL 2A,2017-12-13 00:00:00+00:00,788.9981125766462,2.667
40697,SENTINEL 2A,2017-12-14 00:00:00+00:00,788.9977752960908,2.667
40697,SENTINEL 2A,2017-12-15 00:00:00+00:00,788.9972710450347,1.333
40697,SENTINEL 2A,2017-12-16 00:00:00+00:00,788.9971474868416,2.0
40697,SENTINEL 2A,2017-12-17 00:00:00+00:00,788.9970005527821,4.667
40697,SENTINEL 2A,2017-12-18 00:00:00+00:00,788.9964094772104,4.333
40697,SENTINEL 2A,2017-12-19 00:00:00+00:00,788.9959953904417,2.333
40697,SENTINEL 2A,2017-12-20 00:00:00+00:00,788.9956514313153,2.0
40697,SENTINEL 2A,2017-12-21 00:00:00+00:00,788.9950419892839,1.0
40697,SENTINEL 2A,2017-12-22 00:00:00+00:00,788.9943924744794,1.0
40697,SENTINEL 2A,2017-12-23 00:00:00+00:00,788.9941720736051,2.667
40697,SENTINEL 2A,2017-12-24 00:00:00+00:00,788.9941052854638,3.333
40697,SENTINEL 2A,2017-12-25 00:00:00+00:00,788.9935576227717,3.0
40697,SENTINEL 2A,2017-12-26 00:00:00+00:00,788.9933873130522,3.667
40697,SENTINEL 2A,2017-12-27 00:00:00+00:00,788.9930299966163,2.667
40697,SENTINEL 2A,2017-12-28 00:00:00+00:00,788.9922519151878,1.667
40697,SENTINEL 2A,2017-12-29 00:00:00+00:00,788.9917677015283,2.333
40697,SENTINEL 2A,2017-12-30 00:00:00+00:00,788.9914471187376,1.667
40697,SENTINEL 2A,2017-12-31 00:00:00+00:00,788.990765880425,2.0
40697,SENTINEL 2A,2018-01-01 00:00:00+00:00,788.9904686735645,3.667
40697,SENTINEL 2A,2018-01-02 00:00:00+00:00,788.9903484550678,2.0
40697,SENTINEL 2A,2018-01-03 00:00:00+00:00,788.9898976357508,1.0
40697,SENTINEL 2A,2018-01-04 00:00:00+00:00,788.9896004289812,1.333
40697,SENTINEL 2A,2018-01-05 00:00:00+00:00,788.9891061975677,2.0
40697,SENTINEL 2A,2018-01-06 00:00:00+00:00,788.9885518570272,1.333
40697,SENTINEL 2A,2018-01-07 00:00:00+00:00,788.9877704374139,1.0
40697,SENTINEL 2A,2018-01-08 00:00:00+00:00,788.987302921506,3.667
40697,SENTINEL 2A,2018-01-09 00:00:00+00:00,788.9874799096624,3.667
40697,SENTINEL 2A,2018-01-10 00:00:00+00:00,788.986808690488,1.667
40697,SENTINEL 2A,2018-01-11 00:00:00+00:00,788.9878288769219,1.0
40697,SENTINEL 2A,2018-01-12 00:00:00+00:00,788.9929665479085,1.333
40697,SENTINEL 2A,2018-01-13 00:00:00+00:00,789.0018660778023,3.0
40697,SENTINEL 2A,2018-01-14 00:00:00+00:00,789.0101244655261,4.667
40697,SENTINEL 2A,2018-01-15 00:00:00+00:00,789.0168400583634,3.667
40697,SENTINEL 2A,2018-01-16 00:00:00+00:00,789.0218692495764,2.0
40697,SENTINEL 2A,2018-01-17 00:00:00+00:00,789.0239263449375,0.667
40697,SENTINEL 2A,2018-01-18 00:00:00+00:00,789.0231883284132,0.333
40697,SENTINEL 2A,2018-01-19 00:00:00+00:00,789.0208039686295,2.667
40697,SENTINEL 2A,2018-01-20 00:00:00+00:00,789.0152204335891,3.0
40697,SENTINEL 2A,2018-01-21 00:00:00+00:00,789.0114468783877,3.0
40697,SENTINEL 2A,2018-01-22 00:00:00+00:00,789.0096402488489,3.333
40697,SENTINEL 2A,2018-01-23 00:00:00+00:00,789.0085048445462,2.0
40697,SENTINEL 2A,2018-01-24 00:00:00+00:00,789.0077100618018,4.0
40697,SENTINEL 2A,2018-01-25 00:00:00+00:00,789.0074996781705,3.0
40697,SENTINEL 2A,2018-01-26 00:00:00+00:00,789.0075247238415,3.0
40697,SENTINEL 2A,2018-01-27 00:00:00+00:00,789.0070521955795,2.667
40697,SENTINEL 2A,2018-01-28 00:00:00+00:00,789.0068701970845,1.667
40697,SENTINEL 2A,2018-01-29 00:00:00+00:00,789.007118984021,1.0
40697,SENTINEL 2A,2018-01-30 00:00:00+00:00,789.0070354984691,2.333
40697,SENTINEL 2A,2018-01-31 00:00:00+00:00,789.006754987031,2.667
40697,SENTINEL 2A,2018-02-01 00:00:00+00:00,789.0068752062152,2.667
40697,SENTINEL 2A,2018-02-02 00:00:00+00:00,789.0063943295081,2.0
40697,SENTINEL 2A,2018-02-03 00:00:00+00:00,789.0054359157557,1.667
40697,SENTINEL 2A,2018-02-04 00:00:00+00:00,789.0052221928718,2.333
40697,SENTINEL 2A,2018-02-05 00:00:00+00:00,789.0048581961219,3.0
40697,SENTINEL 2A,2018-02-06 00:00:00+00:00,789.0040968085741,2.333
40697,SENTINEL 2A,2018-02-07 00:00:00+00:00,789.0034923738667,1.667
40697,SENTINEL 2A,2018-02-08 00:00:00+00:00,789.0035558228083,1.333
40697,SENTINEL 2A,2018-02-09 00:00:00+00:00,789.0029380305468,2.667
40697,SENTINEL 2A,2018-02-10 00:00:00+00:00,789.002834508613,2.333
40697,SENTINEL 2A,2018-02-11 00:00:00+00:00,789.0029680853022,0.667
40697,SENTINEL 2A,2018-02-12 00:00:00+00:00,789.0026274647571,1.667
40697,SENTINEL 2A,2018-02-13 00:00:00+00:00,789.0021332310962,0.667
40697,SENTINEL 2A,2018-02-14 00:00:00+00:00,789.0021933405906,1.333
40697,SENTINEL 2A,2018-02-15 00:00:00+00:00,789.0022835048348,4.667
40697,SENTINEL 2A,2018-02-16 00:00:00+00:00,789.0016556945993,2.333
40697,SENTINEL 2A,2018-02-17 00:00:00+00:00,789.0011547822769,3.667
40697,SENTINEL 2A,2018-02-18 00:00:00+00:00,789.0011080304648,4.0
40697,SENTINEL 2A,2018-02-19 00:00:00+00:00,789.000303231528,4.0
40697,SENTINEL 2A,2018-02-20 00:00:00+00:00,788.9996052940442,2.667
40697,SENTINEL 2A,2018-02-21 00:00:00+00:00,788.9993698654102,2.0
40697,SENTINEL 2A,2018-02-22 00:00:00+00:00,788.9985867731411,3.667
40697,SENTINEL 2A,2018-02-23 00:00:00+00:00,788.9974814279153,4.333
40697,SENTINEL 2A,2018-02-24 00:00:00+00:00,788.997481427914,3.333
40697,SENTINEL 2A,2018-02-25 00:00:00+00:00,788.9976116649423,2.0
40697,SENTINEL 2A,2018-02-26 00:00:00+00:00,788.9970940562744,3.0
40697,SENTINEL 2A,2018-02-27 00:00:00+00:00,788.9969070492944,5.333
40697,SENTINEL 2A,2018-02-28 00:00:00+00:00,788.9969471222166,2.333
40697,SENTINEL 2A,2018-03-01 00:00:00+00:00,788.9967734728871,2.667
40697,SENTINEL 2A,2018-03-02 00:00:00+00:00,788.9968836734224,2.667
40697,SENTINEL 2A,2018-03-03 00:00:00+00:00,788.9970139104244,2.667
40697,SENTINEL 2A,2018-03-04 00:00:00+00:00,788.9965998235666,2.667
40697,SENTINEL 2A,2018-03-05 00:00:00+00:00,788.9956814859943,1.333
40697,SENTINEL 2A,2018-03-06 00:00:00+00:00,788.9951037683277,2.0
40697,SENTINEL 2A,2018-03-07 00:00:00+00:00,788.9947598093077,2.667
40697,SENTINEL 2A,2018-03-08 00:00:00+00:00,788.9940819096155,1.667
40697,SENTINEL 2A,2018-03-09 00:00:00+00:00,788.9936511261503,4.333
40697,SENTINEL 2A,2018-03-10 00:00:00+00:00,788.9937546477531,4.0
40697,SENTINEL 2A,2018-03-11 00:00:00+00:00,788.9931401970089,2.333
40697,SENTINEL 2A,2018-03-12 00:00:00+00:00,788.9928663657411,1.0
40697,SENTINEL 2A,2018-03-13 00:00:00+00:00,788.9931568940383,1.0
40697,SENTINEL 2A,2018-03-14 00:00:00+00:00,788.993016638995,4.0
40697,SENTINEL 2A,2018-03-15 00:00:00+00:00,788.9935275681146,4.0
40697,SENTINEL 2A,2018-03-16 00:00:00+00:00,788.9973979426422,4.333
40697,SENTINEL 2A,2018-03-17 00:00:00+00:00,789.0053958427134,4.333
40697,SENTINEL 2A,2018-03-18 00:00:00+00:00,789.0118943616635,6.0
40697,SENTINEL 2A,2018-03-19 00:00:00+00:00,789.0173927346787,4.333
40697,SENTINEL 2A,2018-03-20 00:00:00+00:00,789.0213683337215,3.0
40697,SENTINEL 2A,2018-03-21 00:00:00+00:00,789.0229612464427,2.0
40697,SENTINEL 2A,2018-03-22 00:00:00+00:00,789.0220429004266,3.0
40697,SENTINEL 2A,2018-03-23 00:00:00+00:00,789.0200559345958,4.0
40697,SENTINEL 2A,2018-03-24 00:00:00+00:00,789.0158749622542,2.667
40697,SENTINEL 2A,2018-03-25 00:00:00+00:00,789.0119511319353,4.0
40697,SENTINEL 2A,2018-03-26 00:00:00+00:00,789.0100343010354,3.0
40697,SENTINEL 2A,2018-03-27 00:00:00+00:00,789.0100176039077,3.0
40697,SENTINEL 2A,2018-03-28 00:00:00+00:00,789.0094064891027,0.667
40697,SENTINEL 2A,2018-03-29 00:00:00+00:00,789.0094198468023,1.667
40697,SENTINEL 2A,2018-03-30 00:00:00+00:00,789.0096168728733,2.333
40697,SENTINEL 2A,2018-03-31 00:00:00+00:00,789.0095567632234,2.667
40697,SENTINEL 2A,2018-04-01 00:00:00+00:00,789.0091927659232,1.333
40697,SENTINEL 2A,2018-04-02 00:00:00+00:00,789.0091526928281,1.667
40697,SENTINEL 2A,2018-04-03 00:00:00+00:00,789.0085182022412,2.0
40697,SENTINEL 2A,2018-04-04 00:00:00+00:00,789.007783529104,1.667
40697,SENTINEL 2A,2018-04-05 00:00:00+00:00,789.006903591302,3.0
40697,SENTINEL 2A,2018-04-06 00:00:00+00:00,789.0068284543104,1.667
40697,SENTINEL 2A,2018-04-07 00:00:00+00:00,789.0061371940792,2.0
40697,SENTINEL 2A,2018-04-08 00:00:00+00:00,789.0057030693815,2.333
40697,SENTINEL 2A,2018-04-09 00:00:00+00:00,789.0062373767114,4.333
40697,SENTINEL 2A,2018-04-10 00:00:00+00:00,789.0056763540188,4.0
40697,SENTINEL 2A,2018-04-11 00:00:00+00:00,789.0054125398137,4.333
40697,SENTINEL 2A,2018-04-12 00:00:00+00:00,789.0051637530228,3.0
40697,SENTINEL 2A,2018-04-13 00:00:00+00:00,789.0049516998697,3.667
40697,SENTINEL 2A,2018-04-14 00:00:00+00:00,789.0042103488095,2.0
40697,SENTINEL 2A,2018-04-15 00:00:00+00:00,789.0040567355518,2.333
40697,SENTINEL 2A,2018-04-16 00:00:00+00:00,789.0041068268301,1.0
40697,SENTINEL 2A,2018-04-17 00:00:00+00:00,789.0033754942424,1.0
40697,SENTINEL 2A,2018-04-18 00:00:00+00:00,789.0023369354994,2.0
40697,SENTINEL 2A,2018-04-19 00:00:00+00:00,789.0026641983432,1.0
40697,SENTINEL 2A,2018-04-20 00:00:00+00:00,789.0031884868531,6.0
40697,SENTINEL 2A,2018-04-21 00:00:00+00:00,789.0038997828824,3.333
40697,SENTINEL 2A,2018-04-22 00:00:00+00:00,789.0050418642004,1.667
40697,SENTINEL 2A,2018-04-23 00:00:00+00:00,789.0055160618413,3.0
40697,SENTINEL 2A,2018-04-24 00:00:00+00:00,789.0053591090918,2.0
40697,SENTINEL 2A,2018-04-25 00:00:00+00:00,789.0050452036203,2.0
40697,SENTINEL 2A,2018-04-26 00:00:00+00:00,789.0047346376023,1.667
40697,SENTINEL 2A,2018-04-27 00:00:00+00:00,789.0045008782563,2.667
40697,SENTINEL 2A,2018-04-28 00:00:00+00:00,789.0032652934588,1.667
40697,SENTINEL 2A,2018-04-29 00:00:00+00:00,789.0026808954271,1.333
40697,SENTINEL 2A,2018-04-30 00:00:00+00:00,789.0024805304156,2.333
40697,SENTINEL 2A,2018-05-01 00:00:00+00:00,789.0021365705124,1.0
40697,SENTINEL 2A,2018-05-02 00:00:00+00:00,789.0022334135883,2.0
40697,SENTINEL 2A,2018-05-03 00:00:00+00:00,789.001575548622,1.333
40697,SENTINEL 2A,2018-05-04 00:00:00+00:00,789.0006705671149,1.333
40697,SENTINEL 2A,2018-05-05 00:00:00+00:00,789.0004000745421,5.667
40697,SENTINEL 2A,2018-05-06 00:00:00+00:00,789.000096187855,5.667
40697,SENTINEL 2A,2018-05-07 00:00:00+00:00,788.9996386881794,4.0
40697,SENTINEL 2A,2018-05-08 00:00:00+00:00,788.9992145827046,3.667
40697,SENTINEL 2A,2018-05-09 00:00:00+00:00,788.9992646738992,4.0
40697,SENTINEL 2A,2018-05-10 00:00:00+00:00,788.9988004955294,3.333
40697,SENTINEL 2A,2018-05-11 00:00:00+00:00,788.9985617275497,3.667
40697,SENTINEL 2A,2018-05-12 00:00:00+00:00,788.9985166454853,3.667
40697,SENTINEL 2A,2018-05-13 00:00:00+00:00,788.9980658248842,2.333
40697,SENTINEL 2A,2018-05-14 00:00:00+00:00,788.9972810632662,2.0
40697,SENTINEL 2A,2018-05-15 00:00:00+00:00,788.9972109356431,1.333
40697,SENTINEL 2A,2018-05-16 00:00:00+00:00,788.9970556530538,1.333
40697,SENTINEL 2A,2018-05-17 00:00:00+00:00,788.9964462107173,3.0
40697,SENTINEL 2A,2018-05-18 00:00:00+00:00,788.9960788756716,1.667
40697,SENTINEL 2A,2018-05-19 00:00:00+00:00,788.9956814859943,1.0
40697,SENTINEL 2A,2018-05-20 00:00:00+00:00,788.9952807569643,1.0
40697,SENTINEL 2A,2018-05-21 00:00:00+00:00,788.9948933856203,1.0
40697,SENTINEL 2A,2018-05-22 00:00:00+00:00,788.9945160325524,2.0
40697,SENTINEL 2A,2018-05-23 00:00:00+00:00,788.9940318185118,3.333
40697,SENTINEL 2A,2018-05-24 00:00:00+00:00,788.9935509439583,1.333
40697,SENTINEL 2A,2018-05-25 00:00:00+00:00,788.9935242287074,1.333
40697,SENTINEL 2A,2018-05-26 00:00:00+00:00,788.9935409257396,1.333
40697,SENTINEL 2A,2018-05-27 00:00:00+00:00,788.9933138461183,1.333
40697,SENTINEL 2A,2018-05-28 00:00:00+00:00,788.99310680295,1.667
40697,SENTINEL 2A,2018-05-29 00:00:00+00:00,788.9934156980053,1.667
40697,SENTINEL 2A,2018-05-30 00:00:00+00:00,788.9933105067121,1.667
40697,SENTINEL 2A,2018-05-31 00:00:00+00:00,788.9930517027542,4.333
40697,SENTINEL 2A,2018-06-01 00:00:00+00:00,788.9930266572119,4.667
40697,SENTINEL 2A,2018-06-02 00:00:00+00:00,788.9921717694724,4.0
40697,SENTINEL 2A,2018-06-03 00:00:00+00:00,788.991280148547,2.667
40697,SENTINEL 2A,2018-06-04 00:00:00+00:00,788.9907291469908,1.333
40697,SENTINEL 2A,2018-06-05 00:00:00+00:00,788.9902716488086,1.667
40697,SENTINEL 2A,2018-06-06 00:00:00+00:00,788.9895169439387,3.667
40697,SENTINEL 2A,2018-06-07 00:00:00+00:00,788.9891629673875,2.667
40697,SENTINEL 2A,2018-06-08 00:00:00+00:00,788.9890694641545,2.0
40697,SENTINEL 2A,2018-06-09 00:00:00+00:00,788.989006015534,1.333
40697,SENTINEL 2A,2018-06-10 00:00:00+00:00,788.9888774485967,1.0
40697,SENTINEL 2A,2018-06-11 00:00:00+00:00,788.9890227125388,1.333
40697,SENTINEL 2A,2018-06-12 00:00:00+00:00,788.9888390454853,1.667
40697,SENTINEL 2A,2018-06-13 00:00:00+00:00,788.9882179169954,2.0
40697,SENTINEL 2A,2018-06-14 00:00:00+00:00,788.9896071077846,1.333
40697,SENTINEL 2A,2018-06-15 00:00:00+00:00,788.9950553469298,1.0
40697,SENTINEL 2A,2018-06-16 00:00:00+00:00,788.9991177397305,0.667
40697,SENTINEL 2A,2018-06-17 00:00:00+00:00,789.0057531608468,1.667
40697,SENTINEL 2A,2018-06-18 00:00:00+00:00,789.0104016378673,4.0
40697,SENTINEL 2A,2018-06-19 00:00:00+00:00,789.0138779824074,2.333
40697,SENTINEL 2A,2018-06-20 00:00:00+00:00,789.0150868563287,2.333
40697,SENTINEL 2A,2018-06-21 00:00:00+00:00,789.0151603238228,1.0
40697,SENTINEL 2A,2018-06-22 00:00:00+00:00,789.0123284872998,1.333
40697,SENTINEL 2A,2018-06-23 00:00:00+00:00,789.0089356302433,4.0
40697,SENTINEL 2A,2018-06-24 00:00:00+00:00,789.0055360983624,2.667
40697,SENTINEL 2A,2018-06-25 00:00:00+00:00,789.0041368815982,5.0
40697,SENTINEL 2A,2018-06-26 00:00:00+00:00,789.0035825381519,4.667
40697,SENTINEL 2A,2018-06-27 00:00:00+00:00,789.0035023921209,2.667
40697,SENTINEL 2A,2018-06-28 00:00:00+00:00,789.0037862426598,1.667
40697,SENTINEL 2A,2018-06-29 00:00:00+00:00,789.0035023921209,1.333
40697,SENTINEL 2A,2018-06-30 00:00:00+00:00,789.0030448919006,1.0
40697,SENTINEL 2A,2018-07-01 00:00:00+00:00,789.0029079757905,0.667
40697,SENTINEL 2A,2018-07-02 00:00:00+00:00,789.0021866617572,1.0
40697,SENTINEL 2A,2018-07-03 00:00:00+00:00,789.0014636782016,1.667
40697,SENTINEL 2A,2018-07-04 00:00:00+00:00,789.0010445815778,1.333
40697,SENTINEL 2A,2018-07-05 00:00:00+00:00,789.0008508955088,4.667
40697,SENTINEL 2A,2018-07-06 00:00:00+00:00,789.0001846823288,3.667
40697,SENTINEL 2A,2018-07-07 00:00:00+00:00,788.9999793083689,2.0
40697,SENTINEL 2A,2018-07-08 00:00:00+00:00,789.0003466439139,1.333
40697,SENTINEL 2A,2018-07-09 00:00:00+00:00,789.000229764416,0.667
40697,SENTINEL 2A,2018-07-10 00:00:00+00:00,789.000096187855,2.333
40697,SENTINEL 2A,2018-07-11 00:00:00+00:00,789.0003266074273,2.667
40697,SENTINEL 2A,2018-07-12 00:00:00+00:00,789.0002130673465,2.667
40697,SENTINEL 2A,2018-07-13 00:00:00+00:00,788.9998190165088,2.667
40697,SENTINEL 2A,2018-07-14 00:00:00+00:00,788.9996553852461,1.667
40697,SENTINEL 2A,2018-07-15 00:00:00+00:00,788.9994316445536,1.333
40697,SENTINEL 2A,2018-07-16 00:00:00+00:00,788.9990910244287,2.667
40697,SENTINEL 2A,2018-07-17 00:00:00+00:00,788.9983096019414,3.0
40697,SENTINEL 2A,2018-07-18 00:00:00+00:00,788.9978921754864,1.0
40697,SENTINEL 2A,2018-07-19 00:00:00+00:00,788.9973144573732,1.0
40697,SENTINEL 2A,2018-07-20 00:00:00+00:00,788.9969037098836,2.0
40697,SENTINEL 2A,2018-07-21 00:00:00+00:00,788.9966499147167,3.333
40697,SENTINEL 2A,2018-07-22 00:00:00+00:00,788.9962291490938,1.333
40697,SENTINEL 2A,2018-07-23 00:00:00+00:00,788.9959018869858,1.0
40697,SENTINEL 2A,2018-07-24 00:00:00+00:00,788.9960271148307,4.0
40697,SENTINEL 2A,2018-07-25 00:00:00+00:00,788.9963226525597,3.333
40697,SENTINEL 2A,2018-07-26 00:00:00+00:00,788.996172379133,1.333
40697,SENTINEL 2A,2018-07-27 00:00:00+00:00,788.9963360101983,1.667
40697,SENTINEL 2A,2018-07-28 00:00:00+00:00,788.9964194954391,2.0
40697,SENTINEL 2A,2018-07-29 00:00:00+00:00,788.9960254451244,1.333
40697,SENTINEL 2A,2018-07-30 00:00:00+00:00,788.9956814859943,2.0
40697,SENTINEL 2A,2018-07-31 00:00:00+00:00,788.9955512490542,2.333
40697,SENTINEL 2A,2018-08-01 00:00:00+00:00,788.9948232580555,2.333
40697,SENTINEL 2A,2018-08-02 00:00:00+00:00,788.9939667000808,2.667
40697,SENTINEL 2A,2018-08-03 00:00:00+00:00,788.9936177320869,2.667
40697,SENTINEL 2A,2018-08-04 00:00:00+00:00,788.9931234999785,2.0
40697,SENTINEL 2A,2018-08-05 00:00:00+00:00,788.992742807739,2.0
40697,SENTINEL 2A,2018-08-06 00:00:00+00:00,788.9923955095983,1.0
40697,SENTINEL 2A,2018-08-07 00:00:00+00:00,788.9927595047657,3.0
40697,SENTINEL 2A,2018-08-08 00:00:00+00:00,788.9926626620099,1.667
40697,SENTINEL 2A,2018-08-09 00:00:00+00:00,788.99247565532,1.333
40697,SENTINEL 2A,2018-08-10 00:00:00+00:00,788.9927010651718,1.333
40697,SENTINEL 2A,2018-08-11 00:00:00+00:00,788.9926960560633,3.667
40697,SENTINEL 2A,2018-08-12 00:00:00+00:00,788.9923337306077,2.0
40697,SENTINEL 2A,2018-08-13 00:00:00+00:00,788.993464119395,1.333
40697,SENTINEL 2A,2018-08-14 00:00:00+00:00,788.9944726202566,1.333
40697,SENTINEL 2A,2018-08-15 00:00:00+00:00,788.9960070783818,4.0
40697,SENTINEL 2A,2018-08-16 00:00:00+00:00,788.9977452413937,3.667
40697,SENTINEL 2A,2018-08-17 00:00:00+00:00,788.9989457599768,4.0
40697,SENTINEL 2A,2018-08-18 00:00:00+00:00,788.9993748745301,3.333
40697,SENTINEL 2A,2018-08-19 00:00:00+00:00,788.999421626314,2.667
40697,SENTINEL 2A,2018-08-20 00:00:00+00:00,788.9988439078925,4.0
40697,SENTINEL 2A,2018-08-21 00:00:00+00:00,788.9972443297493,2.667
40697,SENTINEL 2A,2018-08-22 00:00:00+00:00,788.9959252628628,2.333
40697,SENTINEL 2A,2018-08-23 00:00:00+00:00,788.9950202831251,1.667
40697,SENTINEL 2A,2018-08-24 00:00:00+00:00,788.9947881942753,2.667
40697,SENTINEL 2A,2018-08-25 00:00:00+00:00,788.994646269447,4.333
40697,SENTINEL 2A,2018-08-26 00:00:00+00:00,788.9947364334548,7.333
40697,SENTINEL 2A,2018-08-27 00:00:00+00:00,788.9939783880018,5.667
40697,SENTINEL 2A,2018-08-28 00:00:00+00:00,788.9906990923637,3.667
40697,SENTINEL 2A,2018-08-29 00:00:00+00:00,788.9958334291805,2.333
40697,SENTINEL 2A,2018-08-30 00:00:00+00:00,788.9940685519887,1.667
40697,SENTINEL 2A,2018-08-31 00:00:00+00:00,788.9931568940392,2.333
40697,SENTINEL 2A,2018-09-01 00:00:00+00:00,788.9922435666772,2.0
40697,SENTINEL 2A,2018-09-02 00:00:00+00:00,788.9917643621247,2.0
40697,SENTINEL 2A,2018-09-03 00:00:00+00:00,788.9914704945645,1.333
40697,SENTINEL 2A,2018-09-04 00:00:00+00:00,788.9909578961083,3.0
40697,SENTINEL 2A,2018-09-05 00:00:00+00:00,788.9907391652005,3.333
40697,SENTINEL 2A,2018-09-06 00:00:00+00:00,788.9908460261013,2.0
40697,SENTINEL 2A,2018-09-07 00:00:00+00:00,788.9906924135566,2.333
40697,SENTINEL 2A,2018-09-08 00:00:00+00:00,788.9905922314683,2.333
40697,SENTINEL 2A,2018-09-09 00:00:00+00:00,788.9908627231171,2.667
40697,SENTINEL 2A,2018-09-10 00:00:00+00:00,788.9908109623675,5.0
40697,SENTINEL 2A,2018-09-11 00:00:00+00:00,788.9905271131147,6.0
40697,SENTINEL 2A,2018-09-12 00:00:00+00:00,788.9903484550678,4.0
40697,SENTINEL 2A,2018-09-13 00:00:00+00:00,788.9901915031496,4.0
40697,SENTINEL 2A,2018-09-14 00:00:00+00:00,788.9892397736157,4.333
40697,SENTINEL 2A,2018-09-15 00:00:00+00:00,788.9885551964271,2.667
40697,SENTINEL 2A,2018-09-16 00:00:00+00:00,788.9881845229947,2.333
40697,SENTINEL 2A,2018-09-17 00:00:00+00:00,788.9877837950107,3.333
40697,SENTINEL 2A,2018-09-18 00:00:00+00:00,788.9875784219425,2.333
40697,SENTINEL 2A,2018-09-19 00:00:00+00:00,788.987600128039,2.333
40697,SENTINEL 2A,2018-09-20 00:00:00+00:00,788.9873997640816,0.667
40697,SENTINEL 2A,2018-09-21 00:00:00+00:00,788.9887204967608,4.333
40697,SENTINEL 2A,2018-09-22 00:00:00+00:00,788.9936678231825,4.667
40697,SENTINEL 2A,2018-09-23 00:00:00+00:00,788.9989073568318,3.333
40697,SENTINEL 2A,2018-09-24 00:00:00+00:00,789.0051921382178,2.333
40697,SENTINEL 2A,2018-09-25 00:00:00+00:00,789.0108090478652,3.0
40697,SENTINEL 2A,2018-09-26 00:00:00+00:00,789.0139714864499,2.667
40697,SENTINEL 2A,2018-09-27 00:00:00+00:00,789.0150868563287,2.333
40697,SENTINEL 2A,2018-09-28 00:00:00+00:00,789.0148998481754,3.0
40697,SENTINEL 2A,2018-09-29 00:00:00+00:00,789.0130698404582,3.333
40697,SENTINEL 2A,2018-09-30 00:00:00+00:00,789.0089924004569,2.333
40697,SENTINEL 2A,2018-10-01 00:00:00+00:00,789.0049884334858,3.667
40697,SENTINEL 2A,2018-10-02 00:00:00+00:00,789.0037294725498,3.667
40697,SENTINEL 2A,2018-10-03 00:00:00+00:00,789.0035107406661,2.333
40697,SENTINEL 2A,2018-10-04 00:00:00+00:00,789.002697592513,1.667
40697,SENTINEL 2A,2018-10-05 00:00:00+00:00,789.0026174465056,3.0
40697,SENTINEL 2A,2018-10-06 00:00:00+00:00,789.0024988972086,3.0
40697,SENTINEL 2A,2018-10-07 00:00:00+00:00,789.0024571544991,5.333
40697,SENTINEL 2A,2018-10-08 00:00:00+00:00,789.0022133770894,4.333
40697,SENTINEL 2A,2018-10-09 00:00:00+00:00,789.002582382629,3.667
40697,SENTINEL 2A,2018-10-10 00:00:00+00:00,789.0025439793353,4.667
40697,SENTINEL 2A,2018-10-11 00:00:00+00:00,789.0020013241538,3.0
40697,SENTINEL 2A,2018-10-12 00:00:00+00:00,789.0015722092076,1.667
40697,SENTINEL 2A,2018-10-13 00:00:00+00:00,789.0010679574825,4.333
40697,SENTINEL 2A,2018-10-14 00:00:00+00:00,788.9999893266104,2.0
40697,SENTINEL 2A,2018-10-15 00:00:00+00:00,788.999081006189,3.0
40697,SENTINEL 2A,2018-10-16 00:00:00+00:00,788.9988205320051,2.0
40697,SENTINEL 2A,2018-10-17 00:00:00+00:00,788.9983062625297,1.667
40697,SENTINEL 2A,2018-10-18 00:00:00+00:00,788.9980591460608,0.333
40697,SENTINEL 2A,2018-10-19 00:00:00+00:00,788.9981292737057,0.667
40697,SENTINEL 2A,2018-10-20 00:00:00+00:00,788.9980658248842,0.333
40697,SENTINEL 2A,2018-10-21 00:00:00+00:00,788.9975649131884,2.0
40697,SENTINEL 2A,2018-10-22 00:00:00+00:00,788.9973779061775,2.667
40697,SENTINEL 2A,2018-10-23 00:00:00+00:00,788.99725100857,1.0
40697,SENTINEL 2A,2018-10-24 00:00:00+00:00,788.996598153863,1.333
40697,SENTINEL 2A,2018-10-25 00:00:00+00:00,788.9966298782556,2.0
40697,SENTINEL 2A,2018-10-26 00:00:00+00:00,788.9963694042945,2.333
40697,SENTINEL 2A,2018-10-27 00:00:00+00:00,788.9960705271506,1.667
40697,SENTINEL 2A,2018-10-28 00:00:00+00:00,788.995768310625,1.333
40697,SENTINEL 2A,2018-10-29 00:00:00+00:00,788.9955145155582,0.333
40697,SENTINEL 2A,2018-10-30 00:00:00+00:00,788.9950269619403,2.0
40697,SENTINEL 2A,2018-10-31 00:00:00+00:00,788.9941436886456,1.667
40697,SENTINEL 2A,2018-11-01 00:00:00+00:00,788.9937963903349,2.0
40697,SENTINEL 2A,2018-11-02 00:00:00+00:00,788.9933856433504,2.667
40697,SENTINEL 2A,2018-11-03 00:00:00+00:00,788.9928596869304,2.0
40697,SENTINEL 2A,2018-11-04 00:00:00+00:00,788.9924255642445,5.333
40697,SENTINEL 2A,2018-11-05 00:00:00+00:00,788.9925190675858,5.667
40697,SENTINEL 2A,2018-11-06 00:00:00+00:00,788.9919947810276,3.667
40697,SENTINEL 2A,2018-11-07 00:00:00+00:00,788.9916942346354,3.333
40697,SENTINEL 2A,2018-11-08 00:00:00+00:00,788.9917894076561,4.0
40697,SENTINEL 2A,2018-11-09 00:00:00+00:00,788.9917176104636,4.0
40697,SENTINEL 2A,2018-11-10 00:00:00+00:00,788.9911198571745,4.333
40697,SENTINEL 2A,2018-11-11 00:00:00+00:00,788.9908593837126,3.0
40697,SENTINEL 2A,2018-11-12 00:00:00+00:00,788.9902282365765,3.333
40697,SENTINEL 2A,2018-11-13 00:00:00+00:00,788.9895369803498,2.0
40697,SENTINEL 2A,2018-11-14 00:00:00+00:00,788.9890494277479,1.333
40697,SENTINEL 2A,2018-11-15 00:00:00+00:00,788.9887839453731,0.667
40697,SENTINEL 2A,2018-11-16 00:00:00+00:00,788.9880442681942,1.0
40697,SENTINEL 2A,2018-11-17 00:00:00+00:00,788.9876034674371,0.667
40697,SENTINEL 2A,2018-11-18 00:00:00+00:00,788.9877136676205,1.0
40697,SENTINEL 2A,2018-11-19 00:00:00+00:00,788.9874198004754,1.667
40697,SENTINEL 2A,2018-11-20 00:00:00+00:00,788.9871159151644,3.0
40697,SENTINEL 2A,2018-11-21 00:00:00+00:00,788.9870958787724,2.667
40697,SENTINEL 2A,2018-11-22 00:00:00+00:00,788.9871860425401,1.0
40697,SENTINEL 2A,2018-11-23 00:00:00+00:00,788.9863378353402,1.0
40697,SENTINEL 2A,2018-11-24 00:00:00+00:00,788.9860640047227,1.667
40697,SENTINEL 2A,2018-11-25 00:00:00+00:00,788.9859604833973,1.0
40697,SENTINEL 2A,2018-11-26 00:00:00+00:00,788.9853493737219,0.667
40697,SENTINEL 2A,2018-11-27 00:00:00+00:00,788.9846948520262,2.333
40697,SENTINEL 2A,2018-11-28 00:00:00+00:00,788.984397645796,1.0
40697,SENTINEL 2A,2018-11-29 00:00:00+00:00,788.9848818582095,2.0
40697,SENTINEL 2A,2018-11-30 00:00:00+00:00,788.9878105102089,1.333
40697,SENTINEL 2A,2018-12-01 00:00:00+00:00,788.992742807739,3.0
40697,SENTINEL 2A,2018-12-02 00:00:00+00:00,788.9992880497903,3.667
40697,SENTINEL 2A,2018-12-03 00:00:00+00:00,789.0038764069532,3.0
40697,SENTINEL 2A,2018-12-04 00:00:00+00:00,789.0073594224268,3.0
40697,SENTINEL 2A,2018-12-05 00:00:00+00:00,789.0094832958739,2.0
40697,SENTINEL 2A,2018-12-06 00:00:00+00:00,789.0092194813205,2.0
40697,SENTINEL 2A,2018-12-07 00:00:00+00:00,789.0072575700806,3.333
40697,SENTINEL 2A,2018-12-08 00:00:00+00:00,789.0048348201863,3.333
40697,SENTINEL 2A,2018-12-09 00:00:00+00:00,789.0012750012256,3.667
40697,SENTINEL 2A,2018-12-10 00:00:00+00:00,788.9983663719454,3.0
40697,SENTINEL 2A,2018-12-11 00:00:00+00:00,788.997965642538,2.667
40697,SENTINEL 2A,2018-12-12 00:00:00+00:00,788.9973495211862,2.0
40697,SENTINEL 2A,2018-12-13 00:00:00+00:00,788.9965797871087,1.0
40697,SENTINEL 2A,2018-12-14 00:00:00+00:00,788.9961039212421,0.667
40697,SENTINEL 2A,2018-12-15 00:00:00+00:00,788.9959319416689,0.333
40697,SENTINEL 2A,2018-12-16 00:00:00+00:00,788.9955729552112,0.667
40697,SENTINEL 2A,2018-12-17 00:00:00+00:00,788.9951989414599,2.333
40697,SENTINEL 2A,2018-12-18 00:00:00+00:00,788.9953826089209,2.667
40697,SENTINEL 2A,2018-12-19 00:00:00+00:00,788.9950336407564,2.0
40697,SENTINEL 2A,2018-12-20 00:00:00+00:00,788.9964328530777,3.0
40697,SENTINEL 2A,2018-12-21 00:00:00+00:00,788.999835714214,2.0
40697,SENTINEL 2A,2018-12-22 00:00:00+00:00,789.0052388899703,1.0
40697,SENTINEL 2A,2018-12-23 00:00:00+00:00,789.0114235023975,0.667
40697,SENTINEL 2A,2018-12-24 00:00:00+00:00,789.0164426658084,1.333
40697,SENTINEL 2A,2018-12-25 00:00:00+00:00,789.019835531748,1.667
40697,SENTINEL 2A,2018-12-26 00:00:00+00:00,789.020743858744,1.0
40697,SENTINEL 2A,2018-12-27 00:00:00+00:00,789.0200425768471,2.333
40697,SENTINEL 2A,2018-12-28 00:00:00+00:00,789.0181791714967,4.333
40697,SENTINEL 2A,2018-12-29 00:00:00+00:00,789.0138245515282,3.0
40697,SENTINEL 2A,2018-12-30 00:00:00+00:00,789.0108891941009,3.0
40697,SENTINEL 2A,2018-12-31 00:00:00+00:00,789.009510011274,3.0
40697,SENTINEL 2A,2019-01-01 00:00:00+00:00,789.0094933141481,2.667
40697,SENTINEL 2A,2019-01-02 00:00:00+00:00,789.0089823821818,0.333
40697,SENTINEL 2A,2019-01-03 00:00:00+00:00,789.0087252465228,1.0
40697,SENTINEL 2A,2019-01-04 00:00:00+00:00,789.0091293168562,3.333
40697,SENTINEL 2A,2019-01-05 00:00:00+00:00,789.0090558495194,5.0
40697,SENTINEL 2A,2019-01-06 00:00:00+00:00,789.0086050272603,3.0
40697,SENTINEL 2A,2019-01-07 00:00:00+00:00,789.0085883301417,2.333
40697,SENTINEL 2A,2019-01-08 00:00:00+00:00,789.0082076358467,2.333
40697,SENTINEL 2A,2019-01-09 00:00:00+00:00,789.0073627618494,1.667
40697,SENTINEL 2A,2019-01-10 00:00:00+00:00,789.006931976387,1.333
40697,SENTINEL 2A,2019-01-11 00:00:00+00:00,789.006340898768,3.333
40697,SENTINEL 2A,2019-01-12 00:00:00+00:00,789.005542777204,1.0
40697,SENTINEL 2A,2019-01-13 00:00:00+00:00,789.0047580135383,1.0
40697,SENTINEL 2A,2019-01-14 00:00:00+00:00,789.0048047654109,2.667
40697,SENTINEL 2A,2019-01-15 00:00:00+00:00,789.0044775023225,2.667
40697,SENTINEL 2A,2019-01-16 00:00:00+00:00,789.0043105313753,2.667
40697,SENTINEL 2A,2019-01-17 00:00:00+00:00,789.0044290807468,2.667
40697,SENTINEL 2A,2019-01-18 00:00:00+00:00,789.0044507869698,2.0
40697,SENTINEL 2A,2019-01-19 00:00:00+00:00,789.0040200019466,2.667
40697,SENTINEL 2A,2019-01-20 00:00:00+00:00,789.0040033048545,1.667
40697,SENTINEL 2A,2019-01-21 00:00:00+00:00,789.0041635969474,1.667
40697,SENTINEL 2A,2019-01-22 00:00:00+00:00,789.0034806859057,2.0
40697,SENTINEL 2A,2019-01-23 00:00:00+00:00,789.0028712422018,4.0
40697,SENTINEL 2A,2019-01-24 00:00:00+00:00,789.0026909136795,4.333
40697,SENTINEL 2A,2019-01-25 00:00:00+00:00,789.0020731216027,3.333
40697,SENTINEL 2A,2019-01-26 00:00:00+00:00,789.0013918807654,3.0
40697,SENTINEL 2A,2019-01-27 00:00:00+00:00,789.0012349282433,2.0
40697,SENTINEL 2A,2019-01-28 00:00:00+00:00,789.0005870817495,0.667
40697,SENTINEL 2A,2019-01-29 00:00:00+00:00,788.9999592718859,1.667
43013,JPSS 1,2017-12-02 00:00:00+00:00,819.2783599976565,2.333
43013,JPSS 1,2017-12-03 00:00:00+00:00,819.2784831776767,0.667
43013,JPSS 1,2017-12-04 00:00:00+00:00,819.278582734135,4.0
43013,JPSS 1,2017-12-05 00:00:00+00:00,819.278596233316,5.0
43013,JPSS 1,2017-12-06 00:00:00+00:00,819.2786333560639,4.0
43013,JPSS 1,2017-12-07 00:00:00+00:00,819.2783414362848,3.333
43013,JPSS 1,2017-12-08 00:00:00+00:00,819.2783279371042,2.0
43013,JPSS 1,2017-12-09 00:00:00+00:00,819.2783127505281,1.667
43013,JPSS 1,2017-12-10 00:00:00+00:00,819.2782975639516,1.333
43013,JPSS 1,2017-12-12 00:00:00+00:00,819.3688464227398,4.0
43013,JPSS 1,2017-12-13 00:00:00+00:00,819.369268285403,2.667
43013,JPSS 1,2017-12-14 00:00:00+00:00,820.4134617710893,2.667
43013,JPSS 1,2017-12-15 00:00:00+00:00,821.4608940786566,1.333
43013,JPSS 1,2017-12-16 00:00:00+00:00,821.460997087956,2.0
43013,JPSS 1,2017-12-17 00:00:00+00:00,821.4610122860486,4.667
43013,JPSS 1,2017-12-18 00:00:00+00:00,823.64246405021,4.333
43013,JPSS 1,2017-12-19 00:00:00+00:00,823.6418522860185,2.333
43013,JPSS 1,2017-12-20 00:00:00+00:00,823.6418590458434,2.0
43013,JPSS 1,2017-12-21 00:00:00+00:00,823.6546503524046,1.0
43013,JPSS 1,2017-12-22 00:00:00+00:00,823.6543360191581,1.0
43013,JPSS 1,2017-12-23 00:00:00+00:00,825.0223363770338,2.667
43013,JPSS 1,2017-12-24 00:00:00+00:00,825.0229805589984,3.333
43013,JPSS 1,2017-12-25 00:00:00+00:00,825.0228554422797,3.0
43013,JPSS 1,2017-12-26 00:00:00+00:00,825.0227861208573,3.667
43013,JPSS 1,2017-12-27 00:00:00+00:00,826.8463151922065,2.667
43013,JPSS 1,2017-12-28 00:00:00+00:00,826.8460292718237,1.667
43013,JPSS 1,2017-12-29 00:00:00+00:00,826.8459040759262,2.333
43013,JPSS 1,2017-12-30 00:00:00+00:00,826.8457332004527,1.667
43013,JPSS 1,2017-12-31 00:00:00+00:00,826.8455809351876,2.0
43013,JPSS 1,2018-01-01 00:00:00+00:00,826.8454557393102,3.667
43013,JPSS 1,2018-01-02 00:00:00+00:00,826.8452138067496,2.0
43013,JPSS 1,2018-01-03 00:00:00+00:00,826.8449684905372,1.0
43013,JPSS 1,2018-01-04 00:00:00+00:00,826.8446927213026,1.333
43013,JPSS 1,2018-01-05 00:00:00+00:00,826.8445032357104,2.0
43013,JPSS 1,2018-01-06 00:00:00+00:00,826.8443661970296,1.333
43013,JPSS 1,2018-01-07 00:00:00+00:00,826.8787055871171,1.0
43013,JPSS 1,2018-01-08 00:00:00+00:00,826.8784348902241,3.667
43013,JPSS 1,2018-01-09 00:00:00+00:00,826.8782183327235,3.667
43013,JPSS 1,2018-01-10 00:00:00+00:00,826.8781286643889,1.667
43013,JPSS 1,2018-01-11 00:00:00+00:00,826.8780186937947,1.0
43013,JPSS 1,2018-01-12 00:00:00+00:00,826.8778139793139,1.333
43013,JPSS 1,2018-01-13 00:00:00+00:00,826.877661712354,3.0
43013,JPSS 1,2018-01-14 00:00:00+00:00,826.8773639458777,4.667
43013,JPSS 1,2018-01-15 00:00:00+00:00,826.8771220106391,3.667
43013,JPSS 1,2018-01-16 00:00:00+00:00,826.8769291392045,2.0
43013,JPSS 1,2018-01-17 00:00:00+00:00,826.8767244248011,0.667
43013,JPSS 1,2018-01-18 00:00:00+00:00,826.8765332452472,0.333
43013,NOAA 20,2018-01-19 00:00:00+00:00,826.8762422463042,2.667
43013,NOAA 20,2018-01-20 00:00:00+00:00,826.8760020030145,3.0
43013,NOAA 20,2018-01-21 00:00:00+00:00,826.8758395850259,3.0
43013,NOAA 20,2018-01-22 00:00:00+00:00,826.8756433299695,3.333
43013,NOAA 20,2018-01-23 00:00:00+00:00,826.8754606097568,2.0
43013,NOAA 20,2018-01-24 00:00:00+00:00,826.8752000642871,4.0
43013,NOAA 20,2018-01-25 00:00:00+00:00,826.8749310595754,3.0
43013,NOAA 20,2018-01-26 00:00:00+00:00,826.8747297290206,3.0
43013,NOAA 20,2018-01-27 00:00:00+00:00,826.8745250147731,2.667
43013,NOAA 20,2018-01-28 00:00:00+00:00,826.8743236842465,1.667
43013,NOAA 20,2018-01-29 00:00:00+00:00,826.8740597551737,1.0
43013,NOAA 20,2018-01-30 00:00:00+00:00,826.8738347387416,2.333
43013,NOAA 20,2018-01-31 00:00:00+00:00,826.8736164897355,2.667
43013,NOAA 20,2018-02-01 00:00:00+00:00,826.8734168511251,2.667
43013,NOAA 20,2018-02-02 00:00:00+00:00,826.8732053695617,2.0
43013,NOAA 20,2018-02-03 00:00:00+00:00,826.8729837368996,1.667
43013,NOAA 20,2018-02-04 00:00:00+00:00,826.8727367264705,2.333
43013,NOAA 20,2018-02-05 00:00:00+00:00,826.8725150938458,3.0
43013,NOAA 20,2018-02-06 00:00:00+00:00,826.8723425249423,2.333
43013,NOAA 20,2018-02-07 00:00:00+00:00,826.8721462701242,1.667
43013,NOAA 20,2018-02-08 00:00:00+00:00,826.8719449397631,1.333
43013,NOAA 20,2018-02-09 00:00:00+00:00,826.8716860864643,2.667
43013,NOAA 20,2018-02-10 00:00:00+00:00,826.8714492272561,2.333
43013,NOAA 20,2018-02-11 00:00:00+00:00,826.8712783502674,0.667
43013,NOAA 20,2018-02-12 00:00:00+00:00,826.871061793307,1.667
43013,NOAA 20,2018-02-13 00:00:00+00:00,826.8708553874694,0.667
43013,NOAA 20,2018-02-14 00:00:00+00:00,826.8706422142432,1.333
43013,NOAA 20,2018-02-15 00:00:00+00:00,826.8703444484922,4.667
43013,NOAA 20,2018-02-16 00:00:00+00:00,826.8701278916024,2.333
43013,NOAA 20,2018-02-17 00:00:00+00:00,826.869950247291,3.667
43013,NOAA 20,2018-02-18 00:00:00+00:00,826.8696829349178,4.0
43013,NOAA 20,2018-02-19 00:00:00+00:00,826.869451151425,4.0
43013,NOAA 20,2018-02-20 00:00:00+00:00,826.8690823280958,2.667
43013,NOAA 20,2018-02-21 00:00:00+00:00,826.8687777951063,2.0
43013,NOAA 20,2018-02-22 00:00:00+00:00,826.868684743366,3.667
43013,NOAA 20,2018-02-23 00:00:00+00:00,826.8684935643473,4.333
43013,NOAA 20,2018-02-24 00:00:00+00:00,826.8683006934889,3.333
43013,NOAA 20,2018-02-25 00:00:00+00:00,826.8679877013365,2.0
43013,NOAA 20,2018-02-26 00:00:00+00:00,826.8677186972964,3.0
43013,NOAA 20,2018-02-27 00:00:00+00:00,826.867512291698,5.333
43013,NOAA 20,2018-02-28 00:00:00+00:00,826.8672771246816,2.333
43013,NOAA 20,2018-03-01 00:00:00+00:00,826.8670656435679,2.667
43013,NOAA 20,2018-03-02 00:00:00+00:00,826.866827092892,2.667
43013,NOAA 20,2018-03-03 00:00:00+00:00,826.8664988742621,2.667
43013,NOAA 20,2018-03-04 00:00:00+00:00,826.8662484806928,2.667
43013,NOAA 20,2018-03-05 00:00:00+00:00,826.8660454588962,1.333
43013,NOAA 20,2018-03-06 00:00:00+00:00,826.8658069083044,2.0
43013,NOAA 20,2018-03-07 00:00:00+00:00,826.8656140376265,2.667
43013,NOAA 20,2018-03-08 00:00:00+00:00,826.8653331908727,1.667
43013,NOAA 20,2018-03-09 00:00:00+00:00,826.8650540359954,4.333
43013,NOAA 20,2018-03-10 00:00:00+00:00,826.8648510142834,4.0
43013,NOAA 20,2018-03-11 00:00:00+00:00,826.864629382264,2.333
43013,NOAA 20,2018-03-12 00:00:00+00:00,826.8644128258029,1.0
43013,NOAA 20,2018-03-13 00:00:00+00:00,826.8641793508868,1.0
43013,NOAA 20,2018-03-14 00:00:00+00:00,826.8638257548537,4.0
43013,NOAA 20,2018-03-15 00:00:00+00:00,826.863600739221,4.0
43013,NOAA 20,2018-03-16 00:00:00+00:00,826.8633604969837,4.333
43013,NOAA 20,2018-03-17 00:00:00+00:00,826.8631117955338,4.333
43013,NOAA 20,2018-03-18 00:00:00+00:00,826.8627988039452,6.0
43013,NOAA 20,2018-03-19 00:00:00+00:00,826.8624841205419,4.333
43013,NOAA 20,2018-03-20 00:00:00+00:00,826.8621863556336,3.0
43013,NOAA 20,2018-03-21 00:00:00+00:00,826.8619055092158,2.0
43013,NOAA 20,2018-03-22 00:00:00+00:00,826.8616686508112,3.0
43013,NOAA 20,2018-03-23 00:00:00+00:00,826.8614284087357,4.0
43013,NOAA 20,2018-03-24 00:00:00+00:00,826.8611204928648,2.667
43013,NOAA 20,2018-03-25 00:00:00+00:00,826.8608396465497,4.0
43013,NOAA 20,2018-03-26 00:00:00+00:00,826.8606230903738,3.0
43013,NOAA 20,2018-03-27 00:00:00+00:00,826.860355778867,3.0
43013,NOAA 20,2018-03-28 00:00:00+00:00,826.8600766244717,0.667
43013,NOAA 20,2018-03-29 00:00:00+00:00,826.859789010879,1.667
43013,NOAA 20,2018-03-30 00:00:00+00:00,826.8594861707174,2.333
43013,NOAA 20,2018-03-31 00:00:00+00:00,826.8592188593148,2.667
43013,NOAA 20,2018-04-01 00:00:00+00:00,826.8589955358839,1.333
43013,NOAA 20,2018-04-02 00:00:00+00:00,826.8587180734639,1.667
43013,NOAA 20,2018-04-03 00:00:00+00:00,826.8584338436958,2.0
43013,NOAA 20,2018-04-04 00:00:00+00:00,826.8581732997663,1.667
43013,NOAA 20,2018-04-05 00:00:00+00:00,826.8578755353037,3.0
43013,NOAA 20,2018-04-06 00:00:00+00:00,826.8577503388915,1.667
43013,NOAA 20,2018-04-07 00:00:00+00:00,826.8574491907866,2.0
43013,NOAA 20,2018-04-08 00:00:00+00:00,826.8572292511799,2.333
43013,NOAA 20,2018-04-09 00:00:00+00:00,826.8569619399868,4.333
43013,NOAA 20,2018-04-10 00:00:00+00:00,826.856572816143,4.0
43013,NOAA 20,2018-04-11 00:00:00+00:00,826.855665988608,4.333
43013,NOAA 20,2018-04-12 00:00:00+00:00,826.8553851428233,3.0
43013,NOAA 20,2018-04-13 00:00:00+00:00,826.8551855054757,3.667
43013,NOAA 20,2018-04-14 00:00:00+00:00,826.8550027865604,2.0
43013,NOAA 20,2018-04-15 00:00:00+00:00,826.8548065329223,2.333
43013,NOAA 20,2018-04-16 00:00:00+00:00,826.8545392219539,1.0
43013,NOAA 20,2018-04-17 00:00:00+00:00,826.8542549925978,1.0
43013,NOAA 20,2018-04-18 00:00:00+00:00,826.8538692528018,2.0
43013,NOAA 20,2018-04-19 00:00:00+00:00,826.8535951745571,1.0
43013,NOAA 20,2018-04-20 00:00:00+00:00,826.8533278637024,6.0
43013,NOAA 20,2018-04-21 00:00:00+00:00,826.8529370485085,3.333
43013,NOAA 20,2018-04-22 00:00:00+00:00,826.8525766864941,1.667
43013,NOAA 20,2018-04-23 00:00:00+00:00,826.8522112490045,3.0
43013,NOAA 20,2018-04-24 00:00:00+00:00,826.8519642403562,2.0
43013,NOAA 20,2018-04-25 00:00:00+00:00,826.851713848052,2.0
43013,NOAA 20,2018-04-26 00:00:00+00:00,826.851531129355,1.667
43013,NOAA 20,2018-04-27 00:00:00+00:00,826.8511132449753,2.667
43013,NOAA 20,2018-04-28 00:00:00+00:00,826.8509559039057,1.667
43013,NOAA 20,2018-04-29 00:00:00+00:00,826.8508949976895,1.333
43013,NOAA 20,2018-04-30 00:00:00+00:00,826.850695360652,2.333
43013,NOAA 20,2018-05-01 00:00:00+00:00,826.8503840622507,1.0
43013,NOAA 20,2018-05-02 00:00:00+00:00,826.8500829149143,2.0
43013,NOAA 20,2018-05-03 00:00:00+00:00,826.8498528248374,1.333
43013,NOAA 20,2018-05-04 00:00:00+00:00,826.8496125837455,1.333
43013,NOAA 20,2018-05-05 00:00:00+00:00,826.8493757263523,5.667
43013,NOAA 20,2018-05-06 00:00:00+00:00,826.8490441260337,5.667
43013,NOAA 20,2018-05-07 00:00:00+00:00,826.8486956073721,4.0
43013,NOAA 20,2018-05-08 00:00:00+00:00,826.8483775418354,3.667
43013,NOAA 20,2018-05-09 00:00:00+00:00,826.8479850354752,4.0
43013,NOAA 20,2018-05-10 00:00:00+00:00,826.8476669700158,3.333
43013,NOAA 20,2018-05-11 00:00:00+00:00,826.8475316230224,3.667
43013,NOAA 20,2018-05-12 00:00:00+00:00,826.8473319862196,3.667
43013,NOAA 20,2018-05-13 00:00:00+00:00,826.8470646759438,2.333
43013,NOAA 20,2018-05-14 00:00:00+00:00,826.8465977289425,2.0
43013,NOAA 20,2018-05-15 00:00:00+00:00,826.8464336207753,1.333
43013,NOAA 20,2018-05-16 00:00:00+00:00,826.8462272167008,1.333
43013,NOAA 20,2018-05-17 00:00:00+00:00,826.8460546493725,3.0
43013,NOAA 20,2018-05-18 00:00:00+00:00,826.8455843188613,1.667
43013,NOAA 20,2018-05-19 00:00:00+00:00,826.8453000903874,1.0
43013,NOAA 20,2018-05-20 00:00:00+00:00,826.8450530823316,1.0
43013,NOAA 20,2018-05-21 00:00:00+00:00,826.84484160285,1.0
43013,NOAA 20,2018-05-22 00:00:00+00:00,826.8445066193826,2.0
43013,NOAA 20,2018-05-23 00:00:00+00:00,826.84427991342,3.333
43013,NOAA 20,2018-05-24 00:00:00+00:00,826.8439483136885,1.333
43013,NOAA 20,2018-05-25 00:00:00+00:00,826.8437368342861,1.333
43013,NOAA 20,2018-05-26 00:00:00+00:00,826.8435744181161,1.333
43013,NOAA 20,2018-05-27 00:00:00+00:00,826.8434847508597,1.333
43013,NOAA 20,2018-05-28 00:00:00+00:00,826.8433494040637,1.667
43013,NOAA 20,2018-05-29 00:00:00+00:00,826.8430854778276,1.667
43013,NOAA 20,2018-05-30 00:00:00+00:00,826.842667594673,1.667
43013,NOAA 20,2018-05-31 00:00:00+00:00,826.842591462118,4.333
43013,NOAA 20,2018-06-01 00:00:00+00:00,826.8424375051854,4.667
43013,NOAA 20,2018-06-02 00:00:00+00:00,826.8420280812925,4.0
43013,NOAA 20,2018-06-03 00:00:00+00:00,826.8416474186351,2.667
43013,NOAA 20,2018-06-04 00:00:00+00:00,826.8413936435577,1.333
43013,NOAA 20,2018-06-05 00:00:00+00:00,826.8411720133417,1.667
43013,NOAA 20,2018-06-06 00:00:00+00:00,826.8408776343035,3.667
43013,NOAA 20,2018-06-07 00:00:00+00:00,826.8405832552949,2.667
43013,NOAA 20,2018-06-08 00:00:00+00:00,826.8403345558113,2.0
43013,NOAA 20,2018-06-09 00:00:00+00:00,826.840178907164,1.333
43013,NOAA 20,2018-06-10 00:00:00+00:00,826.8399014465567,1.0
43013,NOAA 20,2018-06-11 00:00:00+00:00,826.839766099928,1.333
43013,NOAA 20,2018-06-12 00:00:00+00:00,826.8396442879675,1.667
43013,NOAA 20,2018-06-13 00:00:00+00:00,826.8972280995695,2.0
43013,NOAA 20,2018-06-14 00:00:00+00:00,826.9066230328513,1.333
43013,NOAA 20,2018-06-15 00:00:00+00:00,826.906271123486,1.0
43013,NOAA 20,2018-06-16 00:00:00+00:00,826.9060934769436,0.667
43013,NOAA 20,2018-06-17 00:00:00+00:00,826.9059141385442,1.667
43013,NOAA 20,2018-06-18 00:00:00+00:00,826.9056654334231,4.0
43013,NOAA 20,2018-06-19 00:00:00+00:00,826.9053304428849,2.333
43013,NOAA 20,2018-06-20 00:00:00+00:00,826.9050529760034,2.333
43013,NOAA 20,2018-06-21 00:00:00+00:00,826.9047822766329,1.0
43013,NOAA 20,2018-06-22 00:00:00+00:00,826.90459447896,1.333
43013,NOAA 20,2018-06-23 00:00:00+00:00,826.9043829951083,4.0
43013,NOAA 20,2018-06-24 00:00:00+00:00,826.9042764072528,2.667
43013,NOAA 20,2018-06-25 00:00:00+00:00,826.9041072201894,5.0
43013,NOAA 20,2018-06-26 00:00:00+00:00,826.9037705379619,4.667
43013,NOAA 20,2018-06-27 00:00:00+00:00,826.9035522866893,2.667
43013,NOAA 20,2018-06-28 00:00:00+00:00,826.9034541582159,1.667
43013,NOAA 20,2018-06-29 00:00:00+00:00,826.9032900468119,1.333
43013,NOAA 20,2018-06-30 00:00:00+00:00,826.903076871185,1.0
43013,NOAA 20,2018-07-01 00:00:00+00:00,826.9027621833852,0.667
43013,NOAA 20,2018-07-02 00:00:00+00:00,826.9025253216232,1.0
43013,NOAA 20,2018-07-03 00:00:00+00:00,826.9022884598808,1.667
43013,NOAA 20,2018-07-04 00:00:00+00:00,826.9020786680671,1.333
43013,NOAA 20,2018-07-05 00:00:00+00:00,826.9018722600081,4.667
43013,NOAA 20,2018-07-06 00:00:00+00:00,826.9016675438329,3.667
43013,NOAA 20,2018-07-07 00:00:00+00:00,826.901405304126,2.0
43013,NOAA 20,2018-07-08 00:00:00+00:00,826.9011667506056,1.333
43013,NOAA 20,2018-07-09 00:00:00+00:00,826.9011836692944,0.667
43013,NOAA 20,2018-07-10 00:00:00+00:00,826.9010517035249,2.333
43013,NOAA 20,2018-07-11 00:00:00+00:00,826.900770853319,2.667
43013,NOAA 20,2018-07-12 00:00:00+00:00,826.9005339917212,2.667
43013,NOAA 20,2018-07-13 00:00:00+00:00,826.9004324796133,2.667
43013,NOAA 20,2018-07-14 00:00:00+00:00,826.9002768277214,1.667
43013,NOAA 20,2018-07-15 00:00:00+00:00,826.9001076408922,1.333
43013,NOAA 20,2018-07-16 00:00:00+00:00,826.8998775468208,2.667
43013,NOAA 20,2018-07-17 00:00:00+00:00,826.899576394314,3.0
43013,NOAA 20,2018-07-18 00:00:00+00:00,826.8993598352272,1.0
43013,NOAA 20,2018-07-19 00:00:00+00:00,826.8991331249517,1.0
43013,NOAA 20,2018-07-20 00:00:00+00:00,826.8989368683078,2.0
43013,NOAA 20,2018-07-21 00:00:00+00:00,826.8986830881859,3.333
43013,NOAA 20,2018-07-22 00:00:00+00:00,826.8984969827779,1.333
43013,NOAA 20,2018-07-23 00:00:00+00:00,826.8981890629475,1.0
43013,NOAA 20,2018-07-24 00:00:00+00:00,826.8979995738364,4.0
43013,NOAA 20,2018-07-25 00:00:00+00:00,826.8978608407451,3.333
43013,NOAA 20,2018-07-26 00:00:00+00:00,826.8977187239279,1.333
43013,NOAA 20,2018-07-27 00:00:00+00:00,826.8975867583167,1.667
43013,NOAA 20,2018-07-28 00:00:00+00:00,826.8974023448459,2.0
43013,NOAA 20,2018-07-29 00:00:00+00:00,826.8972653036503,1.333
43013,NOAA 20,2018-07-30 00:00:00+00:00,826.8970690471342,2.0
43013,NOAA 20,2018-07-31 00:00:00+00:00,826.8968084997123,2.333
43013,NOAA 20,2018-08-01 00:00:00+00:00,826.8965800977717,2.333
43013,NOAA 20,2018-08-02 00:00:00+00:00,826.8962366489591,2.667
43013,NOAA 20,2018-08-03 00:00:00+00:00,826.8961046834156,2.667
43013,NOAA 20,2018-08-04 00:00:00+00:00,826.895789996378,2.0
43013,NOAA 20,2018-08-05 00:00:00+00:00,826.8956935600345,2.0
43013,NOAA 20,2018-08-06 00:00:00+00:00,826.8965378011289,1.0
43013,NOAA 20,2018-08-07 00:00:00+00:00,826.8952790529793,3.0
43013,NOAA 20,2018-08-08 00:00:00+00:00,826.8950591104849,1.667
43013,NOAA 20,2018-08-09 00:00:00+00:00,826.8949508311089,1.333
43013,NOAA 20,2018-08-10 00:00:00+00:00,826.894778260863,1.333
43013,NOAA 20,2018-08-11 00:00:00+00:00,826.8946412197929,3.667
43013,NOAA 20,2018-08-12 00:00:00+00:00,826.8944788007543,2.0
43013,NOAA 20,2018-08-13 00:00:00+00:00,826.8941488871105,1.333
43013,NOAA 20,2018-08-14 00:00:00+00:00,826.8939187935148,1.333
43013,NOAA 20,2018-08-15 00:00:00+00:00,826.893695467395,4.0
43013,NOAA 20,2018-08-16 00:00:00+00:00,826.893585496206,3.667
43013,NOAA 20,2018-08-17 00:00:00+00:00,826.893316489779,4.0
43013,NOAA 20,2018-08-18 00:00:00+00:00,826.8929324366177,3.333
43013,NOAA 20,2018-08-19 00:00:00+00:00,826.8927108024373,2.667
43013,NOAA 20,2018-08-20 00:00:00+00:00,826.8925196218238,4.0
43013,NOAA 20,2018-08-22 00:00:00+00:00,826.8921389524967,2.333
43013,NOAA 20,2018-08-23 00:00:00+00:00,826.8919799173264,1.667
43013,NOAA 20,2018-08-24 00:00:00+00:00,826.8917142947739,2.667
43013,NOAA 20,2018-08-25 00:00:00+00:00,826.8915197304996,4.333
43013,NOAA 20,2018-08-26 00:00:00+00:00,826.8913742302675,7.333
43013,NOAA 20,2018-08-27 00:00:00+00:00,826.8911576717983,5.667
43013,NOAA 20,2018-08-28 00:00:00+00:00,826.8908649795167,3.667
43013,NOAA 20,2018-08-29 00:00:00+00:00,826.8905925896152,2.333
43013,NOAA 20,2018-08-30 00:00:00+00:00,826.8903506532665,1.667
43013,NOAA 20,2018-08-31 00:00:00+00:00,826.8901324030094,2.333
43013,NOAA 20,2018-09-01 00:00:00+00:00,826.8898447864194,2.0
43013,NOAA 20,2018-09-02 00:00:00+00:00,826.889489495376,2.0
43013,NOAA 20,2018-09-03 00:00:00+00:00,826.8892357160858,1.333
43013,NOAA 20,2018-09-04 00:00:00+00:00,826.8890293089466,3.0
43013,NOAA 20,2018-09-05 00:00:00+00:00,826.8888838088415,3.333
43013,NOAA 20,2018-09-06 00:00:00+00:00,826.8886875528951,2.0
43013,NOAA 20,2018-09-07 00:00:00+00:00,826.8884777620724,2.333
43013,NOAA 20,2018-09-08 00:00:00+00:00,826.8882087561205,2.333
43013,NOAA 20,2018-09-09 00:00:00+00:00,826.8879938897503,2.667
43013,NOAA 20,2018-09-10 00:00:00+00:00,826.887794250144,5.0
43013,NOAA 20,2018-09-11 00:00:00+00:00,826.8875743082217,6.0
43013,NOAA 20,2018-09-12 00:00:00+00:00,826.887354366314,4.0
43013,NOAA 20,2018-09-13 00:00:00+00:00,826.8870667499996,4.0
43013,NOAA 20,2018-09-14 00:00:00+00:00,826.886741912786,4.333
43013,NOAA 20,2018-09-15 00:00:00+00:00,826.8864745988558,2.667
43013,NOAA 20,2018-09-16 00:00:00+00:00,826.8861531454286,2.333
43013,NOAA 20,2018-09-17 00:00:00+00:00,826.8858621455156,3.333
43013,NOAA 20,2018-09-18 00:00:00+00:00,826.8856235932822,2.333
43013,NOAA 20,2018-09-19 00:00:00+00:00,826.885280145777,2.333
43013,NOAA 20,2018-09-20 00:00:00+00:00,826.8849789947944,0.667
43013,NOAA 20,2018-09-21 00:00:00+00:00,826.8847928902705,4.333
43013,NOAA 20,2018-09-22 00:00:00+00:00,826.8847201403241,4.667
43013,NOAA 20,2018-09-23 00:00:00+00:00,826.8844172975419,3.333
43013,NOAA 20,2018-09-24 00:00:00+00:00,826.8841415245333,2.333
43013,NOAA 20,2018-09-25 00:00:00+00:00,826.8838082283546,3.0
43013,NOAA 20,2018-09-26 00:00:00+00:00,826.8836610366552,2.667
43013,NOAA 20,2018-09-27 00:00:00+00:00,826.8834867752257,2.333
43013,NOAA 20,2018-09-28 00:00:00+00:00,826.8831534791248,3.0
43013,NOAA 20,2018-09-29 00:00:00+00:00,826.8827880377576,3.333
43013,NOAA 20,2018-09-30 00:00:00+00:00,826.8824073697156,2.333
43013,NOAA 20,2018-10-01 00:00:00+00:00,826.8821248294698,3.667
43013,NOAA 20,2018-10-02 00:00:00+00:00,826.8819082716932,3.667
43013,NOAA 20,2018-10-03 00:00:00+00:00,826.8816409582123,2.333
43013,NOAA 20,2018-10-04 00:00:00+00:00,826.8812772088932,1.667
43013,NOAA 20,2018-10-05 00:00:00+00:00,826.8809675990465,3.0
43013,NOAA 20,2018-10-06 00:00:00+00:00,826.8807222797905,3.0
43013,NOAA 20,2018-10-07 00:00:00+00:00,826.8804854198388,5.333
43013,NOAA 20,2018-10-08 00:00:00+00:00,826.8804414315646,4.333
43013,NOAA 20,2018-10-09 00:00:00+00:00,826.8801842693583,3.667
43013,NOAA 20,2018-10-10 00:00:00+00:00,826.8796834798654,4.667
43013,NOAA 20,2018-10-11 00:00:00+00:00,826.8792842018174,3.0
43013,NOAA 20,2018-10-12 00:00:00+00:00,826.8791623881871,1.667
43013,NOAA 20,2018-10-13 00:00:00+00:00,826.878886615682,4.333
43013,NOAA 20,2018-10-14 00:00:00+00:00,826.8785059481543,2.0
43013,NOAA 20,2018-10-15 00:00:00+00:00,826.8780897517172,3.0
43013,NOAA 20,2018-10-16 00:00:00+00:00,826.8776938576002,2.0
43013,NOAA 20,2018-10-17 00:00:00+00:00,826.8773537947491,1.667
43013,NOAA 20,2018-10-18 00:00:00+00:00,826.8770797142729,0.333
43013,NOAA 20,2018-10-19 00:00:00+00:00,826.8768022501108,0.667
43013,NOAA 20,2018-10-20 00:00:00+00:00,826.8764520362383,0.333
43013,NOAA 20,2018-10-21 00:00:00+00:00,826.8762456300137,2.0
43013,NOAA 20,2018-10-22 00:00:00+00:00,826.8760104622847,2.667
43013,NOAA 20,2018-10-23 00:00:00+00:00,826.8758226664859,1.0
43013,NOAA 20,2018-10-24 00:00:00+00:00,826.8755147490797,1.333
43013,NOAA 20,2018-10-25 00:00:00+00:00,826.8751510005345,2.0
43013,NOAA 20,2018-10-26 00:00:00+00:00,826.8748109379826,2.333
43013,NOAA 20,2018-10-27 00:00:00+00:00,826.874624834114,1.667
43013,NOAA 20,2018-10-28 00:00:00+00:00,826.8743507538957,1.333
43013,NOAA 20,2018-10-29 00:00:00+00:00,826.8740360692327,0.333
43013,NOAA 20,2018-10-30 00:00:00+00:00,826.8736351001171,2.0
43013,NOAA 20,2018-10-31 00:00:00+00:00,826.8732645843988,1.667
43013,NOAA 20,2018-11-01 00:00:00+00:00,826.8728805339115,2.0
43013,NOAA 20,2018-11-02 00:00:00+00:00,826.8726081457094,2.667
43013,NOAA 20,2018-11-03 00:00:00+00:00,826.8723069960515,2.0
43013,NOAA 20,2018-11-04 00:00:00+00:00,826.8720633693865,5.333
43013,NOAA 20,2018-11-05 00:00:00+00:00,826.8718468123666,5.667
43013,NOAA 20,2018-11-06 00:00:00+00:00,826.8714559946629,3.667
43013,NOAA 20,2018-11-07 00:00:00+00:00,826.8712546643492,3.333
43013,NOAA 20,2018-11-08 00:00:00+00:00,826.8709585903875,4.0
43013,NOAA 20,2018-11-09 00:00:00+00:00,826.8707386497495,4.0
43013,NOAA 20,2018-11-10 00:00:00+00:00,826.8702835418653,4.333
43013,NOAA 20,2018-11-11 00:00:00+00:00,826.8699536309928,3.0
43013,NOAA 20,2018-11-12 00:00:00+00:00,826.8696203364543,3.333
43013,NOAA 20,2018-11-13 00:00:00+00:00,826.8693293382103,2.0
43013,NOAA 20,2018-11-14 00:00:00+00:00,826.868957131197,1.333
43013,NOAA 20,2018-11-15 00:00:00+00:00,826.8685781568342,0.667
43013,NOAA 20,2018-11-16 00:00:00+00:00,826.868283774993,1.0
43013,NOAA 20,2018-11-17 00:00:00+00:00,826.8679284866075,0.667
43013,NOAA 20,2018-11-18 00:00:00+00:00,826.867579965663,1.0
43013,NOAA 20,2018-11-19 00:00:00+00:00,826.8674192399994,1.667
43013,NOAA 20,2018-11-20 00:00:00+00:00,826.8670741028127,3.0
43013,NOAA 20,2018-11-21 00:00:00+00:00,826.8668118662545,2.667
43013,NOAA 20,2018-11-22 00:00:00+00:00,826.8665141009001,1.0
43013,NOAA 20,2018-11-23 00:00:00+00:00,826.8662383296041,1.0
43013,NOAA 20,2018-11-24 00:00:00+00:00,826.8660539181374,1.667
43013,NOAA 20,2018-11-25 00:00:00+00:00,826.8657764550389,1.0
43013,NOAA 20,2018-11-26 00:00:00+00:00,826.8654516202232,0.667
43013,NOAA 20,2018-11-27 00:00:00+00:00,826.8649795946994,2.333
43013,NOAA 20,2018-11-28 00:00:00+00:00,826.8647105909413,1.0
43013,NOAA 20,2018-11-29 00:00:00+00:00,826.8644280524295,2.0
43013,NOAA 20,2018-11-30 00:00:00+00:00,826.8641167525448,1.333
43013,NOAA 20,2018-12-01 00:00:00+00:00,826.8638375977835,3.0
43013,NOAA 20,2018-12-02 00:00:00+00:00,826.8634450893182,3.667
43013,NOAA 20,2018-12-03 00:00:00+00:00,826.8631405569263,3.0
43013,NOAA 20,2018-12-04 00:00:00+00:00,826.8629375353471,3.0
43013,NOAA 20,2018-12-05 00:00:00+00:00,826.8627683507107,2.0
43013,NOAA 20,2018-12-06 00:00:00+00:00,826.862575480237,2.0
43013,NOAA 20,2018-12-07 00:00:00+00:00,826.8621880474811,3.333
43013,NOAA 20,2018-12-08 00:00:00+00:00,826.8619105847533,3.333
43013,NOAA 20,2018-12-09 00:00:00+00:00,826.8616686508117,3.667
43013,NOAA 20,2018-12-10 00:00:00+00:00,826.86132520616,3.0
43013,NOAA 20,2018-12-11 00:00:00+00:00,826.861052819052,2.667
43013,NOAA 20,2018-12-12 00:00:00+00:00,826.8606603109656,2.0
43013,NOAA 20,2018-12-13 00:00:00+00:00,826.9282570821488,1.0
43013,NOAA 20,2018-12-14 00:00:00+00:00,826.927636160508,0.667
43013,NOAA 20,2018-12-15 00:00:00+00:00,826.9272707135005,0.333
43013,NOAA 20,2018-12-16 00:00:00+00:00,826.9270456929125,0.667
43013,NOAA 20,2018-12-17 00:00:00+00:00,826.9267208511928,2.333
43013,NOAA 20,2018-12-18 00:00:00+00:00,826.9264129283465,2.667
43013,NOAA 20,2018-12-19 00:00:00+00:00,826.926148994502,2.0
43013,NOAA 20,2018-12-20 00:00:00+00:00,826.9260136438234,3.0
43013,NOAA 20,2018-12-21 00:00:00+00:00,826.9257750882666,2.0
43013,NOAA 20,2018-12-22 00:00:00+00:00,826.925563602862,1.0
43013,NOAA 20,2018-12-23 00:00:00+00:00,826.9252218424795,0.667
43013,NOAA 20,2018-12-24 00:00:00+00:00,826.9249917464012,1.333
43013,NOAA 20,2018-12-25 00:00:00+00:00,826.9247092019796,1.667
43013,NOAA 20,2018-12-26 00:00:00+00:00,826.9243995874658,1.0
43013,NOAA 20,2018-12-27 00:00:00+00:00,826.9241424213383,2.333
43013,NOAA 20,2018-12-28 00:00:00+00:00,826.9238818714666,4.333
43013,NOAA 20,2018-12-29 00:00:00+00:00,826.923543495046,3.0
43013,NOAA 20,2018-12-30 00:00:00+00:00,826.9231780485588,3.0
43013,NOAA 20,2018-12-31 00:00:00+00:00,826.9229310338287,3.0
43013,NOAA 20,2019-01-01 00:00:00+00:00,826.9227821482491,2.667
43013,NOAA 20,2019-01-02 00:00:00+00:00,826.9224539232455,0.333
43013,NOAA 20,2019-01-03 00:00:00+00:00,826.9221899897675,1.0
43013,NOAA 20,2019-01-04 00:00:00+00:00,826.9219260563109,3.333
43013,NOAA 20,2019-01-05 00:00:00+00:00,826.9218245434495,5.0
43013,NOAA 20,2019-01-06 00:00:00+00:00,826.9215284642924,3.0
43013,NOAA 20,2019-01-07 00:00:00+00:00,826.9212932928676,2.333
43013,NOAA 20,2019-01-08 00:00:00+00:00,826.9209989056453,2.333
43013,NOAA 20,2019-01-09 00:00:00+00:00,826.9207095940928,1.667
43013,NOAA 20,2019-01-10 00:00:00+00:00,826.9205251791436,1.333
43013,NOAA 20,2019-01-11 00:00:00+00:00,826.9201428142378,3.333
43013,NOAA 20,2019-01-12 00:00:00+00:00,826.9197722925414,1.0
43013,NOAA 20,2019-01-13 00:00:00+00:00,826.919462678557,1.0
43013,NOAA 20,2019-01-14 00:00:00+00:00,826.919222431663,2.667
43013,NOAA 20,2019-01-15 00:00:00+00:00,826.9189804929101,2.667
43013,NOAA 20,2019-01-16 00:00:00+00:00,826.9188569857215,2.667
43013,NOAA 20,2019-01-17 00:00:00+00:00,826.9187385541773,2.667
43013,NOAA 20,2019-01-18 00:00:00+00:00,826.9184035621201,2.0
43013,NOAA 20,2019-01-19 00:00:00+00:00,826.9181633153148,2.667
43013,NOAA 20,2019-01-20 00:00:00+00:00,826.9177640319358,1.667
43013,NOAA 20,2019-01-21 00:00:00+00:00,826.9177707994504,1.667
43013,NOAA 20,2019-01-22 00:00:00+00:00,826.9176337572871,2.0
43013,NOAA 20,2019-01-23 00:00:00+00:00,826.9173207597755,4.0
43013,NOAA 20,2019-01-24 00:00:00+00:00,826.91689779022,4.333
43013,NOAA 20,2019-01-25 00:00:00+00:00,826.9165661821321,3.333
43013,NOAA 20,2019-01-26 00:00:00+00:00,826.9165018907725,3.0
43013,NOAA 20,2019-01-27 00:00:00+00:00,826.9162007365276,2.0
43013,NOAA 20,2019-01-28 00:00:00+00:00,826.9159249604786,0.667
43013,NOAA 20,2019-01-29 00:00:00+00:00,826.9155984281347,1.667
43205,TBA - TO BE ASSIGNED,2018-02-06 00:00:00+00:00,3566.89213965191,2.333
43205,TESLA ROADSTER/FALCON 9H,2018-02-07 00:00:00+00:00,3559.6925231397827,1.667
