norad_id,object_name,date,daily_median_altitude_km
25544,ISS (ZARYA),2017-12-02 00:00:00+00:00,404.8703357449922
25544,ISS (ZARYA),2017-12-03 00:00:00+00:00,404.85474222343964
25544,ISS (ZARYA),2017-12-04 00:00:00+00:00,404.83958525643175
25544,ISS (ZARYA),2017-12-05 00:00:00+00:00,404.8281993984592
25544,ISS (ZARYA),2017-12-06 00:00:00+00:00,404.78947969619367
25544,ISS (ZARYA),2017-12-07 00:00:00+00:00,404.75462312566333
25544,ISS (ZARYA),2017-12-08 00:00:00+00:00,404.7223827605367
25544,ISS (ZARYA),2017-12-09 00:00:00+00:00,404.7038892047558
25544,ISS (ZARYA),2017-12-10 00:00:00+00:00,404.6955691827561
25544,ISS (ZARYA),2017-12-11 00:00:00+00:00,404.6953320498769
25544,ISS (ZARYA),2017-12-12 00:00:00+00:00,404.6879009354575
25544,ISS (ZARYA),2017-12-13 00:00:00+00:00,404.66970439079887
25544,ISS (ZARYA),2017-12-14 00:00:00+00:00,404.6516243509741
25544,ISS (ZARYA),2017-12-15 00:00:00+00:00,404.56021346759553
25544,ISS (ZARYA),2017-12-16 00:00:00+00:00,404.5596897652513
25544,ISS (ZARYA),2017-12-17 00:00:00+00:00,404.55106032896583
25544,ISS (ZARYA),2017-12-18 00:00:00+00:00,404.4810337304607
25544,ISS (ZARYA),2017-12-19 00:00:00+00:00,404.49600540438405
25544,ISS (ZARYA),2017-12-20 00:00:00+00:00,404.4707229327664
25544,ISS (ZARYA),2017-12-21 00:00:00+00:00,404.4674353559085
25544,ISS (ZARYA),2017-12-22 00:00:00+00:00,404.4776443132241
25544,ISS (ZARYA),2017-12-23 00:00:00+00:00,404.46558500468745
25544,ISS (ZARYA),2017-12-24 00:00:00+00:00,404.45930080242397
25544,ISS (ZARYA),2017-12-25 00:00:00+00:00,404.4522892791165
25544,ISS (ZARYA),2017-12-26 00:00:00+00:00,404.4368770843139
25544,ISS (ZARYA),2017-12-27 00:00:00+00:00,404.41701373655815
25544,ISS (ZARYA),2017-12-28 00:00:00+00:00,404.4014490038244
25544,ISS (ZARYA),2017-12-29 00:00:00+00:00,404.3944463578664
25544,ISS (ZARYA),2017-12-30 00:00:00+00:00,404.38183174918504
25544,ISS (ZARYA),2017-12-31 00:00:00+00:00,404.37678417657844
25544,ISS (ZARYA),2018-01-01 00:00:00+00:00,404.36151787305516
25544,ISS (ZARYA),2018-01-02 00:00:00+00:00,404.3455854405338
25544,ISS (ZARYA),2018-01-03 00:00:00+00:00,404.3269519021992
25544,ISS (ZARYA),2018-01-04 00:00:00+00:00,404.31714498070505
25544,ISS (ZARYA),2018-01-05 00:00:00+00:00,404.3034077868215
25544,ISS (ZARYA),2018-01-06 00:00:00+00:00,404.29318784844054
25544,ISS (ZARYA),2018-01-07 00:00:00+00:00,404.28164719004053
25544,ISS (ZARYA),2018-01-08 00:00:00+00:00,404.27052549788004
25544,ISS (ZARYA),2018-01-09 00:00:00+00:00,404.2498459047092
25544,ISS (ZARYA),2018-01-10 00:00:00+00:00,404.22519410387304
25544,ISS (ZARYA),2018-01-11 00:00:00+00:00,404.20718101415923
25544,ISS (ZARYA),2018-01-12 00:00:00+00:00,404.19213093480676
25544,ISS (ZARYA),2018-01-13 00:00:00+00:00,404.1846953795748
25544,ISS (ZARYA),2018-01-14 00:00:00+00:00,404.17002505470145
25544,ISS (ZARYA),2018-01-15 00:00:00+00:00,404.1476720884075
25544,ISS (ZARYA),2018-01-16 00:00:00+00:00,404.1345553698393
25544,ISS (ZARYA),2018-01-17 00:00:00+00:00,404.12505895174036
25544,ISS (ZARYA),2018-01-18 00:00:00+00:00,404.4648867592723
25544,ISS (ZARYA),2018-01-19 00:00:00+00:00,404.5293472059484
25544,ISS (ZARYA),2018-01-20 00:00:00+00:00,404.51193144878107
25544,ISS (ZARYA),2018-01-21 00:00:00+00:00,404.4986136734501
25544,ISS (ZARYA),2018-01-22 00:00:00+00:00,404.4848755625844
25544,ISS (ZARYA),2018-01-23 00:00:00+00:00,404.47276094399695
25544,ISS (ZARYA),2018-01-24 00:00:00+00:00,404.4514688479908
25544,ISS (ZARYA),2018-01-25 00:00:00+00:00,404.43556643601687
25544,ISS (ZARYA),2018-01-26 00:00:00+00:00,404.4196466625308
25544,ISS (ZARYA),2018-01-27 00:00:00+00:00,404.4054216422842
25544,ISS (ZARYA),2018-01-28 00:00:00+00:00,404.3880008573633
25544,ISS (ZARYA),2018-01-29 00:00:00+00:00,404.37825771940834
25544,ISS (ZARYA),2018-01-30 00:00:00+00:00,404.6871435908065
25544,ISS (ZARYA),2018-01-31 00:00:00+00:00,404.94682068852035
25544,ISS (ZARYA),2018-02-01 00:00:00+00:00,404.95149247139307
25544,ISS (ZARYA),2018-02-02 00:00:00+00:00,404.9384577070209
25544,ISS (ZARYA),2018-02-03 00:00:00+00:00,404.9162046151778
25544,ISS (ZARYA),2018-02-04 00:00:00+00:00,404.9017238374895
25544,ISS (ZARYA),2018-02-05 00:00:00+00:00,404.8899914501594
25544,ISS (ZARYA),2018-02-06 00:00:00+00:00,404.8804356477949
25544,ISS (ZARYA),2018-02-07 00:00:00+00:00,404.8619613813544
25544,ISS (ZARYA),2018-02-08 00:00:00+00:00,404.85018843157104
25544,ISS (ZARYA),2018-02-09 00:00:00+00:00,404.8432530069854
25544,ISS (ZARYA),2018-02-10 00:00:00+00:00,404.83474487874173
25544,ISS (ZARYA),2018-02-11 00:00:00+00:00,404.8224730264601
25544,ISS (ZARYA),2018-02-12 00:00:00+00:00,404.815710801216
25544,ISS (ZARYA),2018-02-13 00:00:00+00:00,404.80098178205935
25544,ISS (ZARYA),2018-02-14 00:00:00+00:00,404.7880306644861
25544,ISS (ZARYA),2018-02-15 00:00:00+00:00,404.78125834110506
25544,ISS (ZARYA),2018-02-16 00:00:00+00:00,404.77364513581915
25544,ISS (ZARYA),2018-02-17 00:00:00+00:00,404.7626203550881
25544,ISS (ZARYA),2018-02-18 00:00:00+00:00,404.7386971234064
25544,ISS (ZARYA),2018-02-19 00:00:00+00:00,404.72127128858256
25544,ISS (ZARYA),2018-02-20 00:00:00+00:00,404.6946861181659
25544,ISS (ZARYA),2018-02-21 00:00:00+00:00,404.6803272705165
25544,ISS (ZARYA),2018-02-22 00:00:00+00:00,404.66932760107875
25544,ISS (ZARYA),2018-02-23 00:00:00+00:00,404.65471866825237
25544,ISS (ZARYA),2018-02-24 00:00:00+00:00,404.6398930474543
25544,ISS (ZARYA),2018-02-25 00:00:00+00:00,404.62324324012206
25544,ISS (ZARYA),2018-02-26 00:00:00+00:00,404.6043299375033
25544,ISS (ZARYA),2018-02-27 00:00:00+00:00,404.5934062197339
25544,ISS (ZARYA),2018-02-28 00:00:00+00:00,404.5809274315816
25544,ISS (ZARYA),2018-03-01 00:00:00+00:00,404.5711530507742
25544,ISS (ZARYA),2018-03-02 00:00:00+00:00,404.5567861316763
25544,ISS (ZARYA),2018-03-03 00:00:00+00:00,404.5427858719554
25544,ISS (ZARYA),2018-03-04 00:00:00+00:00,404.53242974372733
25544,ISS (ZARYA),2018-03-05 00:00:00+00:00,404.5178608242036
25544,ISS (ZARYA),2018-03-06 00:00:00+00:00,404.50457793262467
25544,ISS (ZARYA),2018-03-07 00:00:00+00:00,404.4932531238892
25544,ISS (ZARYA),2018-03-08 00:00:00+00:00,404.4807413397716
25544,ISS (ZARYA),2018-03-09 00:00:00+00:00,404.46605923181323
25544,ISS (ZARYA),2018-03-10 00:00:00+00:00,404.45404506815703
25544,ISS (ZARYA),2018-03-11 00:00:00+00:00,404.4427612007594
25544,ISS (ZARYA),2018-03-12 00:00:00+00:00,404.4229399956539
25544,ISS (ZARYA),2018-03-13 00:00:00+00:00,404.40808509671206
25544,ISS (ZARYA),2018-03-14 00:00:00+00:00,404.70971134426145
25544,ISS (ZARYA),2018-03-15 00:00:00+00:00,404.79320411937533
25544,ISS (ZARYA),2018-03-16 00:00:00+00:00,404.7834624357938
25544,ISS (ZARYA),2018-03-17 00:00:00+00:00,404.76520996690397
25544,ISS (ZARYA),2018-03-18 00:00:00+00:00,404.74435347813414
25544,ISS (ZARYA),2018-03-19 00:00:00+00:00,404.7292087649903
25544,ISS (ZARYA),2018-03-20 00:00:00+00:00,404.7184663992066
25544,ISS (ZARYA),2018-03-21 00:00:00+00:00,404.70538765525816
25544,ISS (ZARYA),2018-03-22 00:00:00+00:00,404.6919103593209
25544,ISS (ZARYA),2018-03-23 00:00:00+00:00,404.6863704885227
25544,ISS (ZARYA),2018-03-24 00:00:00+00:00,404.6769696097099
25544,ISS (ZARYA),2018-03-25 00:00:00+00:00,404.7108868302157
25544,ISS (ZARYA),2018-03-26 00:00:00+00:00,404.6961060042904
25544,ISS (ZARYA),2018-03-27 00:00:00+00:00,404.67266924950945
25544,ISS (ZARYA),2018-03-28 00:00:00+00:00,404.65069329328617
25544,ISS (ZARYA),2018-03-29 00:00:00+00:00,404.6149292816999
25544,ISS (ZARYA),2018-03-30 00:00:00+00:00,404.5636320825997
25544,ISS (ZARYA),2018-03-31 00:00:00+00:00,404.55171204538055
25544,ISS (ZARYA),2018-04-01 00:00:00+00:00,404.54193049672176
25544,ISS (ZARYA),2018-04-02 00:00:00+00:00,404.53492166929664
25544,ISS (ZARYA),2018-04-03 00:00:00+00:00,404.52159360034693
25544,ISS (ZARYA),2018-04-04 00:00:00+00:00,404.50527764371964
25544,ISS (ZARYA),2018-04-05 00:00:00+00:00,404.4870794139488
25544,ISS (ZARYA),2018-04-06 00:00:00+00:00,404.46669346965245
25544,ISS (ZARYA),2018-04-07 00:00:00+00:00,404.45350247500573
25544,ISS (ZARYA),2018-04-08 00:00:00+00:00,404.44016898736936
25544,ISS (ZARYA),2018-04-09 00:00:00+00:00,404.420554362061
25544,ISS (ZARYA),2018-04-10 00:00:00+00:00,404.39746619713515
25544,ISS (ZARYA),2018-04-11 00:00:00+00:00,404.37594630952754
25544,ISS (ZARYA),2018-04-12 00:00:00+00:00,404.35015584092616
25544,ISS (ZARYA),2018-04-13 00:00:00+00:00,404.3111898607958
25544,ISS (ZARYA),2018-04-14 00:00:00+00:00,404.29585701453107
25544,ISS (ZARYA),2018-04-15 00:00:00+00:00,404.2909826974146
25544,ISS (ZARYA),2018-04-16 00:00:00+00:00,404.28039334278856
25544,ISS (ZARYA),2018-04-17 00:00:00+00:00,404.2715029714818
25544,ISS (ZARYA),2018-04-18 00:00:00+00:00,404.63196455383513
25544,ISS (ZARYA),2018-04-19 00:00:00+00:00,404.66684427992095
25544,ISS (ZARYA),2018-04-20 00:00:00+00:00,404.6678742686381
25544,ISS (ZARYA),2018-04-21 00:00:00+00:00,404.6594161525272
25544,ISS (ZARYA),2018-04-22 00:00:00+00:00,404.6407600914645
25544,ISS (ZARYA),2018-04-23 00:00:00+00:00,404.62005876400144
25544,ISS (ZARYA),2018-04-24 00:00:00+00:00,404.60154262966535
25544,ISS (ZARYA),2018-04-25 00:00:00+00:00,404.5908560496209
25544,ISS (ZARYA),2018-04-26 00:00:00+00:00,404.5815224198086
25544,ISS (ZARYA),2018-04-27 00:00:00+00:00,404.56589564452315
25544,ISS (ZARYA),2018-04-28 00:00:00+00:00,404.5514880178657
25544,ISS (ZARYA),2018-04-29 00:00:00+00:00,404.54391182481777
25544,ISS (ZARYA),2018-04-30 00:00:00+00:00,404.5323322772765
25544,ISS (ZARYA),2018-05-01 00:00:00+00:00,404.5189373045414
25544,ISS (ZARYA),2018-05-02 00:00:00+00:00,404.5084168858475
25544,ISS (ZARYA),2018-05-03 00:00:00+00:00,404.497260806128
25544,ISS (ZARYA),2018-05-04 00:00:00+00:00,404.48613386583565
25544,ISS (ZARYA),2018-05-05 00:00:00+00:00,404.47006541704195
25544,ISS (ZARYA),2018-05-06 00:00:00+00:00,404.4490715487591
25544,ISS (ZARYA),2018-05-07 00:00:00+00:00,404.42273052530345
25544,ISS (ZARYA),2018-05-08 00:00:00+00:00,404.3934397471794
25544,ISS (ZARYA),2018-05-09 00:00:00+00:00,404.3653682602617
25544,ISS (ZARYA),2018-05-10 00:00:00+00:00,404.34918561207087
25544,ISS (ZARYA),2018-05-11 00:00:00+00:00,404.33567662962923
25544,ISS (ZARYA),2018-05-12 00:00:00+00:00,404.32644715442984
25544,ISS (ZARYA),2018-05-13 00:00:00+00:00,404.848351075309
25544,ISS (ZARYA),2018-05-14 00:00:00+00:00,404.888277571471
25544,ISS (ZARYA),2018-05-15 00:00:00+00:00,404.88730278587764
25544,ISS (ZARYA),2018-05-16 00:00:00+00:00,404.8780088737449
25544,ISS (ZARYA),2018-05-17 00:00:00+00:00,404.86517669228397
25544,ISS (ZARYA),2018-05-18 00:00:00+00:00,404.8588028163399
25544,ISS (ZARYA),2018-05-19 00:00:00+00:00,404.84311770375325
25544,ISS (ZARYA),2018-05-20 00:00:00+00:00,404.82741231319415
25544,ISS (ZARYA),2018-05-21 00:00:00+00:00,404.82260978420754
25544,ISS (ZARYA),2018-05-22 00:00:00+00:00,404.7836884063754
25544,ISS (ZARYA),2018-05-23 00:00:00+00:00,404.808103318278
25544,ISS (ZARYA),2018-05-24 00:00:00+00:00,404.7469449736632
25544,ISS (ZARYA),2018-05-25 00:00:00+00:00,404.7860869863198
25544,ISS (ZARYA),2018-05-26 00:00:00+00:00,404.77824099050986
25544,ISS (ZARYA),2018-05-27 00:00:00+00:00,404.76996729392613
25544,ISS (ZARYA),2018-05-28 00:00:00+00:00,404.7565115007683
25544,ISS (ZARYA),2018-05-29 00:00:00+00:00,404.7439606806038
25544,ISS (ZARYA),2018-05-30 00:00:00+00:00,404.7393066871614
25544,ISS (ZARYA),2018-05-31 00:00:00+00:00,404.7256968394977
25544,ISS (ZARYA),2018-06-01 00:00:00+00:00,404.7099164918559
25544,ISS (ZARYA),2018-06-02 00:00:00+00:00,404.7022801921448
25544,ISS (ZARYA),2018-06-03 00:00:00+00:00,404.6812001486205
25544,ISS (ZARYA),2018-06-04 00:00:00+00:00,404.66441624365507
25544,ISS (ZARYA),2018-06-05 00:00:00+00:00,404.6563974821229
25544,ISS (ZARYA),2018-06-06 00:00:00+00:00,404.64850094483427
25544,ISS (ZARYA),2018-06-07 00:00:00+00:00,404.6429757103565
25544,ISS (ZARYA),2018-06-08 00:00:00+00:00,404.6116299190935
25544,ISS (ZARYA),2018-06-09 00:00:00+00:00,404.60986381833663
25544,ISS (ZARYA),2018-06-10 00:00:00+00:00,404.5862736057843
25544,ISS (ZARYA),2018-06-11 00:00:00+00:00,404.5892092784361
25544,ISS (ZARYA),2018-06-12 00:00:00+00:00,404.56299927552664
25544,ISS (ZARYA),2018-06-13 00:00:00+00:00,404.56305748350997
25544,ISS (ZARYA),2018-06-14 00:00:00+00:00,404.54735224060323
25544,ISS (ZARYA),2018-06-15 00:00:00+00:00,404.5342350456435
25544,ISS (ZARYA),2018-06-16 00:00:00+00:00,404.5171494707529
25544,ISS (ZARYA),2018-06-17 00:00:00+00:00,404.5091195065047
25544,ISS (ZARYA),2018-06-18 00:00:00+00:00,404.4960083196861
25544,ISS (ZARYA),2018-06-19 00:00:00+00:00,404.4802685655968
25544,ISS (ZARYA),2018-06-20 00:00:00+00:00,404.46747899637967
25544,ISS (ZARYA),2018-06-21 00:00:00+00:00,404.4525351200059
25544,ISS (ZARYA),2018-06-22 00:00:00+00:00,404.39728100275715
25544,ISS (ZARYA),2018-06-23 00:00:00+00:00,405.23258510564665
25544,ISS (ZARYA),2018-06-24 00:00:00+00:00,405.14980936275924
25544,ISS (ZARYA),2018-06-25 00:00:00+00:00,405.15541997163564
25544,ISS (ZARYA),2018-06-26 00:00:00+00:00,405.1449552854601
25544,ISS (ZARYA),2018-06-27 00:00:00+00:00,405.1247826645654
25544,ISS (ZARYA),2018-06-28 00:00:00+00:00,405.1056490562323
25544,ISS (ZARYA),2018-06-29 00:00:00+00:00,405.0918336619552
25544,ISS (ZARYA),2018-06-30 00:00:00+00:00,405.0823207966105
25544,ISS (ZARYA),2018-07-01 00:00:00+00:00,405.0697320902127
25544,ISS (ZARYA),2018-07-02 00:00:00+00:00,405.0577356243962
25544,ISS (ZARYA),2018-07-03 00:00:00+00:00,405.04624118259335
25544,ISS (ZARYA),2018-07-04 00:00:00+00:00,405.03690744173946
25544,ISS (ZARYA),2018-07-05 00:00:00+00:00,405.027447148439
25544,ISS (ZARYA),2018-07-06 00:00:00+00:00,405.0229163458853
25544,ISS (ZARYA),2018-07-07 00:00:00+00:00,405.01662066783
25544,ISS (ZARYA),2018-07-08 00:00:00+00:00,405.0093254399035
25544,ISS (ZARYA),2018-07-09 00:00:00+00:00,405.000549076899
25544,ISS (ZARYA),2018-07-10 00:00:00+00:00,404.99103071264017
25544,ISS (ZARYA),2018-07-11 00:00:00+00:00,405.1367895990061
25544,ISS (ZARYA),2018-07-12 00:00:00+00:00,405.1370282252583
25544,ISS (ZARYA),2018-07-13 00:00:00+00:00,405.1518580148713
25544,ISS (ZARYA),2018-07-14 00:00:00+00:00,405.14365447721593
25544,ISS (ZARYA),2018-07-15 00:00:00+00:00,405.1331141753881
25544,ISS (ZARYA),2018-07-16 00:00:00+00:00,405.123915452903
25544,ISS (ZARYA),2018-07-17 00:00:00+00:00,405.10878026115824
25544,ISS (ZARYA),2018-07-18 00:00:00+00:00,405.0965348149912
25544,ISS (ZARYA),2018-07-19 00:00:00+00:00,405.082488122438
25544,ISS (ZARYA),2018-07-20 00:00:00+00:00,405.0744288400556
25544,ISS (ZARYA),2018-07-21 00:00:00+00:00,405.0708131559186
25544,ISS (ZARYA),2018-07-22 00:00:00+00:00,405.05950489874976
25544,ISS (ZARYA),2018-07-23 00:00:00+00:00,405.04771363189593
25544,ISS (ZARYA),2018-07-24 00:00:00+00:00,405.0410410554159
25544,ISS (ZARYA),2018-07-25 00:00:00+00:00,405.02381697676446
25544,ISS (ZARYA),2018-07-26 00:00:00+00:00,405.0147001032792
25544,ISS (ZARYA),2018-07-27 00:00:00+00:00,405.6934482197321
25544,ISS (ZARYA),2018-07-28 00:00:00+00:00,405.699813869398
25544,ISS (ZARYA),2018-07-29 00:00:00+00:00,405.70603108897785
25544,ISS (ZARYA),2018-07-30 00:00:00+00:00,405.7037665757007
25544,ISS (ZARYA),2018-07-31 00:00:00+00:00,405.69617261122585
25544,ISS (ZARYA),2018-08-01 00:00:00+00:00,405.68413408160905
25544,ISS (ZARYA),2018-08-02 00:00:00+00:00,405.6756727969705
25544,ISS (ZARYA),2018-08-03 00:00:00+00:00,405.6646094233183
25544,ISS (ZARYA),2018-08-04 00:00:00+00:00,405.65294941576076
25544,ISS (ZARYA),2018-08-05 00:00:00+00:00,405.6357098105573
25544,ISS (ZARYA),2018-08-06 00:00:00+00:00,405.6268149972284
25544,ISS (ZARYA),2018-08-07 00:00:00+00:00,405.6166017151345
25544,ISS (ZARYA),2018-08-08 00:00:00+00:00,405.60049455383796
25544,ISS (ZARYA),2018-08-09 00:00:00+00:00,405.5962247459411
25544,ISS (ZARYA),2018-08-10 00:00:00+00:00,405.58554006864233
25544,ISS (ZARYA),2018-08-11 00:00:00+00:00,405.5710600841494
25544,ISS (ZARYA),2018-08-12 00:00:00+00:00,405.55472617269334
25544,ISS (ZARYA),2018-08-13 00:00:00+00:00,405.5447983918384
25544,ISS (ZARYA),2018-08-14 00:00:00+00:00,405.53457523168163
25544,ISS (ZARYA),2018-08-15 00:00:00+00:00,405.52701521132803
25544,ISS (ZARYA),2018-08-16 00:00:00+00:00,405.5266717729828
25544,ISS (ZARYA),2018-08-17 00:00:00+00:00,405.52660483161435
25544,ISS (ZARYA),2018-08-18 00:00:00+00:00,405.5165694661782
25544,ISS (ZARYA),2018-08-19 00:00:00+00:00,405.49402204469607
25544,ISS (ZARYA),2018-08-20 00:00:00+00:00,405.4791409074155
25544,ISS (ZARYA),2018-08-21 00:00:00+00:00,405.46769997896035
25544,ISS (ZARYA),2018-08-22 00:00:00+00:00,405.4597457826085
25544,ISS (ZARYA),2018-08-23 00:00:00+00:00,405.4561252194526
25544,ISS (ZARYA),2018-08-24 00:00:00+00:00,405.452348954072
25544,ISS (ZARYA),2018-08-25 00:00:00+00:00,405.44942689931895
25544,ISS (ZARYA),2018-08-26 00:00:00+00:00,405.4437152229166
25544,ISS (ZARYA),2018-08-27 00:00:00+00:00,405.41907002284006
25544,ISS (ZARYA),2018-08-28 00:00:00+00:00,405.35212049358324
25544,ISS (ZARYA),2018-08-29 00:00:00+00:00,405.344964057992
25544,ISS (ZARYA),2018-08-30 00:00:00+00:00,405.33106450379364
25544,ISS (ZARYA),2018-08-31 00:00:00+00:00,405.31763939477514
25544,ISS (ZARYA),2018-09-01 00:00:00+00:00,405.3028785451588
25544,ISS (ZARYA),2018-09-02 00:00:00+00:00,405.29363850370373
25544,ISS (ZARYA),2018-09-03 00:00:00+00:00,405.28293755643426
25544,ISS (ZARYA),2018-09-04 00:00:00+00:00,405.2690659670561
25544,ISS (ZARYA),2018-09-05 00:00:00+00:00,405.2564880345317
25544,ISS (ZARYA),2018-09-06 00:00:00+00:00,405.5546694179179
25544,ISS (ZARYA),2018-09-07 00:00:00+00:00,405.5524617852643
25544,ISS (ZARYA),2018-09-08 00:00:00+00:00,405.56909110331844
25544,ISS (ZARYA),2018-09-09 00:00:00+00:00,405.5625234782392
25544,ISS (ZARYA),2018-09-10 00:00:00+00:00,405.5513121293443
25544,ISS (ZARYA),2018-09-11 00:00:00+00:00,405.54486533365434
25544,ISS (ZARYA),2018-09-12 00:00:00+00:00,405.5353014022139
25544,ISS (ZARYA),2018-09-13 00:00:00+00:00,405.51834486165353
25544,ISS (ZARYA),2018-09-14 00:00:00+00:00,405.5029455274271
25544,ISS (ZARYA),2018-09-15 00:00:00+00:00,405.49049748083416
25544,ISS (ZARYA),2018-09-16 00:00:00+00:00,405.4755843479943
25544,ISS (ZARYA),2018-09-17 00:00:00+00:00,405.4657936472704
25544,ISS (ZARYA),2018-09-18 00:00:00+00:00,405.45920444407966
25544,ISS (ZARYA),2018-09-19 00:00:00+00:00,405.4519254886609
25544,ISS (ZARYA),2018-09-20 00:00:00+00:00,405.43549625082323
25544,ISS (ZARYA),2018-09-21 00:00:00+00:00,405.8044344569753
25544,ISS (ZARYA),2018-09-22 00:00:00+00:00,405.8790216292223
25544,ISS (ZARYA),2018-09-23 00:00:00+00:00,405.8622230356068
25544,ISS (ZARYA),2018-09-24 00:00:00+00:00,405.85416725738196
25544,ISS (ZARYA),2018-09-25 00:00:00+00:00,405.8380106528448
25544,ISS (ZARYA),2018-09-26 00:00:00+00:00,405.83730041085073
25544,ISS (ZARYA),2018-09-27 00:00:00+00:00,405.8218788909694
25544,ISS (ZARYA),2018-09-28 00:00:00+00:00,405.80547943158035
25544,ISS (ZARYA),2018-09-29 00:00:00+00:00,405.7881369803317
25544,ISS (ZARYA),2018-09-30 00:00:00+00:00,405.7774282612363
25544,ISS (ZARYA),2018-10-01 00:00:00+00:00,405.7644259129893
25544,ISS (ZARYA),2018-10-02 00:00:00+00:00,405.7539035746913
25544,ISS (ZARYA),2018-10-03 00:00:00+00:00,405.73559218367245
25544,ISS (ZARYA),2018-10-04 00:00:00+00:00,405.7123531077559
25544,ISS (ZARYA),2018-10-05 00:00:00+00:00,405.70503563431976
25544,ISS (ZARYA),2018-10-06 00:00:00+00:00,405.69470563082996
25544,ISS (ZARYA),2018-10-07 00:00:00+00:00,405.6804171672884
25544,ISS (ZARYA),2018-10-08 00:00:00+00:00,405.67753561622885
25544,ISS (ZARYA),2018-10-09 00:00:00+00:00,405.66851550799674
25544,ISS (ZARYA),2018-10-10 00:00:00+00:00,405.6477830527838
25544,ISS (ZARYA),2018-10-11 00:00:00+00:00,405.6186653247478
25544,ISS (ZARYA),2018-10-12 00:00:00+00:00,405.6072383609089
25544,ISS (ZARYA),2018-10-13 00:00:00+00:00,405.5946195713195
25544,ISS (ZARYA),2018-10-14 00:00:00+00:00,405.5757140446076
25544,ISS (ZARYA),2018-10-15 00:00:00+00:00,405.57102806818875
25544,ISS (ZARYA),2018-10-16 00:00:00+00:00,405.5644298778434
25544,ISS (ZARYA),2018-10-17 00:00:00+00:00,405.54809891639616
25544,ISS (ZARYA),2018-10-18 00:00:00+00:00,405.5360726857589
25544,ISS (ZARYA),2018-10-19 00:00:00+00:00,405.52993152852196
25544,ISS (ZARYA),2018-10-20 00:00:00+00:00,405.5153004956983
25544,ISS (ZARYA),2018-10-21 00:00:00+00:00,405.5084259457508
25544,ISS (ZARYA),2018-10-22 00:00:00+00:00,405.50441531458
25544,ISS (ZARYA),2018-10-23 00:00:00+00:00,405.48921251571164
25544,ISS (ZARYA),2018-10-24 00:00:00+00:00,405.47171346636105
25544,ISS (ZARYA),2018-10-25 00:00:00+00:00,405.46309277052933
25544,ISS (ZARYA),2018-10-26 00:00:00+00:00,405.45548492763237
25544,ISS (ZARYA),2018-10-27 00:00:00+00:00,405.4401849038586
25544,ISS (ZARYA),2018-10-28 00:00:00+00:00,405.4329700279218
25544,ISS (ZARYA),2018-10-29 00:00:00+00:00,405.4211858690942
25544,ISS (ZARYA),2018-10-30 00:00:00+00:00,405.41309211125554
25544,ISS (ZARYA),2018-10-31 00:00:00+00:00,405.40816922076465
25544,ISS (ZARYA),2018-11-01 00:00:00+00:00,405.39698033837476
25544,ISS (ZARYA),2018-11-02 00:00:00+00:00,405.3839769015285
25544,ISS (ZARYA),2018-11-03 00:00:00+00:00,405.36981521812777
25544,ISS (ZARYA),2018-11-04 00:00:00+00:00,405.3579047350122
25544,ISS (ZARYA),2018-11-05 00:00:00+00:00,405.3455242912828
25544,ISS (ZARYA),2018-11-06 00:00:00+00:00,405.3167022879761
25544,ISS (ZARYA),2018-11-07 00:00:00+00:00,405.2886823621502
25544,ISS (ZARYA),2018-11-08 00:00:00+00:00,405.2572403221011
25544,ISS (ZARYA),2018-11-09 00:00:00+00:00,405.23352516288924
25544,ISS (ZARYA),2018-11-10 00:00:00+00:00,405.2217986185515
25544,ISS (ZARYA),2018-11-11 00:00:00+00:00,405.20645480500025
25544,ISS (ZARYA),2018-11-12 00:00:00+00:00,405.183531643861
25544,ISS (ZARYA),2018-11-13 00:00:00+00:00,405.1673659408243
25544,ISS (ZARYA),2018-11-14 00:00:00+00:00,405.1572009495153
25544,ISS (ZARYA),2018-11-15 00:00:00+00:00,405.14668678615135
25544,ISS (ZARYA),2018-11-16 00:00:00+00:00,405.1362657853606
25544,ISS (ZARYA),2018-11-17 00:00:00+00:00,405.12719509508406
25544,ISS (ZARYA),2018-11-18 00:00:00+00:00,405.1189392509541
25544,ISS (ZARYA),2018-11-19 00:00:00+00:00,405.10340541141795
25544,ISS (ZARYA),2018-11-20 00:00:00+00:00,405.08774361977703
25544,ISS (ZARYA),2018-11-21 00:00:00+00:00,405.071259842221
25544,ISS (ZARYA),2018-11-22 00:00:00+00:00,405.0535772490621
25544,ISS (ZARYA),2018-11-23 00:00:00+00:00,405.02961506856855
25544,ISS (ZARYA),2018-11-24 00:00:00+00:00,405.0202464644126
25544,ISS (ZARYA),2018-11-25 00:00:00+00:00,405.0109360921342
25544,ISS (ZARYA),2018-11-26 00:00:00+00:00,404.995558551675
25544,ISS (ZARYA),2018-11-27 00:00:00+00:00,404.98546986197744
25544,ISS (ZARYA),2018-11-28 00:00:00+00:00,404.9698814981857
25544,ISS (ZARYA),2018-11-29 00:00:00+00:00,404.96140789110177
25544,ISS (ZARYA),2018-11-30 00:00:00+00:00,404.9472091298844
25544,ISS (ZARYA),2018-12-01 00:00:00+00:00,404.93925791406673
25544,ISS (ZARYA),2018-12-02 00:00:00+00:00,404.92637888549143
25544,ISS (ZARYA),2018-12-03 00:00:00+00:00,404.91073266483545
25544,ISS (ZARYA),2018-12-04 00:00:00+00:00,404.9053523877492
25544,ISS (ZARYA),2018-12-05 00:00:00+00:00,404.91575795220524
25544,ISS (ZARYA),2018-12-06 00:00:00+00:00,404.9126502458894
25544,ISS (ZARYA),2018-12-07 00:00:00+00:00,404.8867906591886
25544,ISS (ZARYA),2018-12-08 00:00:00+00:00,404.85978050191943
25544,ISS (ZARYA),2018-12-09 00:00:00+00:00,404.8437025669018
25544,ISS (ZARYA),2018-12-10 00:00:00+00:00,404.83211300849143
25544,ISS (ZARYA),2018-12-11 00:00:00+00:00,404.8255020660563
25544,ISS (ZARYA),2018-12-12 00:00:00+00:00,404.8693056794109
25544,ISS (ZARYA),2018-12-13 00:00:00+00:00,404.8591825415924
25544,ISS (ZARYA),2018-12-14 00:00:00+00:00,404.86254624746834
25544,ISS (ZARYA),2018-12-15 00:00:00+00:00,404.85429993788694
25544,ISS (ZARYA),2018-12-16 00:00:00+00:00,404.8402544993469
25544,ISS (ZARYA),2018-12-17 00:00:00+00:00,404.8459285335093
25544,ISS (ZARYA),2018-12-18 00:00:00+00:00,404.8414154930633
25544,ISS (ZARYA),2018-12-19 00:00:00+00:00,404.83572110006753
25544,ISS (ZARYA),2018-12-20 00:00:00+00:00,404.8256097265221
25544,ISS (ZARYA),2018-12-21 00:00:00+00:00,404.81794547598383
25544,ISS (ZARYA),2018-12-22 00:00:00+00:00,404.81171283259846
25544,ISS (ZARYA),2018-12-23 00:00:00+00:00,404.8055093007515
25544,ISS (ZARYA),2018-12-24 00:00:00+00:00,404.8016422845585
25544,ISS (ZARYA),2018-12-25 00:00:00+00:00,404.79237194312645
25544,ISS (ZARYA),2018-12-26 00:00:00+00:00,404.7876742258354
25544,ISS (ZARYA),2018-12-27 00:00:00+00:00,405.87072855935276
25544,ISS (ZARYA),2018-12-28 00:00:00+00:00,405.918665079977
25544,ISS (ZARYA),2018-12-29 00:00:00+00:00,405.9057173620622
25544,ISS (ZARYA),2018-12-30 00:00:00+00:00,405.8853120237882
25544,ISS (ZARYA),2018-12-31 00:00:00+00:00,405.8721723479448
25544,ISS (ZARYA),2019-01-01 00:00:00+00:00,405.8591549914895
25544,ISS (ZARYA),2019-01-02 00:00:00+00:00,405.8541672530223
25544,ISS (ZARYA),2019-01-03 00:00:00+00:00,405.8485507823234
25544,ISS (ZARYA),2019-01-04 00:00:00+00:00,405.8444901642133
25544,ISS (ZARYA),2019-01-05 00:00:00+00:00,405.83619138581344
25544,ISS (ZARYA),2019-01-06 00:00:00+00:00,405.8241667891125
25544,ISS (ZARYA),2019-01-07 00:00:00+00:00,405.80150329080334
25544,ISS (ZARYA),2019-01-08 00:00:00+00:00,405.79332107507435
25544,ISS (ZARYA),2019-01-09 00:00:00+00:00,405.7790524676111
25544,ISS (ZARYA),2019-01-10 00:00:00+00:00,405.7760514705733
25544,ISS (ZARYA),2019-01-11 00:00:00+00:00,405.77025615008824
25544,ISS (ZARYA),2019-01-12 00:00:00+00:00,405.76756079178995
25544,ISS (ZARYA),2019-01-13 00:00:00+00:00,405.76624513190745
25544,ISS (ZARYA),2019-01-14 00:00:00+00:00,405.75994627352156
25544,ISS (ZARYA),2019-01-15 00:00:00+00:00,405.7534349459138
25544,ISS (ZARYA),2019-01-16 00:00:00+00:00,405.74741554743014
25544,ISS (ZARYA),2019-01-17 00:00:00+00:00,405.7402668013938
25544,ISS (ZARYA),2019-01-18 00:00:00+00:00,405.7361466756338
25544,ISS (ZARYA),2019-01-19 00:00:00+00:00,407.4599473679591
25544,ISS (ZARYA),2019-01-20 00:00:00+00:00,407.489342623634
25544,ISS (ZARYA),2019-01-21 00:00:00+00:00,407.49152124334296
25544,ISS (ZARYA),2019-01-22 00:00:00+00:00,407.49033144555324
25544,ISS (ZARYA),2019-01-23 00:00:00+00:00,407.4874377780261
25544,ISS (ZARYA),2019-01-24 00:00:00+00:00,407.4820378269542
25544,ISS (ZARYA),2019-01-25 00:00:00+00:00,407.4719224135397
25544,ISS (ZARYA),2019-01-26 00:00:00+00:00,407.4230643033752
25544,ISS (ZARYA),2019-01-27 00:00:00+00:00,407.39222371124833
25544,ISS (ZARYA),2019-01-28 00:00:00+00:00,407.36519006083836
25544,ISS (ZARYA),2019-01-29 00:00:00+00:00,407.3788786887817
25994,TERRA,2017-12-02 00:00:00+00:00,702.4948352373813
25994,TERRA,2017-12-03 00:00:00+00:00,702.4937451256928
25994,TERRA,2017-12-04 00:00:00+00:00,702.493186301881
25994,TERRA,2017-12-05 00:00:00+00:00,702.4968437652224
25994,TERRA,2017-12-06 00:00:00+00:00,702.4930518602268
25994,TERRA,2017-12-07 00:00:00+00:00,702.484546413878
25994,TERRA,2017-12-08 00:00:00+00:00,702.4829428380144
25994,TERRA,2017-12-09 00:00:00+00:00,702.4865678926244
25994,TERRA,2017-12-10 00:00:00+00:00,702.4885083839954
25994,TERRA,2017-12-11 00:00:00+00:00,702.4883755623396
25994,TERRA,2017-12-12 00:00:00+00:00,702.4891044617443
25994,TERRA,2017-12-13 00:00:00+00:00,702.4855603926198
25994,TERRA,2017-12-14 00:00:00+00:00,702.4823078870158
25994,TERRA,2017-12-15 00:00:00+00:00,702.5068702279223
25994,TERRA,2017-12-16 00:00:00+00:00,702.539871956963
25994,TERRA,2017-12-17 00:00:00+00:00,702.5584933044929
25994,TERRA,2017-12-18 00:00:00+00:00,702.5416116288179
25994,TERRA,2017-12-19 00:00:00+00:00,702.529777345836
25994,TERRA,2017-12-20 00:00:00+00:00,702.5305451311051
25994,TERRA,2017-12-21 00:00:00+00:00,702.5300932068453
25994,TERRA,2017-12-22 00:00:00+00:00,702.5279113369361
25994,TERRA,2017-12-23 00:00:00+00:00,702.5258930682776
25994,TERRA,2017-12-24 00:00:00+00:00,702.5262721009658
25994,TERRA,2017-12-25 00:00:00+00:00,702.5259951155554
25994,TERRA,2017-12-26 00:00:00+00:00,702.5256889737739
25994,TERRA,2017-12-27 00:00:00+00:00,702.5258055992035
25994,TERRA,2017-12-28 00:00:00+00:00,702.5261133607746
25994,TERRA,2017-12-29 00:00:00+00:00,702.5233078723222
25994,TERRA,2017-12-30 00:00:00+00:00,702.5228834857426
25994,TERRA,2017-12-31 00:00:00+00:00,702.5220217544102
25994,TERRA,2018-01-01 00:00:00+00:00,702.5202756154104
25994,TERRA,2018-01-02 00:00:00+00:00,702.5185780712909
25994,TERRA,2018-01-03 00:00:00+00:00,702.5228365116636
25994,TERRA,2018-01-04 00:00:00+00:00,702.5201525110306
25994,TERRA,2018-01-05 00:00:00+00:00,702.5184938420298
25994,TERRA,2018-01-06 00:00:00+00:00,702.517372945169
25994,TERRA,2018-01-07 00:00:00+00:00,702.5188696341411
25994,TERRA,2018-01-08 00:00:00+00:00,702.517881560163
25994,TERRA,2018-01-09 00:00:00+00:00,702.5160155591002
25994,TERRA,2018-01-10 00:00:00+00:00,702.511998477652
25994,TERRA,2018-01-11 00:00:00+00:00,702.5106167973267
25994,TERRA,2018-01-12 00:00:00+00:00,702.5145026737255
25994,TERRA,2018-01-13 00:00:00+00:00,702.5170927211248
25994,TERRA,2018-01-14 00:00:00+00:00,702.5158989340744
25994,TERRA,2018-01-15 00:00:00+00:00,702.5100741680735
25994,TERRA,2018-01-16 00:00:00+00:00,702.5094975233706
25994,TERRA,2018-01-17 00:00:00+00:00,702.5102976989174
25994,TERRA,2018-01-18 00:00:00+00:00,702.5095785130457
25994,TERRA,2018-01-24 00:00:00+00:00,702.50647176039
25994,TERRA,2018-01-25 00:00:00+00:00,702.50583518433
25994,TERRA,2018-01-26 00:00:00+00:00,702.5042753306161
25994,TERRA,2018-01-27 00:00:00+00:00,702.5139778614275
25994,TERRA,2018-01-28 00:00:00+00:00,702.5275695597288
25994,TERRA,2018-01-29 00:00:00+00:00,702.5287471532702
25994,TERRA,2018-01-30 00:00:00+00:00,702.5280765564248
25994,TERRA,2018-01-31 00:00:00+00:00,702.5231912469953
25994,TERRA,2018-02-01 00:00:00+00:00,702.519741083277
25994,TERRA,2018-02-02 00:00:00+00:00,702.5187562485844
25994,TERRA,2018-02-03 00:00:00+00:00,702.5216637796902
25994,TERRA,2018-02-04 00:00:00+00:00,702.519047811451
25994,TERRA,2018-02-05 00:00:00+00:00,702.5190283740067
25994,TERRA,2018-02-06 00:00:00+00:00,702.5189716811446
25994,TERRA,2018-02-07 00:00:00+00:00,702.5196406560408
25994,TERRA,2018-02-08 00:00:00+00:00,702.5178345861664
25994,TERRA,2018-02-09 00:00:00+00:00,702.515328767352
25994,TERRA,2018-02-10 00:00:00+00:00,702.5120827067294
25994,TERRA,2018-02-11 00:00:00+00:00,702.5111399892103
25994,TERRA,2018-02-12 00:00:00+00:00,702.5164496638749
25994,TERRA,2018-02-13 00:00:00+00:00,702.5163200800425
25994,TERRA,2018-02-14 00:00:00+00:00,702.5142354082072
25994,TERRA,2018-02-15 00:00:00+00:00,702.5140296947375
25994,TERRA,2018-02-16 00:00:00+00:00,702.511149707947
25994,TERRA,2018-02-17 00:00:00+00:00,702.5116939571944
25994,TERRA,2018-02-18 00:00:00+00:00,702.5096627417834
25994,TERRA,2018-02-19 00:00:00+00:00,702.5093323049659
25994,TERRA,2018-02-20 00:00:00+00:00,702.5113295045635
25994,TERRA,2018-02-21 00:00:00+00:00,702.5060862512191
25994,TERRA,2018-02-22 00:00:00+00:00,702.5049410624815
25994,TERRA,2018-02-23 00:00:00+00:00,702.5183124280061
25994,TERRA,2018-02-24 00:00:00+00:00,702.537539437717
25994,TERRA,2018-02-25 00:00:00+00:00,702.5484747582418
25994,TERRA,2018-02-26 00:00:00+00:00,702.5448026498034
25994,TERRA,2018-02-27 00:00:00+00:00,702.5333068920913
25994,TERRA,2018-02-28 00:00:00+00:00,702.529612126249
25994,TERRA,2018-03-01 00:00:00+00:00,702.5304576619765
25994,TERRA,2018-03-02 00:00:00+00:00,702.5307994399045
25994,TERRA,2018-03-03 00:00:00+00:00,702.5315299698977
25994,TERRA,2018-03-04 00:00:00+00:00,702.5317275856178
25994,TERRA,2018-03-05 00:00:00+00:00,702.5277623154452
25994,TERRA,2018-03-06 00:00:00+00:00,702.5280797960231
25994,TERRA,2018-03-07 00:00:00+00:00,702.528912372808
25994,TERRA,2018-03-08 00:00:00+00:00,702.5300462327255
25994,TERRA,2018-03-09 00:00:00+00:00,702.528445870611
25994,TERRA,2018-03-10 00:00:00+00:00,702.5246652618907
25994,TERRA,2018-03-11 00:00:00+00:00,702.5254071290092
25994,TERRA,2018-03-12 00:00:00+00:00,702.5256662966076
25994,TERRA,2018-03-13 00:00:00+00:00,702.5245291989386
25994,TERRA,2018-03-14 00:00:00+00:00,702.5227765792088
25994,TERRA,2018-03-15 00:00:00+00:00,702.525044294408
25994,TERRA,2018-03-16 00:00:00+00:00,702.5253488163016
25994,TERRA,2018-03-17 00:00:00+00:00,702.5606832970434
25994,TERRA,2018-03-18 00:00:00+00:00,702.6013377709742
25994,TERRA,2018-03-19 00:00:00+00:00,702.6183396715878
25994,TERRA,2018-03-20 00:00:00+00:00,702.6014479201531
25994,TERRA,2018-03-21 00:00:00+00:00,702.5878526284341
25994,TERRA,2018-03-22 00:00:00+00:00,702.5868434721169
25994,TERRA,2018-03-23 00:00:00+00:00,702.5857063498852
25994,TERRA,2018-03-24 00:00:00+00:00,702.5884892224776
25994,TERRA,2018-03-25 00:00:00+00:00,702.5859169280411
25994,TERRA,2018-03-26 00:00:00+00:00,702.5829753145981
25994,TERRA,2018-03-27 00:00:00+00:00,702.5815838806689
25994,TERRA,2018-03-28 00:00:00+00:00,702.5867657201543
25994,TERRA,2018-03-29 00:00:00+00:00,702.5833268180359
25994,TERRA,2018-03-30 00:00:00+00:00,702.5797162178078
25994,TERRA,2018-03-31 00:00:00+00:00,702.5823889360718
25994,TERRA,2018-04-01 00:00:00+00:00,702.5850875741626
25994,TERRA,2018-04-02 00:00:00+00:00,702.5801665301633
25994,TERRA,2018-04-03 00:00:00+00:00,702.5773269718479
25994,TERRA,2018-04-04 00:00:00+00:00,702.5773123933541
25994,TERRA,2018-04-05 00:00:00+00:00,702.577689813098
25994,TERRA,2018-04-06 00:00:00+00:00,702.5798992584332
25994,TERRA,2018-04-07 00:00:00+00:00,702.5785629012389
25994,TERRA,2018-04-08 00:00:00+00:00,702.5728497731839
25994,TERRA,2018-04-09 00:00:00+00:00,702.5734248109547
25994,TERRA,2018-04-10 00:00:00+00:00,702.5757282028826
25994,TERRA,2018-04-11 00:00:00+00:00,702.577338310588
25994,TERRA,2018-04-12 00:00:00+00:00,702.5734928435995
25994,TERRA,2018-04-13 00:00:00+00:00,702.5741148564412
25994,TERRA,2018-04-14 00:00:00+00:00,702.5720933152088
25994,TERRA,2018-04-15 00:00:00+00:00,702.5726829312525
25994,TERRA,2018-04-16 00:00:00+00:00,702.5713708737403
25994,TERRA,2018-04-17 00:00:00+00:00,702.5723233302442
25994,TERRA,2018-04-18 00:00:00+00:00,702.5705058880098
25994,TERRA,2018-04-19 00:00:00+00:00,702.5704475743746
25994,TERRA,2018-04-20 00:00:00+00:00,702.5680405181438
25994,TERRA,2018-04-21 00:00:00+00:00,702.5672079298556
25994,TERRA,2018-04-22 00:00:00+00:00,702.565066526864
25994,TERRA,2018-04-23 00:00:00+00:00,702.5641853449129
25994,TERRA,2018-04-24 00:00:00+00:00,702.5640298421849
25994,TERRA,2018-04-25 00:00:00+00:00,702.5664563328573
25994,TERRA,2018-04-26 00:00:00+00:00,702.5652933016918
25994,TERRA,2018-04-27 00:00:00+00:00,702.5635536152868
25994,TERRA,2018-04-28 00:00:00+00:00,702.5616649066797
25994,TERRA,2018-04-29 00:00:00+00:00,702.561195159451
25994,TERRA,2018-04-30 00:00:00+00:00,702.5607869653713
25994,TERRA,2018-05-01 00:00:00+00:00,702.5662327975815
25994,TERRA,2018-05-02 00:00:00+00:00,702.5595947798238
25994,TERRA,2018-05-03 00:00:00+00:00,702.5582551915068
25994,TERRA,2018-05-04 00:00:00+00:00,702.55828920764
25994,TERRA,2018-05-05 00:00:00+00:00,702.5608971129741
25994,TERRA,2018-05-06 00:00:00+00:00,702.557709313488
25994,TERRA,2018-05-07 00:00:00+00:00,702.5561575302809
25994,TERRA,2018-05-08 00:00:00+00:00,702.5559177976693
25994,TERRA,2018-05-09 00:00:00+00:00,702.5567584817209
25994,TERRA,2018-05-10 00:00:00+00:00,702.5539545827205
25994,TERRA,2018-05-11 00:00:00+00:00,702.5534492008746
25994,TERRA,2018-05-12 00:00:00+00:00,702.5534103253513
25994,TERRA,2018-05-13 00:00:00+00:00,702.5532580628924
25994,TERRA,2018-05-14 00:00:00+00:00,702.5520010882151
25994,TERRA,2018-05-15 00:00:00+00:00,702.5523023731748
25994,TERRA,2018-05-16 00:00:00+00:00,702.5522942741113
25994,TERRA,2018-05-17 00:00:00+00:00,702.5488327362646
25994,TERRA,2018-05-18 00:00:00+00:00,702.5453987393994
25994,TERRA,2018-05-19 00:00:00+00:00,702.5450877361154
25994,TERRA,2018-05-20 00:00:00+00:00,702.546098496915
25994,TERRA,2018-05-21 00:00:00+00:00,702.5451217521036
25994,TERRA,2018-05-22 00:00:00+00:00,702.5457518577532
25994,TERRA,2018-05-23 00:00:00+00:00,702.5464499955597
25994,TERRA,2018-05-24 00:00:00+00:00,702.543490605206
25994,TERRA,2018-05-25 00:00:00+00:00,702.5420927114606
25994,TERRA,2018-05-26 00:00:00+00:00,702.5446633462734
25994,TERRA,2018-05-27 00:00:00+00:00,702.543348062125
25994,TERRA,2018-05-28 00:00:00+00:00,702.542978745998
25994,TERRA,2018-05-29 00:00:00+00:00,702.5404178315684
25994,TERRA,2018-05-30 00:00:00+00:00,702.5400938704288
25994,TERRA,2018-05-31 00:00:00+00:00,702.5399885829756
25994,TERRA,2018-06-01 00:00:00+00:00,702.5390798721091
25994,TERRA,2018-06-02 00:00:00+00:00,702.5390426165668
25994,TERRA,2018-06-03 00:00:00+00:00,702.538428710664
25994,TERRA,2018-06-04 00:00:00+00:00,702.5344844883721
25994,TERRA,2018-06-05 00:00:00+00:00,702.5332874544515
25994,TERRA,2018-06-06 00:00:00+00:00,702.5333052722708
25994,TERRA,2018-06-07 00:00:00+00:00,702.5367716505571
25994,TERRA,2018-06-08 00:00:00+00:00,702.5377678302052
25994,TERRA,2018-06-09 00:00:00+00:00,702.5347258395086
25994,TERRA,2018-06-10 00:00:00+00:00,702.5312384057461
25994,TERRA,2018-06-11 00:00:00+00:00,702.5302535670544
25994,TERRA,2018-06-12 00:00:00+00:00,702.5321973279588
25994,TERRA,2018-06-13 00:00:00+00:00,702.5315963817375
25994,TERRA,2018-06-14 00:00:00+00:00,702.5321471141206
25994,TERRA,2018-06-15 00:00:00+00:00,702.5318425914952
25994,TERRA,2018-06-16 00:00:00+00:00,702.52958944905
25994,TERRA,2018-06-17 00:00:00+00:00,702.5294857818635
25994,TERRA,2018-06-18 00:00:00+00:00,702.5281996611484
25994,TERRA,2018-06-19 00:00:00+00:00,702.5256209422769
25994,TERRA,2018-06-20 00:00:00+00:00,702.5259270840329
25994,TERRA,2018-06-21 00:00:00+00:00,702.5269378379899
25994,TERRA,2018-06-22 00:00:00+00:00,702.5274691318823
25994,TERRA,2018-06-23 00:00:00+00:00,702.5271629899671
25994,TERRA,2018-06-24 00:00:00+00:00,702.5242311563206
25994,TERRA,2018-06-25 00:00:00+00:00,702.5233256901074
25994,TERRA,2018-06-26 00:00:00+00:00,702.5221869735551
25994,TERRA,2018-06-27 00:00:00+00:00,702.5225967818687
25994,TERRA,2018-06-28 00:00:00+00:00,702.52283813146
25994,TERRA,2018-06-29 00:00:00+00:00,702.5219861189089
25994,TERRA,2018-06-30 00:00:00+00:00,702.5196244580993
25994,TERRA,2018-07-01 00:00:00+00:00,702.51916443665
25994,TERRA,2018-07-02 00:00:00+00:00,702.5196050205836
25994,TERRA,2018-07-03 00:00:00+00:00,702.52034364678
25994,TERRA,2018-07-04 00:00:00+00:00,702.5173065336639
25994,TERRA,2018-07-05 00:00:00+00:00,702.5176839454089
25994,TERRA,2018-07-06 00:00:00+00:00,702.516584106173
25994,TERRA,2018-07-07 00:00:00+00:00,702.5153320069358
25994,TERRA,2018-07-08 00:00:00+00:00,702.5158147048951
25994,TERRA,2018-07-09 00:00:00+00:00,702.5167930593943
25994,TERRA,2018-07-10 00:00:00+00:00,702.5156851215415
25994,TERRA,2018-07-11 00:00:00+00:00,702.5128310497103
25994,TERRA,2018-07-12 00:00:00+00:00,702.5125200500038
25994,TERRA,2018-07-13 00:00:00+00:00,702.5127047060741
25994,TERRA,2018-07-14 00:00:00+00:00,702.5135502366657
25994,TERRA,2018-07-15 00:00:00+00:00,702.5131874035842
25994,TERRA,2018-07-16 00:00:00+00:00,702.5115838115044
25994,TERRA,2018-07-17 00:00:00+00:00,702.5083474738922
25994,TERRA,2018-07-18 00:00:00+00:00,702.5075958925117
25994,TERRA,2018-07-19 00:00:00+00:00,702.5104240425221
25994,TERRA,2018-07-20 00:00:00+00:00,702.5097502103608
25994,TERRA,2018-07-21 00:00:00+00:00,702.5084349424269
25994,TERRA,2018-07-22 00:00:00+00:00,702.5063486566123
25994,TERRA,2018-07-23 00:00:00+00:00,702.5057331377993
25994,TERRA,2018-07-24 00:00:00+00:00,702.5074079971987
25994,TERRA,2018-07-25 00:00:00+00:00,702.5111367496329
25994,TERRA,2018-07-26 00:00:00+00:00,702.5059858244531
25994,TERRA,2018-07-27 00:00:00+00:00,702.5043466011721
25994,TERRA,2018-07-28 00:00:00+00:00,702.5053119934701
25994,TERRA,2018-07-29 00:00:00+00:00,702.5032354286186
25994,TERRA,2018-07-30 00:00:00+00:00,702.5037343223648
25994,TERRA,2018-07-31 00:00:00+00:00,702.5030410547356
25994,TERRA,2018-08-01 00:00:00+00:00,702.5027575922709
25994,TERRA,2018-08-02 00:00:00+00:00,702.5001643184105
25994,TERRA,2018-08-03 00:00:00+00:00,702.5023801824018
25994,TERRA,2018-08-04 00:00:00+00:00,702.499535842674
25994,TERRA,2018-08-05 00:00:00+00:00,702.4983469224735
25994,TERRA,2018-08-06 00:00:00+00:00,702.4980229661014
25994,TERRA,2018-08-07 00:00:00+00:00,702.4984505885213
25994,TERRA,2018-08-08 00:00:00+00:00,702.5007182843001
25994,TERRA,2018-08-09 00:00:00+00:00,702.4993058335513
25994,TERRA,2018-08-10 00:00:00+00:00,702.4993949215964
25994,TERRA,2018-08-11 00:00:00+00:00,702.5002550262543
25994,TERRA,2018-08-12 00:00:00+00:00,702.5059793457422
25994,TERRA,2018-08-13 00:00:00+00:00,702.5118170612059
25994,TERRA,2018-08-14 00:00:00+00:00,702.5111302704754
25994,TERRA,2018-08-15 00:00:00+00:00,702.5076768818753
25994,TERRA,2018-08-16 00:00:00+00:00,702.5050755046877
25994,TERRA,2018-08-17 00:00:00+00:00,702.5047709849741
25994,TERRA,2018-08-18 00:00:00+00:00,702.5042364557735
25994,TERRA,2018-08-19 00:00:00+00:00,702.5033844488189
25994,TERRA,2018-08-20 00:00:00+00:00,702.5035043128992
25994,TERRA,2018-08-21 00:00:00+00:00,702.5061218865076
25994,TERRA,2018-08-22 00:00:00+00:00,702.5033423344148
25994,TERRA,2018-08-23 00:00:00+00:00,702.5002777032169
25994,TERRA,2018-08-24 00:00:00+00:00,702.5000055796768
25994,TERRA,2018-08-25 00:00:00+00:00,702.5035739637706
25994,TERRA,2018-08-26 00:00:00+00:00,702.5030540127327
25994,TERRA,2018-08-27 00:00:00+00:00,702.4984684061228
25994,TERRA,2018-08-28 00:00:00+00:00,702.49737505347
25994,TERRA,2018-08-29 00:00:00+00:00,702.4950101736213
25994,TERRA,2018-08-30 00:00:00+00:00,702.495625690105
25994,TERRA,2018-08-31 00:00:00+00:00,702.4962314880368
25994,TERRA,2018-09-01 00:00:00+00:00,702.4964420595898
25994,TERRA,2018-09-02 00:00:00+00:00,702.4969798268376
25994,TERRA,2018-09-03 00:00:00+00:00,702.4952758175605
25994,TERRA,2018-09-04 00:00:00+00:00,702.4960306352314
25994,TERRA,2018-09-05 00:00:00+00:00,702.4962606440895
25994,TERRA,2018-09-06 00:00:00+00:00,702.4904132415923
25994,TERRA,2018-09-07 00:00:00+00:00,702.4910287570929
25994,TERRA,2018-09-08 00:00:00+00:00,702.4922905642361
25994,TERRA,2018-09-09 00:00:00+00:00,702.4929643922574
25994,TERRA,2018-09-10 00:00:00+00:00,702.4922792257876
25994,TERRA,2018-09-11 00:00:00+00:00,702.5003910880391
25994,TERRA,2018-09-12 00:00:00+00:00,702.4943816993705
25994,TERRA,2018-09-13 00:00:00+00:00,702.485408133808
25994,TERRA,2018-09-14 00:00:00+00:00,702.4800175292339
25994,TERRA,2018-09-15 00:00:00+00:00,702.4893198936606
25994,TERRA,2018-09-16 00:00:00+00:00,702.4893733446834
25994,TERRA,2018-09-17 00:00:00+00:00,702.4883982392075
25994,TERRA,2018-09-18 00:00:00+00:00,702.4868108589153
25994,TERRA,2018-09-19 00:00:00+00:00,702.4853255253065
25994,TERRA,2018-09-20 00:00:00+00:00,702.4860301273038
25994,TERRA,2018-09-21 00:00:00+00:00,702.4861856256994
25994,TERRA,2018-09-22 00:00:00+00:00,702.4882395012687
25994,TERRA,2018-09-23 00:00:00+00:00,702.4858746289701
25994,TERRA,2018-09-24 00:00:00+00:00,702.4847699427246
25994,TERRA,2018-09-25 00:00:00+00:00,702.4811384113109
25994,TERRA,2018-09-26 00:00:00+00:00,702.4833574999693
25994,TERRA,2018-09-27 00:00:00+00:00,702.4837527247018
25994,TERRA,2018-09-28 00:00:00+00:00,702.4800434455756
25994,TERRA,2018-09-29 00:00:00+00:00,702.4800402060346
25994,TERRA,2018-09-30 00:00:00+00:00,702.4799964722342
25994,TERRA,2018-10-01 00:00:00+00:00,702.4777660477903
25994,TERRA,2018-10-02 00:00:00+00:00,702.4784236745563
25994,TERRA,2018-10-03 00:00:00+00:00,702.479567232866
25994,TERRA,2018-10-04 00:00:00+00:00,702.4800952782916
25994,TERRA,2018-10-05 00:00:00+00:00,702.4803641603812
25994,TERRA,2018-10-06 00:00:00+00:00,702.4785986099082
25994,TERRA,2018-10-07 00:00:00+00:00,702.4751355422368
25994,TERRA,2018-10-08 00:00:00+00:00,702.4714943045938
25994,TERRA,2018-10-09 00:00:00+00:00,702.4764815703784
25994,TERRA,2018-10-10 00:00:00+00:00,702.4762661411628
25994,TERRA,2018-10-11 00:00:00+00:00,702.4771181397891
25994,TERRA,2018-10-12 00:00:00+00:00,702.4812096812839
25994,TERRA,2018-10-13 00:00:00+00:00,702.4763860039307
25994,TERRA,2018-10-14 00:00:00+00:00,702.4642960710007
25994,TERRA,2018-10-15 00:00:00+00:00,702.465991964174
25994,TERRA,2018-10-16 00:00:00+00:00,702.4673639027933
25994,TERRA,2018-10-17 00:00:00+00:00,702.4732809079678
25994,TERRA,2018-10-18 00:00:00+00:00,702.4707103376713
25994,TERRA,2018-10-19 00:00:00+00:00,702.4691942374602
25994,TERRA,2018-10-20 00:00:00+00:00,702.4669265664843
25994,TERRA,2018-10-21 00:00:00+00:00,702.4662397866396
25994,TERRA,2018-10-22 00:00:00+00:00,702.4680328655131
25994,TERRA,2018-10-23 00:00:00+00:00,702.4656501928089
25994,TERRA,2018-10-24 00:00:00+00:00,702.4717064940278
25994,TERRA,2018-10-25 00:00:00+00:00,702.4640790228377
25994,TERRA,2018-10-26 00:00:00+00:00,702.4638830315998
25994,TERRA,2018-10-27 00:00:00+00:00,702.4654882164341
25994,TERRA,2018-10-28 00:00:00+00:00,702.4710942234756
25994,TERRA,2018-10-29 00:00:00+00:00,702.4670496685494
25994,TERRA,2018-10-30 00:00:00+00:00,702.4681057549078
25994,TERRA,2018-10-31 00:00:00+00:00,702.4631492793997
25994,TERRA,2018-11-01 00:00:00+00:00,702.4654930761444
25994,TERRA,2018-11-02 00:00:00+00:00,702.4696639690032
25994,TERRA,2018-11-03 00:00:00+00:00,702.4696218550316
25994,TERRA,2018-11-04 00:00:00+00:00,702.4695813614858
25994,TERRA,2018-11-05 00:00:00+00:00,702.467506442049
25994,TERRA,2018-11-06 00:00:00+00:00,702.4686791522922
25994,TERRA,2018-11-07 00:00:00+00:00,702.4666220508716
25994,TERRA,2018-11-08 00:00:00+00:00,702.4655044140663
25994,TERRA,2018-11-09 00:00:00+00:00,702.4684880195782
25994,TERRA,2018-11-11 00:00:00+00:00,702.4702568031871
25994,TERRA,2018-11-12 00:00:00+00:00,702.4649796108479
25994,TERRA,2018-11-13 00:00:00+00:00,702.4616137456087
25994,TERRA,2018-11-14 00:00:00+00:00,702.4657441390245
25994,TERRA,2018-11-15 00:00:00+00:00,702.4639818370979
25994,TERRA,2018-11-16 00:00:00+00:00,702.4632545646868
25994,TERRA,2018-11-17 00:00:00+00:00,702.4614712066495
25994,TERRA,2018-11-18 00:00:00+00:00,702.4593315033694
25994,TERRA,2018-11-19 00:00:00+00:00,702.4576615316664
25994,TERRA,2018-11-20 00:00:00+00:00,702.4581247826882
25994,TERRA,2018-11-21 00:00:00+00:00,702.4569391193863
25994,TERRA,2018-11-22 00:00:00+00:00,702.4562507223013
25994,TERRA,2018-11-23 00:00:00+00:00,702.4551379487639
25994,TERRA,2018-11-24 00:00:00+00:00,702.4559510670247
25994,TERRA,2018-11-25 00:00:00+00:00,702.4560660700331
25994,TERRA,2018-11-26 00:00:00+00:00,702.4526240866453
25994,TERRA,2018-11-27 00:00:00+00:00,702.4545742734067
25994,TERRA,2018-11-28 00:00:00+00:00,702.4455522416447
25994,TERRA,2018-11-29 00:00:00+00:00,702.4450144841121
25994,TERRA,2018-11-30 00:00:00+00:00,702.4499288142742
25994,TERRA,2018-12-01 00:00:00+00:00,702.4583159142494
25994,TERRA,2018-12-02 00:00:00+00:00,702.4468205075959
25994,TERRA,2018-12-03 00:00:00+00:00,702.4450080051065
25994,TERRA,2018-12-04 00:00:00+00:00,702.4476838358692
25994,TERRA,2018-12-05 00:00:00+00:00,702.4504989678298
25994,TERRA,2018-12-06 00:00:00+00:00,702.4971353258334
25994,TERRA,2018-12-07 00:00:00+00:00,702.5483127917464
25994,TERRA,2018-12-08 00:00:00+00:00,702.5731785975813
25994,TERRA,2018-12-09 00:00:00+00:00,702.5493478361541
25994,TERRA,2018-12-10 00:00:00+00:00,702.5239655096657
25994,TERRA,2018-12-11 00:00:00+00:00,702.5243736984385
25994,TERRA,2018-12-12 00:00:00+00:00,702.5244093339688
25994,TERRA,2018-12-13 00:00:00+00:00,702.5329359579105
25994,TERRA,2018-12-14 00:00:00+00:00,702.5235184458379
25994,TERRA,2018-12-15 00:00:00+00:00,702.5201492714423
25994,TERRA,2018-12-16 00:00:00+00:00,702.5218954103657
25994,TERRA,2018-12-17 00:00:00+00:00,702.5247073766068
25994,TERRA,2018-12-18 00:00:00+00:00,702.5220233743948
25994,TERRA,2018-12-19 00:00:00+00:00,702.5229709547266
25994,TERRA,2018-12-20 00:00:00+00:00,702.522695589415
25994,TERRA,2018-12-21 00:00:00+00:00,702.519093165678
25994,TERRA,2018-12-22 00:00:00+00:00,702.5223586718921
25994,TERRA,2018-12-23 00:00:00+00:00,702.5184258107047
25994,TERRA,2018-12-24 00:00:00+00:00,702.5189052696828
25994,TERRA,2018-12-25 00:00:00+00:00,702.5179657894068
25994,TERRA,2018-12-26 00:00:00+00:00,702.5166634760435
25994,TERRA,2018-12-27 00:00:00+00:00,702.5145140122718
25994,TERRA,2018-12-28 00:00:00+00:00,702.5142435071466
25994,TERRA,2018-12-29 00:00:00+00:00,702.5163038824735
25994,TERRA,2018-12-30 00:00:00+00:00,702.5182281959133
25994,TERRA,2018-12-31 00:00:00+00:00,702.5143633717385
25994,TERRA,2019-01-01 00:00:00+00:00,702.5135243200157
25994,TERRA,2019-01-02 00:00:00+00:00,702.5122576440253
25994,TERRA,2019-01-03 00:00:00+00:00,702.5104467194901
25994,TERRA,2019-01-04 00:00:00+00:00,702.5094699870451
25994,TERRA,2019-01-05 00:00:00+00:00,702.5081757764028
25994,TERRA,2019-01-06 00:00:00+00:00,702.5094003360728
25994,TERRA,2019-01-07 00:00:00+00:00,702.5145609862084
25994,TERRA,2019-01-08 00:00:00+00:00,702.5132392368778
25994,TERRA,2019-01-09 00:00:00+00:00,702.5041263103685
25994,TERRA,2019-01-10 00:00:00+00:00,702.5034605788028
25994,TERRA,2019-01-11 00:00:00+00:00,702.5045636524228
25994,TERRA,2019-01-12 00:00:00+00:00,702.5089241183596
25994,TERRA,2019-01-13 00:00:00+00:00,702.506630499523
25994,TERRA,2019-01-14 00:00:00+00:00,702.5062320319907
25994,TERRA,2019-01-15 00:00:00+00:00,702.504158706075
25994,TERRA,2019-01-16 00:00:00+00:00,702.5055225656042
25994,TERRA,2019-01-17 00:00:00+00:00,702.5061737196729
25994,TERRA,2019-01-18 00:00:00+00:00,702.5036209374148
25994,TERRA,2019-01-19 00:00:00+00:00,702.5031544393823
25994,TERRA,2019-01-20 00:00:00+00:00,702.5017419874766
25994,TERRA,2019-01-21 00:00:00+00:00,702.5034265632257
25994,TERRA,2019-01-22 00:00:00+00:00,702.5043692781692
25994,TERRA,2019-01-23 00:00:00+00:00,702.5027786493565
25994,TERRA,2019-01-24 00:00:00+00:00,702.4979533155001
25994,TERRA,2019-01-25 00:00:00+00:00,702.4977038691309
25994,TERRA,2019-01-26 00:00:00+00:00,702.4979549352684
25994,TERRA,2019-01-27 00:00:00+00:00,702.5008770230106
25994,TERRA,2019-01-28 00:00:00+00:00,702.4989640594954
25994,TERRA,2019-01-29 00:00:00+00:00,702.4959302088337
27424,AQUA,2017-12-02 00:00:00+00:00,702.5178524038874
27424,AQUA,2017-12-03 00:00:00+00:00,702.5164561425745
27424,AQUA,2017-12-04 00:00:00+00:00,702.5154016579845
27424,AQUA,2017-12-05 00:00:00+00:00,702.5145285903836
27424,AQUA,2017-12-06 00:00:00+00:00,702.51317120568
27424,AQUA,2017-12-07 00:00:00+00:00,702.5121393993654
27424,AQUA,2017-12-08 00:00:00+00:00,702.5112323172002
27424,AQUA,2017-12-09 00:00:00+00:00,702.5102976989174
27424,AQUA,2017-12-10 00:00:00+00:00,702.5087394625352
27424,AQUA,2017-12-11 00:00:00+00:00,702.5076493454949
27424,AQUA,2017-12-12 00:00:00+00:00,702.5065009165551
27424,AQUA,2017-12-13 00:00:00+00:00,702.5059534287275
27424,AQUA,2017-12-14 00:00:00+00:00,702.5582211753599
27424,AQUA,2017-12-15 00:00:00+00:00,702.5570711060955
27424,AQUA,2017-12-16 00:00:00+00:00,702.5561964058415
27424,AQUA,2017-12-17 00:00:00+00:00,702.5547450519425
27424,AQUA,2017-12-18 00:00:00+00:00,702.5538752118537
27424,AQUA,2017-12-19 00:00:00+00:00,702.5527947963219
27424,AQUA,2017-12-20 00:00:00+00:00,702.5519119983182
27424,AQUA,2017-12-21 00:00:00+00:00,702.5506566438498
27424,AQUA,2017-12-22 00:00:00+00:00,702.5497203927343
27424,AQUA,2017-12-23 00:00:00+00:00,702.5482269270815
27424,AQUA,2017-12-24 00:00:00+00:00,702.5473813861381
27424,AQUA,2017-12-25 00:00:00+00:00,702.5461276534816
27424,AQUA,2017-12-26 00:00:00+00:00,702.5453793016941
27424,AQUA,2017-12-27 00:00:00+00:00,702.5441903622486
27424,AQUA,2017-12-28 00:00:00+00:00,702.5430289600295
27424,AQUA,2017-12-29 00:00:00+00:00,702.5420829926106
27424,AQUA,2017-12-30 00:00:00+00:00,702.5411094887904
27424,AQUA,2017-12-31 00:00:00+00:00,702.5403352214366
27424,AQUA,2018-01-01 00:00:00+00:00,702.5396953981503
27424,AQUA,2018-01-02 00:00:00+00:00,702.5389259905933
27424,AQUA,2018-01-03 00:00:00+00:00,702.5382424328991
27424,AQUA,2018-01-04 00:00:00+00:00,702.5369692666382
27424,AQUA,2018-01-05 00:00:00+00:00,702.5358224456095
27424,AQUA,2018-01-06 00:00:00+00:00,702.5350157836401
27424,AQUA,2018-01-07 00:00:00+00:00,702.5346124527427
27424,AQUA,2018-01-08 00:00:00+00:00,702.5334121792021
27424,AQUA,2018-01-09 00:00:00+00:00,702.5327804564927
27424,AQUA,2018-01-10 00:00:00+00:00,702.5320871814756
27424,AQUA,2018-01-11 00:00:00+00:00,702.5310926236884
27424,AQUA,2018-01-12 00:00:00+00:00,702.5301547592494
27424,AQUA,2018-01-13 00:00:00+00:00,702.5292800673101
27424,AQUA,2018-01-14 00:00:00+00:00,702.5280943742182
27424,AQUA,2018-01-15 00:00:00+00:00,702.5274286369176
27424,AQUA,2018-01-16 00:00:00+00:00,702.5268746658567
27424,AQUA,2018-01-17 00:00:00+00:00,702.526285059354
27424,AQUA,2018-01-18 00:00:00+00:00,702.5437546907187
27424,AQUA,2018-01-19 00:00:00+00:00,702.5609586660494
27424,AQUA,2018-01-20 00:00:00+00:00,702.559936561237
27424,AQUA,2018-01-21 00:00:00+00:00,702.5589533323778
27424,AQUA,2018-01-22 00:00:00+00:00,702.5582357537096
27424,AQUA,2018-01-23 00:00:00+00:00,702.5573383756728
27424,AQUA,2018-01-24 00:00:00+00:00,702.556580302034
27424,AQUA,2018-01-25 00:00:00+00:00,702.5559226571158
27424,AQUA,2018-01-26 00:00:00+00:00,702.5551905008883
27424,AQUA,2018-01-27 00:00:00+00:00,702.5542056538688
27424,AQUA,2018-01-28 00:00:00+00:00,702.5534475810655
27424,AQUA,2018-01-29 00:00:00+00:00,702.5526376744542
27424,AQUA,2018-01-30 00:00:00+00:00,702.5516722660764
27424,AQUA,2018-01-31 00:00:00+00:00,702.5511069515755
27424,AQUA,2018-02-01 00:00:00+00:00,702.5506193881697
27424,AQUA,2018-02-02 00:00:00+00:00,702.5498937125612
27424,AQUA,2018-02-03 00:00:00+00:00,702.5492133918374
27424,AQUA,2018-02-04 00:00:00+00:00,702.5485962438988
27424,AQUA,2018-02-05 00:00:00+00:00,702.5476243576572
27424,AQUA,2018-02-06 00:00:00+00:00,702.5465795803161
27424,AQUA,2018-02-07 00:00:00+00:00,702.545826368977
27424,AQUA,2018-02-08 00:00:00+00:00,702.544799410186
27424,AQUA,2018-02-09 00:00:00+00:00,702.5442810715103
27424,AQUA,2018-02-10 00:00:00+00:00,702.5437513942716
27424,AQUA,2018-02-11 00:00:00+00:00,702.5431488257905
27424,AQUA,2018-02-12 00:00:00+00:00,702.5424555482327
27424,AQUA,2018-02-13 00:00:00+00:00,702.541676421089
27424,AQUA,2018-02-14 00:00:00+00:00,702.5407660898532
27424,AQUA,2018-02-15 00:00:00+00:00,702.5490595239944
27424,AQUA,2018-02-16 00:00:00+00:00,702.551790512377
27424,AQUA,2018-02-17 00:00:00+00:00,702.5509757467985
27424,AQUA,2018-02-18 00:00:00+00:00,702.5501626012683
27424,AQUA,2018-02-19 00:00:00+00:00,702.5494660823706
27424,AQUA,2018-02-20 00:00:00+00:00,702.5485703269242
27424,AQUA,2018-02-21 00:00:00+00:00,702.5475563256223
27424,AQUA,2018-02-22 00:00:00+00:00,702.5467431810798
27424,AQUA,2018-02-23 00:00:00+00:00,702.5458976405785
27424,AQUA,2018-02-24 00:00:00+00:00,702.5451363303773
27424,AQUA,2018-02-25 00:00:00+00:00,702.5441417680081
27424,AQUA,2018-02-26 00:00:00+00:00,702.543817806396
27424,AQUA,2018-02-27 00:00:00+00:00,702.5431958002114
27424,AQUA,2018-02-28 00:00:00+00:00,702.5422854684894
27424,AQUA,2018-03-01 00:00:00+00:00,702.5416602230189
27424,AQUA,2018-03-02 00:00:00+00:00,702.5452626754768
27424,AQUA,2018-03-03 00:00:00+00:00,702.5441676849405
27424,AQUA,2018-03-04 00:00:00+00:00,702.5433707394341
27424,AQUA,2018-03-05 00:00:00+00:00,702.5430645958027
27424,AQUA,2018-03-06 00:00:00+00:00,702.5422579317715
27424,AQUA,2018-03-07 00:00:00+00:00,702.5415533157811
27424,AQUA,2018-03-08 00:00:00+00:00,702.5412617505935
27424,AQUA,2018-03-09 00:00:00+00:00,702.5607610483326
27424,AQUA,2018-03-10 00:00:00+00:00,702.5599430405
27424,AQUA,2018-03-11 00:00:00+00:00,702.5592643371801
27424,AQUA,2018-03-12 00:00:00+00:00,702.5584641477981
27424,AQUA,2018-03-13 00:00:00+00:00,702.5573173180705
27424,AQUA,2018-03-14 00:00:00+00:00,702.5566321361202
27424,AQUA,2018-03-15 00:00:00+00:00,702.5196876301602
27424,AQUA,2018-03-16 00:00:00+00:00,702.5187449100372
27424,AQUA,2018-03-17 00:00:00+00:00,702.5177843725778
27424,AQUA,2018-03-18 00:00:00+00:00,702.5168416531696
27424,AQUA,2018-03-19 00:00:00+00:00,702.5158406215633
27424,AQUA,2018-03-20 00:00:00+00:00,702.5150372048683
27424,AQUA,2018-03-21 00:00:00+00:00,702.5142726633867
27424,AQUA,2018-03-22 00:00:00+00:00,702.5133072680792
27424,AQUA,2018-03-23 00:00:00+00:00,702.5122479252868
27424,AQUA,2018-03-24 00:00:00+00:00,702.5114056346638
27424,AQUA,2018-03-25 00:00:00+00:00,702.5103187561781
27424,AQUA,2018-03-26 00:00:00+00:00,702.5093938569189
27424,AQUA,2018-03-27 00:00:00+00:00,702.5085337494847
27424,AQUA,2018-03-28 00:00:00+00:00,702.5078388606089
27424,AQUA,2018-03-29 00:00:00+00:00,702.5196747003688
27424,AQUA,2018-03-30 00:00:00+00:00,702.5322702190197
27424,AQUA,2018-03-31 00:00:00+00:00,702.5313161561835
27424,AQUA,2018-04-01 00:00:00+00:00,702.5304609014875
27424,AQUA,2018-04-02 00:00:00+00:00,702.5297919240411
27424,AQUA,2018-04-03 00:00:00+00:00,702.5291002695476
27424,AQUA,2018-04-04 00:00:00+00:00,702.5279032379481
27424,AQUA,2018-04-05 00:00:00+00:00,702.5270398852845
27424,AQUA,2018-04-06 00:00:00+00:00,702.5261619547091
27424,AQUA,2018-04-07 00:00:00+00:00,702.525548051392
27424,AQUA,2018-04-08 00:00:00+00:00,702.5249211898217
27424,AQUA,2018-04-09 00:00:00+00:00,702.5243445420956
27424,AQUA,2018-04-10 00:00:00+00:00,702.5231361739261
27424,AQUA,2018-04-11 00:00:00+00:00,702.5216330035191
27424,AQUA,2018-04-12 00:00:00+00:00,702.5207161995459
27424,AQUA,2018-04-13 00:00:00+00:00,702.5197945364926
27424,AQUA,2018-04-14 00:00:00+00:00,702.5190413322789
27424,AQUA,2018-04-15 00:00:00+00:00,702.5182573521924
27424,AQUA,2018-04-16 00:00:00+00:00,702.5174344972966
27424,AQUA,2018-04-17 00:00:00+00:00,702.5165484707422
27424,AQUA,2018-04-18 00:00:00+00:00,702.5157175173781
27424,AQUA,2018-04-19 00:00:00+00:00,702.5147747986584
27424,AQUA,2018-04-20 00:00:00+00:00,702.466278660966
27424,AQUA,2018-04-21 00:00:00+00:00,702.4651189104643
27424,AQUA,2018-04-22 00:00:00+00:00,702.4638619746902
27424,AQUA,2018-04-23 00:00:00+00:00,702.4629516684636
27424,AQUA,2018-04-24 00:00:00+00:00,702.4621968596143
27424,AQUA,2018-04-25 00:00:00+00:00,702.4616655779764
27424,AQUA,2018-04-26 00:00:00+00:00,702.4606775239399
27424,AQUA,2018-04-27 00:00:00+00:00,702.4595112966863
27424,AQUA,2018-04-28 00:00:00+00:00,702.4586269080055
27424,AQUA,2018-04-29 00:00:00+00:00,702.4576161784244
27424,AQUA,2018-04-30 00:00:00+00:00,702.4570444036785
27424,AQUA,2018-05-01 00:00:00+00:00,702.4566734790424
27424,AQUA,2018-05-02 00:00:00+00:00,702.456155156493
27424,AQUA,2018-05-03 00:00:00+00:00,702.5002226305942
27424,AQUA,2018-05-04 00:00:00+00:00,702.499503447023
27424,AQUA,2018-05-05 00:00:00+00:00,702.498586650212
27424,AQUA,2018-05-06 00:00:00+00:00,702.496885879531
27424,AQUA,2018-05-07 00:00:00+00:00,702.4959026725678
27424,AQUA,2018-05-08 00:00:00+00:00,702.4951510944934
27424,AQUA,2018-05-09 00:00:00+00:00,702.4943525430008
27424,AQUA,2018-05-10 00:00:00+00:00,702.493393633601
27424,AQUA,2018-05-11 00:00:00+00:00,702.4924930365542
27424,AQUA,2018-05-12 00:00:00+00:00,702.4913332753122
27424,AQUA,2018-05-13 00:00:00+00:00,702.4899532248533
27424,AQUA,2018-05-14 00:00:00+00:00,702.4889003698918
27424,AQUA,2018-05-15 00:00:00+00:00,702.4881163981654
27424,AQUA,2018-05-16 00:00:00+00:00,702.4870926998469
27424,AQUA,2018-05-17 00:00:00+00:00,702.4864966225186
27424,AQUA,2018-05-18 00:00:00+00:00,702.4855765903776
27424,AQUA,2018-05-19 00:00:00+00:00,702.4845593720756
27424,AQUA,2018-05-20 00:00:00+00:00,702.4838142761032
27424,AQUA,2018-05-21 00:00:00+00:00,702.4829638950714
27424,AQUA,2018-05-22 00:00:00+00:00,702.4817636434186
27424,AQUA,2018-05-23 00:00:00+00:00,702.4956921385769
27424,AQUA,2018-05-24 00:00:00+00:00,702.5100450118798
27424,AQUA,2018-05-25 00:00:00+00:00,702.5095218201982
27424,AQUA,2018-05-26 00:00:00+00:00,702.5088204519425
27424,AQUA,2018-05-27 00:00:00+00:00,702.5083053594126
27424,AQUA,2018-05-28 00:00:00+00:00,702.5071148157508
27424,AQUA,2018-05-29 00:00:00+00:00,702.5061089282208
27424,AQUA,2018-05-30 00:00:00+00:00,702.5054545345952
27424,AQUA,2018-05-31 00:00:00+00:00,702.5046138657794
27424,AQUA,2018-06-01 00:00:00+00:00,702.5034233236593
27424,AQUA,2018-06-02 00:00:00+00:00,702.5028515396634
27424,AQUA,2018-06-03 00:00:00+00:00,702.5021145378064
27424,AQUA,2018-06-04 00:00:00+00:00,702.5010875948647
27424,AQUA,2018-06-05 00:00:00+00:00,702.5001756568895
27424,AQUA,2018-06-06 00:00:00+00:00,702.4992297037811
27424,AQUA,2018-06-07 00:00:00+00:00,702.498071559562
27424,AQUA,2018-06-08 00:00:00+00:00,702.4974074491015
27424,AQUA,2018-06-09 00:00:00+00:00,702.4967530574831
27424,AQUA,2018-06-10 00:00:00+00:00,702.4960824682112
27424,AQUA,2018-06-11 00:00:00+00:00,702.495528503282
27424,AQUA,2018-06-12 00:00:00+00:00,702.495201307675
27424,AQUA,2018-06-13 00:00:00+00:00,702.4943347254284
27424,AQUA,2018-06-14 00:00:00+00:00,702.493383914928
27424,AQUA,2018-06-15 00:00:00+00:00,702.4928072736252
27424,AQUA,2018-06-16 00:00:00+00:00,702.4920880919385
27424,AQUA,2018-06-17 00:00:00+00:00,702.491472576221
27424,AQUA,2018-06-18 00:00:00+00:00,702.4908586804177
27424,AQUA,2018-06-19 00:00:00+00:00,702.4901686552171
27424,AQUA,2018-06-20 00:00:00+00:00,702.5024109883107
27424,AQUA,2018-06-21 00:00:00+00:00,702.5154956059091
27424,AQUA,2018-06-22 00:00:00+00:00,702.5146144393225
27424,AQUA,2018-06-23 00:00:00+00:00,702.5133623409911
27424,AQUA,2018-06-24 00:00:00+00:00,702.512510331263
27424,AQUA,2018-06-25 00:00:00+00:00,702.512019534925
27424,AQUA,2018-06-26 00:00:00+00:00,702.5109634321961
27424,AQUA,2018-06-27 00:00:00+00:00,702.5102069907493
27424,AQUA,2018-06-28 00:00:00+00:00,702.5098895121778
27424,AQUA,2018-06-29 00:00:00+00:00,702.5089095402764
27424,AQUA,2018-06-30 00:00:00+00:00,702.5079992195688
27424,AQUA,2018-07-01 00:00:00+00:00,702.5074160961371
27424,AQUA,2018-07-02 00:00:00+00:00,702.5067746605041
27424,AQUA,2018-07-03 00:00:00+00:00,702.5062790057927
27424,AQUA,2018-07-04 00:00:00+00:00,702.5060344180438
27424,AQUA,2018-07-05 00:00:00+00:00,702.5056424297786
27424,AQUA,2018-07-06 00:00:00+00:00,702.5046980946272
27424,AQUA,2018-07-07 00:00:00+00:00,702.5040032066954
27424,AQUA,2018-07-08 00:00:00+00:00,702.5031414811046
27424,AQUA,2018-07-09 00:00:00+00:00,702.5026911809955
27424,AQUA,2018-07-10 00:00:00+00:00,702.5019687572312
27424,AQUA,2018-07-11 00:00:00+00:00,702.5016318421731
27424,AQUA,2018-07-12 00:00:00+00:00,702.6273168977059
27424,AQUA,2018-07-13 00:00:00+00:00,702.6266430378109
27424,AQUA,2018-07-14 00:00:00+00:00,702.6260534105331
27424,AQUA,2018-07-15 00:00:00+00:00,702.625206226508
27424,AQUA,2018-07-16 00:00:00+00:00,702.6242035367422
27424,AQUA,2018-07-17 00:00:00+00:00,702.6237224401675
27424,AQUA,2018-07-18 00:00:00+00:00,702.6231473921771
27424,AQUA,2018-07-19 00:00:00+00:00,702.6224540950388
27424,AQUA,2018-07-20 00:00:00+00:00,702.6220199744876
27424,AQUA,2018-07-21 00:00:00+00:00,702.621300759989
27424,AQUA,2018-07-22 00:00:00+00:00,702.6204940736752
27424,AQUA,2018-07-23 00:00:00+00:00,702.6197133052092
27424,AQUA,2018-07-24 00:00:00+00:00,702.6191657955055
27424,AQUA,2018-07-25 00:00:00+00:00,702.6183429112889
27424,AQUA,2018-07-26 00:00:00+00:00,702.6180254205938
27424,AQUA,2018-07-27 00:00:00+00:00,702.6176949711316
27424,AQUA,2018-07-28 00:00:00+00:00,702.6172819093595
27424,AQUA,2018-07-29 00:00:00+00:00,702.6168623682479
27424,AQUA,2018-07-30 00:00:00+00:00,702.6166145312591
27424,AQUA,2018-07-31 00:00:00+00:00,702.6157090354795
27424,AQUA,2018-08-01 00:00:00+00:00,702.6149185492427
27424,AQUA,2018-08-02 00:00:00+00:00,702.5445006076957
27424,AQUA,2018-08-03 00:00:00+00:00,702.475336393572
27424,AQUA,2018-08-04 00:00:00+00:00,702.4747889117616
27424,AQUA,2018-08-05 00:00:00+00:00,702.4743807301338
27424,AQUA,2018-08-06 00:00:00+00:00,702.4739887462506
27424,AQUA,2018-08-07 00:00:00+00:00,702.4731043530455
27424,AQUA,2018-08-08 00:00:00+00:00,702.4726540577121
27424,AQUA,2018-08-09 00:00:00+00:00,702.4719964322821
27424,AQUA,2018-08-10 00:00:00+00:00,702.4715428976065
27424,AQUA,2018-08-11 00:00:00+00:00,702.4709533026034
27424,AQUA,2018-08-12 00:00:00+00:00,702.4704673727638
27424,AQUA,2018-08-13 00:00:00+00:00,702.4697287595582
27424,AQUA,2018-08-14 00:00:00+00:00,702.4693869890402
27424,AQUA,2018-08-15 00:00:00+00:00,702.4691100091723
27424,AQUA,2018-08-16 00:00:00+00:00,702.4683892137718
27424,AQUA,2018-08-17 00:00:00+00:00,702.4674465107792
27424,AQUA,2018-08-18 00:00:00+00:00,702.466769449391
27424,AQUA,2018-08-19 00:00:00+00:00,702.46608428934
27424,AQUA,2018-08-20 00:00:00+00:00,702.4653618749107
27424,AQUA,2018-08-21 00:00:00+00:00,702.4651869405025
27424,AQUA,2018-08-22 00:00:00+00:00,702.4645066401304
27424,AQUA,2018-08-23 00:00:00+00:00,702.4639996544861
27424,AQUA,2018-08-24 00:00:00+00:00,702.4635315432256
27424,AQUA,2018-08-25 00:00:00+00:00,702.4628075096844
27424,AQUA,2018-08-26 00:00:00+00:00,702.4609885179552
27424,AQUA,2018-08-27 00:00:00+00:00,702.4606580868149
27424,AQUA,2018-08-28 00:00:00+00:00,702.4596182008318
27424,AQUA,2018-08-29 00:00:00+00:00,702.459188964523
27424,AQUA,2018-08-30 00:00:00+00:00,702.4586884588571
27424,AQUA,2018-08-31 00:00:00+00:00,702.4581085851019
27424,AQUA,2018-09-01 00:00:00+00:00,702.4572727896193
27424,AQUA,2018-09-02 00:00:00+00:00,702.456360865744
27424,AQUA,2018-09-03 00:00:00+00:00,702.4557988097949
27424,AQUA,2018-09-04 00:00:00+00:00,702.4550715387177
27424,AQUA,2018-09-06 00:00:00+00:00,702.45447060886
27424,AQUA,2018-09-07 00:00:00+00:00,702.4541369389672
27424,AQUA,2018-09-08 00:00:00+00:00,702.4533222014834
27424,AQUA,2018-09-09 00:00:00+00:00,702.4527066941914
27424,AQUA,2018-09-10 00:00:00+00:00,702.4520004807296
27424,AQUA,2018-09-11 00:00:00+00:00,702.45087799043
27424,AQUA,2018-09-12 00:00:00+00:00,702.4503548096777
27424,AQUA,2018-09-13 00:00:00+00:00,702.4499190957467
27424,AQUA,2018-09-14 00:00:00+00:00,702.4491804879044
27424,AQUA,2018-09-15 00:00:00+00:00,702.4484451197595
27424,AQUA,2018-09-16 00:00:00+00:00,702.4477000332881
27424,AQUA,2018-09-17 00:00:00+00:00,702.4469095939494
27424,AQUA,2018-09-18 00:00:00+00:00,702.4462147202039
27424,AQUA,2018-09-19 00:00:00+00:00,702.4455554811484
27424,AQUA,2018-09-20 00:00:00+00:00,702.4449237780377
27424,AQUA,2018-09-21 00:00:00+00:00,702.4441722134843
27424,AQUA,2018-09-22 00:00:00+00:00,702.4439972803862
27424,AQUA,2018-09-23 00:00:00+00:00,702.4431226150596
27424,AQUA,2018-09-24 00:00:00+00:00,702.4422981622379
27424,AQUA,2018-09-25 00:00:00+00:00,702.4415287811371
27424,AQUA,2018-09-26 00:00:00+00:00,702.4807612797167
27424,AQUA,2018-09-27 00:00:00+00:00,702.5203890010271
27424,AQUA,2018-09-28 00:00:00+00:00,702.5198512292845
27424,AQUA,2018-09-29 00:00:00+00:00,702.5194122650905
27424,AQUA,2018-09-30 00:00:00+00:00,702.5186056077964
27424,AQUA,2018-10-01 00:00:00+00:00,702.518033820721
27424,AQUA,2018-10-02 00:00:00+00:00,702.517269278429
27424,AQUA,2018-10-03 00:00:00+00:00,702.516470720715
27424,AQUA,2018-10-04 00:00:00+00:00,702.5156187100943
27424,AQUA,2018-10-05 00:00:00+00:00,702.5147456424143
27424,AQUA,2018-10-06 00:00:00+00:00,702.5138126427619
27424,AQUA,2018-10-07 00:00:00+00:00,702.5130740182558
27424,AQUA,2018-10-08 00:00:00+00:00,702.5127468206224
27424,AQUA,2018-10-09 00:00:00+00:00,702.5120243942979
27424,AQUA,2018-10-10 00:00:00+00:00,702.5110055467089
27424,AQUA,2018-10-11 00:00:00+00:00,702.5099899390666
27424,AQUA,2018-10-12 00:00:00+00:00,702.5092642738618
27424,AQUA,2018-10-13 00:00:00+00:00,702.5080494329759
27424,AQUA,2018-10-14 00:00:00+00:00,702.5068637487743
27424,AQUA,2018-10-15 00:00:00+00:00,702.5059307517186
27424,AQUA,2018-10-16 00:00:00+00:00,702.5050188121868
27424,AQUA,2018-10-17 00:00:00+00:00,702.5043595594557
27424,AQUA,2018-10-18 00:00:00+00:00,702.5036306561246
27424,AQUA,2018-10-19 00:00:00+00:00,702.5027494932419
27424,AQUA,2018-10-20 00:00:00+00:00,702.5019007263027
27424,AQUA,2018-10-21 00:00:00+00:00,702.5013921141781
27424,AQUA,2018-10-22 00:00:00+00:00,702.5002971406129
27424,AQUA,2018-10-23 00:00:00+00:00,702.4996524670278
27424,AQUA,2018-10-24 00:00:00+00:00,702.4991470948721
27424,AQUA,2018-10-25 00:00:00+00:00,702.4982529751223
27424,AQUA,2018-10-26 00:00:00+00:00,702.4976601350172
27424,AQUA,2018-10-27 00:00:00+00:00,702.4968210882939
27424,AQUA,2018-10-28 00:00:00+00:00,702.4957682307822
27424,AQUA,2018-10-29 00:00:00+00:00,702.4947477692708
27424,AQUA,2018-10-30 00:00:00+00:00,702.494072321133
27424,AQUA,2018-10-31 00:00:00+00:00,702.4935750488762
27424,AQUA,2018-11-01 00:00:00+00:00,702.4927910758415
27424,AQUA,2018-11-02 00:00:00+00:00,702.4920735139303
27424,AQUA,2018-11-03 00:00:00+00:00,702.4914385608872
27424,AQUA,2018-11-04 00:00:00+00:00,702.4904958502484
27424,AQUA,2018-11-05 00:00:00+00:00,702.4891158001838
27424,AQUA,2018-11-06 00:00:00+00:00,702.4883690832357
27424,AQUA,2018-11-07 00:00:00+00:00,702.4873129893194
27424,AQUA,2018-11-08 00:00:00+00:00,702.4865808508293
27424,AQUA,2018-11-09 00:00:00+00:00,702.4859653363083
27424,AQUA,2018-11-10 00:00:00+00:00,702.4853546812719
27424,AQUA,2018-11-11 00:00:00+00:00,702.4840637212601
27424,AQUA,2018-11-12 00:00:00+00:00,702.4829395984684
27424,AQUA,2018-11-13 00:00:00+00:00,702.482129712022
27424,AQUA,2018-11-14 00:00:00+00:00,702.4811659474653
27424,AQUA,2018-11-15 00:00:00+00:00,702.480299369482
27424,AQUA,2018-11-16 00:00:00+00:00,702.5251479614326
27424,AQUA,2018-11-17 00:00:00+00:00,702.524282989817
27424,AQUA,2018-11-18 00:00:00+00:00,702.5235330240102
27424,AQUA,2018-11-19 00:00:00+00:00,702.5227458030881
27424,AQUA,2018-11-20 00:00:00+00:00,702.521723712056
27424,AQUA,2018-11-21 00:00:00+00:00,702.5206935224196
27424,AQUA,2018-11-22 00:00:00+00:00,702.5202221622067
27424,AQUA,2018-11-23 00:00:00+00:00,702.519383108805
27424,AQUA,2018-11-24 00:00:00+00:00,702.5186201859242
27424,AQUA,2018-11-25 00:00:00+00:00,702.51821199798
27424,AQUA,2018-11-26 00:00:00+00:00,702.5172887159424
27424,AQUA,2018-11-27 00:00:00+00:00,702.5162714862563
27424,AQUA,2018-11-28 00:00:00+00:00,702.5157434340581
27424,AQUA,2018-11-29 00:00:00+00:00,702.5148217726155
27424,AQUA,2018-11-30 00:00:00+00:00,702.5136539032751
27424,AQUA,2018-12-01 00:00:00+00:00,702.5130124662255
27424,AQUA,2018-12-02 00:00:00+00:00,702.5124520188215
27424,AQUA,2018-12-03 00:00:00+00:00,702.5116372645593
27424,AQUA,2018-12-04 00:00:00+00:00,702.5110589997494
27424,AQUA,2018-12-05 00:00:00+00:00,702.5107447606701
27424,AQUA,2018-12-06 00:00:00+00:00,702.5097323927057
27424,AQUA,2018-12-07 00:00:00+00:00,702.5086989678439
27424,AQUA,2018-12-08 00:00:00+00:00,702.5079004125291
27424,AQUA,2018-12-09 00:00:00+00:00,702.5068799466426
27424,AQUA,2018-12-10 00:00:00+00:00,702.5060020223164
27424,AQUA,2018-12-11 00:00:00+00:00,702.5055258051771
27424,AQUA,2018-12-12 00:00:00+00:00,702.50504634856
27424,AQUA,2018-12-13 00:00:00+00:00,702.5203048170347
27424,AQUA,2018-12-14 00:00:00+00:00,702.536322964911
27424,AQUA,2018-12-15 00:00:00+00:00,702.5351550866949
27424,AQUA,2018-12-16 00:00:00+00:00,702.5340212248202
27424,AQUA,2018-12-17 00:00:00+00:00,702.533726420817
27424,AQUA,2018-12-18 00:00:00+00:00,702.533196745554
27424,AQUA,2018-12-19 00:00:00+00:00,702.532556923873
27424,AQUA,2018-12-20 00:00:00+00:00,702.5317697004457
27424,AQUA,2018-12-21 00:00:00+00:00,702.5312934789727
27424,AQUA,2018-12-22 00:00:00+00:00,702.5306099231202
27424,AQUA,2018-12-23 00:00:00+00:00,702.5294452868711
27424,AQUA,2018-12-24 00:00:00+00:00,702.5288670184236
27424,AQUA,2018-12-25 00:00:00+00:00,702.5281607859715
27424,AQUA,2018-12-26 00:00:00+00:00,702.5275242050357
27424,AQUA,2018-12-27 00:00:00+00:00,702.5272617976707
27424,AQUA,2018-12-28 00:00:00+00:00,702.526664092089
27424,AQUA,2018-12-29 00:00:00+00:00,702.5256986925606
27424,AQUA,2018-12-30 00:00:00+00:00,702.5246976578237
27424,AQUA,2018-12-31 00:00:00+00:00,702.5241048121798
27424,AQUA,2019-01-01 00:00:00+00:00,702.5232689972127
27424,AQUA,2019-01-02 00:00:00+00:00,702.5225417088127
27424,AQUA,2019-01-03 00:00:00+00:00,702.5220557701159
27424,AQUA,2019-01-04 00:00:00+00:00,702.5215277168286
27424,AQUA,2019-01-05 00:00:00+00:00,702.520981845897
27424,AQUA,2019-01-06 00:00:00+00:00,702.5203031519168
27424,AQUA,2019-01-07 00:00:00+00:00,702.5192519054772
27424,AQUA,2019-01-08 00:00:00+00:00,702.5185521546
27424,AQUA,2019-01-09 00:00:00+00:00,702.5180986124496
27424,AQUA,2019-01-10 00:00:00+00:00,702.5174571743974
27424,AQUA,2019-01-11 00:00:00+00:00,702.516689392678
27424,AQUA,2019-01-12 00:00:00+00:00,702.5163751529608
27424,AQUA,2019-01-13 00:00:00+00:00,702.5157499132165
27424,AQUA,2019-01-14 00:00:00+00:00,702.5150112882038
27424,AQUA,2019-01-15 00:00:00+00:00,702.5146338768218
27424,AQUA,2019-01-16 00:00:00+00:00,702.5268018027919
27424,AQUA,2019-01-17 00:00:00+00:00,702.5396581426194
27424,AQUA,2019-01-18 00:00:00+00:00,702.5392175555362
27424,AQUA,2019-01-19 00:00:00+00:00,702.5387413328108
27424,AQUA,2019-01-20 00:00:00+00:00,702.5381096089104
27424,AQUA,2019-01-21 00:00:00+00:00,702.5378439609553
27424,AQUA,2019-01-22 00:00:00+00:00,702.5373159047222
27424,AQUA,2019-01-23 00:00:00+00:00,702.5369222923327
27424,AQUA,2019-01-24 00:00:00+00:00,702.5357106791807
27424,AQUA,2019-01-25 00:00:00+00:00,702.5350012054141
27424,AQUA,2019-01-26 00:00:00+00:00,702.5344844883361
27424,AQUA,2019-01-27 00:00:00+00:00,702.5337442386358
27424,AQUA,2019-01-28 00:00:00+00:00,702.5333895019753
27424,AQUA,2019-01-29 00:00:00+00:00,702.5330153277496
27651,SORCE,2017-12-02 00:00:00+00:00,601.7475681254709
27651,SORCE,2017-12-03 00:00:00+00:00,601.7463210309279
27651,SORCE,2017-12-04 00:00:00+00:00,601.7448363952944
27651,SORCE,2017-12-05 00:00:00+00:00,601.7430829634886
27651,SORCE,2017-12-06 00:00:00+00:00,601.7404450039953
27651,SORCE,2017-12-07 00:00:00+00:00,601.7382930684939
27651,SORCE,2017-12-08 00:00:00+00:00,601.7365568312584
27651,SORCE,2017-12-09 00:00:00+00:00,601.7346221235339
27651,SORCE,2017-12-10 00:00:00+00:00,601.7328249406619
27651,SORCE,2017-12-11 00:00:00+00:00,601.7308027206373
27651,SORCE,2017-12-12 00:00:00+00:00,601.7290117912758
27651,SORCE,2017-12-13 00:00:00+00:00,601.7274865329664
27651,SORCE,2017-12-14 00:00:00+00:00,601.7261503698742
27651,SORCE,2017-12-15 00:00:00+00:00,601.7242781798586
27651,SORCE,2017-12-16 00:00:00+00:00,601.7226560329291
27651,SORCE,2017-12-17 00:00:00+00:00,601.72038690413
27651,SORCE,2017-12-18 00:00:00+00:00,601.7180912102576
27651,SORCE,2017-12-19 00:00:00+00:00,601.7167566144203
27651,SORCE,2017-12-20 00:00:00+00:00,601.7155486025813
27651,SORCE,2017-12-21 00:00:00+00:00,601.7136717314306
27651,SORCE,2017-12-22 00:00:00+00:00,601.7123871458607
27651,SORCE,2017-12-23 00:00:00+00:00,601.7108962772509
27651,SORCE,2017-12-24 00:00:00+00:00,601.7089334577386
27651,SORCE,2017-12-25 00:00:00+00:00,601.7066627774107
27651,SORCE,2017-12-26 00:00:00+00:00,601.7053656930098
27651,SORCE,2017-12-27 00:00:00+00:00,601.7030746997598
27651,SORCE,2017-12-28 00:00:00+00:00,601.7020807905783
27651,SORCE,2017-12-29 00:00:00+00:00,601.7003633288359
27651,SORCE,2017-12-30 00:00:00+00:00,601.6991021906751
27651,SORCE,2017-12-31 00:00:00+00:00,601.6975472565077
27651,SORCE,2018-01-01 00:00:00+00:00,601.696428329521
27651,SORCE,2018-01-02 00:00:00+00:00,601.6947905713428
27651,SORCE,2018-01-03 00:00:00+00:00,601.6938372964614
27651,SORCE,2018-01-04 00:00:00+00:00,601.6927777552892
27651,SORCE,2018-01-05 00:00:00+00:00,601.6911306227857
27651,SORCE,2018-01-06 00:00:00+00:00,601.6895678793221
27651,SORCE,2018-01-07 00:00:00+00:00,601.6889162155899
27651,SORCE,2018-01-08 00:00:00+00:00,601.6882989322949
27651,SORCE,2018-01-09 00:00:00+00:00,601.6868377686528
27651,SORCE,2018-01-10 00:00:00+00:00,601.6859892001621
27651,SORCE,2018-01-11 00:00:00+00:00,601.6854328644058
27651,SORCE,2018-01-12 00:00:00+00:00,601.6843983302642
27651,SORCE,2018-01-13 00:00:00+00:00,601.6827730810273
27651,SORCE,2018-01-14 00:00:00+00:00,601.6808852927152
27651,SORCE,2018-01-15 00:00:00+00:00,601.6853609816235
27651,SORCE,2018-01-16 00:00:00+00:00,601.6803570872735
27651,SORCE,2018-01-17 00:00:00+00:00,601.6796476043819
27651,SORCE,2018-01-18 00:00:00+00:00,601.6788287300797
27651,SORCE,2018-01-19 00:00:00+00:00,601.6776879323115
27651,SORCE,2018-01-20 00:00:00+00:00,601.6769159406631
27651,SORCE,2018-01-21 00:00:00+00:00,601.6758876606164
27651,SORCE,2018-01-22 00:00:00+00:00,601.6750437836677
27651,SORCE,2018-01-23 00:00:00+00:00,601.6739295539201
27651,SORCE,2018-01-24 00:00:00+00:00,601.6730841148246
27651,SORCE,2018-01-25 00:00:00+00:00,601.6716979703128
27651,SORCE,2018-01-26 00:00:00+00:00,601.6703805867055
27651,SORCE,2018-01-27 00:00:00+00:00,601.6688537977057
27651,SORCE,2018-01-28 00:00:00+00:00,601.667392644225
27651,SORCE,2018-01-29 00:00:00+00:00,601.6660862017525
27651,SORCE,2018-01-30 00:00:00+00:00,601.6648110144797
27651,SORCE,2018-01-31 00:00:00+00:00,601.6635827096443
27651,SORCE,2018-02-01 00:00:00+00:00,601.6622231362189
27651,SORCE,2018-02-02 00:00:00+00:00,601.6609041943575
27651,SORCE,2018-02-03 00:00:00+00:00,601.6598665438582
27651,SORCE,2018-02-04 00:00:00+00:00,601.6586913738715
27651,SORCE,2018-02-05 00:00:00+00:00,601.6571911575807
27651,SORCE,2018-02-06 00:00:00+00:00,601.6559003471289
27651,SORCE,2018-02-07 00:00:00+00:00,601.6547033006827
27651,SORCE,2018-02-08 00:00:00+00:00,601.6533468570269
27651,SORCE,2018-02-09 00:00:00+00:00,601.652177940673
27651,SORCE,2018-02-10 00:00:00+00:00,601.6513934543168
27651,SORCE,2018-02-11 00:00:00+00:00,601.6500432631392
27651,SORCE,2018-02-12 00:00:00+00:00,601.648891538091
27651,SORCE,2018-02-13 00:00:00+00:00,601.6475616634898
27651,SORCE,2018-02-14 00:00:00+00:00,601.6458833032648
27651,SORCE,2018-02-15 00:00:00+00:00,601.644483107797
27651,SORCE,2018-02-16 00:00:00+00:00,601.6437111253281
27651,SORCE,2018-02-17 00:00:00+00:00,601.642657854044
27651,SORCE,2018-02-18 00:00:00+00:00,601.6413998673602
27651,SORCE,2018-02-19 00:00:00+00:00,601.6397387006946
27651,SORCE,2018-02-20 00:00:00+00:00,601.6383666371657
27651,SORCE,2018-02-21 00:00:00+00:00,601.6373946290141
27651,SORCE,2018-02-22 00:00:00+00:00,601.6357412783391
27651,SORCE,2018-02-23 00:00:00+00:00,601.6340472981037
27651,SORCE,2018-02-24 00:00:00+00:00,601.6330987320966
27651,SORCE,2018-02-25 00:00:00+00:00,601.6314531974813
27651,SORCE,2018-02-26 00:00:00+00:00,601.6299873754442
27651,SORCE,2018-02-27 00:00:00+00:00,601.6284152899789
27651,SORCE,2018-02-28 00:00:00+00:00,601.6266150500937
27651,SORCE,2018-03-01 00:00:00+00:00,601.6257243067721
27651,SORCE,2018-03-02 00:00:00+00:00,601.6239428211093
27651,SORCE,2018-03-03 00:00:00+00:00,601.6225551382809
27651,SORCE,2018-03-04 00:00:00+00:00,601.6211033852501
27651,SORCE,2018-03-05 00:00:00+00:00,601.6193640954489
27651,SORCE,2018-03-06 00:00:00+00:00,601.6180920549232
27651,SORCE,2018-03-07 00:00:00+00:00,601.6168075133583
27651,SORCE,2018-03-08 00:00:00+00:00,601.6156292360956
27651,SORCE,2018-03-09 00:00:00+00:00,601.614375949679
27651,SORCE,2018-03-10 00:00:00+00:00,601.6132351782462
27651,SORCE,2018-03-11 00:00:00+00:00,601.6117256101907
27651,SORCE,2018-03-12 00:00:00+00:00,601.6104270072665
27651,SORCE,2018-03-13 00:00:00+00:00,601.608725228898
27651,SORCE,2018-03-14 00:00:00+00:00,601.6074203765838
27651,SORCE,2018-03-15 00:00:00+00:00,601.6060498916322
27651,SORCE,2018-03-16 00:00:00+00:00,601.6045309512983
27651,SORCE,2018-03-17 00:00:00+00:00,601.6029135620256
27651,SORCE,2018-03-18 00:00:00+00:00,601.6016087124162
27651,SORCE,2018-03-19 00:00:00+00:00,601.5988927519693
27651,SORCE,2018-03-20 00:00:00+00:00,601.596948763492
27651,SORCE,2018-03-21 00:00:00+00:00,601.5954313908046
27651,SORCE,2018-03-22 00:00:00+00:00,601.5932983193334
27651,SORCE,2018-03-23 00:00:00+00:00,601.5916668723803
27651,SORCE,2018-03-24 00:00:00+00:00,601.5898572800224
27651,SORCE,2018-03-25 00:00:00+00:00,601.588016435122
27651,SORCE,2018-03-26 00:00:00+00:00,601.5862130958767
27651,SORCE,2018-03-27 00:00:00+00:00,601.5844972681098
27651,SORCE,2018-03-28 00:00:00+00:00,601.5829908409587
27651,SORCE,2018-03-29 00:00:00+00:00,601.5813687761183
27651,SORCE,2018-03-30 00:00:00+00:00,601.5802436449885
27651,SORCE,2018-03-31 00:00:00+00:00,601.5788450451223
27651,SORCE,2018-04-01 00:00:00+00:00,601.5775761484165
27651,SORCE,2018-04-02 00:00:00+00:00,601.5763525699986
27651,SORCE,2018-04-03 00:00:00+00:00,601.5751743098062
27651,SORCE,2018-04-04 00:00:00+00:00,601.5738210301442
27651,SORCE,2018-04-05 00:00:00+00:00,601.5722989819806
27651,SORCE,2018-04-06 00:00:00+00:00,601.5715176434114
27651,SORCE,2018-04-07 00:00:00+00:00,601.5704894021846
27651,SORCE,2018-04-08 00:00:00+00:00,601.5695142923123
27651,SORCE,2018-04-09 00:00:00+00:00,601.5682485251991
27651,SORCE,2018-04-10 00:00:00+00:00,601.5667858616935
27651,SORCE,2018-04-11 00:00:00+00:00,601.5647684499431
27651,SORCE,2018-04-12 00:00:00+00:00,601.5634198633693
27651,SORCE,2018-04-13 00:00:00+00:00,601.5623259928743
27651,SORCE,2018-04-14 00:00:00+00:00,601.5609789701462
27651,SORCE,2018-04-15 00:00:00+00:00,601.5593912968402
27651,SORCE,2018-04-16 00:00:00+00:00,601.5579067606168
27651,SORCE,2018-04-17 00:00:00+00:00,601.5561128167938
27651,SORCE,2018-04-18 00:00:00+00:00,601.5544657648898
27651,SORCE,2018-04-19 00:00:00+00:00,601.5530031086055
27651,SORCE,2018-04-20 00:00:00+00:00,601.5514310666122
27651,SORCE,2018-04-21 00:00:00+00:00,601.54877297346
27651,SORCE,2018-04-22 00:00:00+00:00,601.5476806713732
27651,SORCE,2018-04-23 00:00:00+00:00,601.5458398542796
27651,SORCE,2018-04-24 00:00:00+00:00,601.5442271869933
27651,SORCE,2018-04-25 00:00:00+00:00,601.5412581314399
27651,SORCE,2018-04-26 00:00:00+00:00,601.5402127121756
27651,SORCE,2018-04-27 00:00:00+00:00,601.5384344063309
27651,SORCE,2018-04-28 00:00:00+00:00,601.5375577550421
27651,SORCE,2018-04-29 00:00:00+00:00,601.5355325511182
27651,SORCE,2018-04-30 00:00:00+00:00,601.5341261603671
27651,SORCE,2018-05-01 00:00:00+00:00,601.5326322616356
27651,SORCE,2018-05-02 00:00:00+00:00,601.5314852729853
27651,SORCE,2018-05-03 00:00:00+00:00,601.5303789138061
27651,SORCE,2018-05-04 00:00:00+00:00,601.5293913167179
27651,SORCE,2018-05-05 00:00:00+00:00,601.5280036808917
27651,SORCE,2018-05-06 00:00:00+00:00,601.5252159101028
27651,SORCE,2018-05-07 00:00:00+00:00,601.523353230722
27651,SORCE,2018-05-08 00:00:00+00:00,601.5217218246353
27651,SORCE,2018-05-09 00:00:00+00:00,601.5205873416535
27651,SORCE,2018-05-10 00:00:00+00:00,601.5186090294574
27651,SORCE,2018-05-11 00:00:00+00:00,601.5168823047175
27651,SORCE,2018-05-12 00:00:00+00:00,601.5151837086569
27651,SORCE,2018-05-13 00:00:00+00:00,601.5131928991586
27651,SORCE,2018-05-14 00:00:00+00:00,601.5114099225971
27651,SORCE,2018-05-15 00:00:00+00:00,601.5102113754447
27651,SORCE,2018-05-16 00:00:00+00:00,601.5083049521118
27651,SORCE,2018-05-17 00:00:00+00:00,601.5067579374136
27651,SORCE,2018-05-18 00:00:00+00:00,601.505532827392
27651,SORCE,2018-05-19 00:00:00+00:00,601.5041889573254
27651,SORCE,2018-05-20 00:00:00+00:00,601.503004477031
27651,SORCE,2018-05-21 00:00:00+00:00,601.5020075137963
27651,SORCE,2018-05-22 00:00:00+00:00,601.500769904761
27651,SORCE,2018-05-23 00:00:00+00:00,601.4993572809772
27651,SORCE,2018-05-24 00:00:00+00:00,601.4984478266615
27651,SORCE,2018-05-25 00:00:00+00:00,601.4974321134305
27651,SORCE,2018-05-26 00:00:00+00:00,601.4964773433303
27651,SORCE,2018-05-27 00:00:00+00:00,601.4956178942575
27651,SORCE,2018-05-28 00:00:00+00:00,601.4946912521837
27651,SORCE,2018-05-29 00:00:00+00:00,601.4939474385365
27651,SORCE,2018-05-30 00:00:00+00:00,601.4932630051444
27651,SORCE,2018-05-31 00:00:00+00:00,601.4926317014415
27651,SORCE,2018-06-01 00:00:00+00:00,601.4916284913916
27651,SORCE,2018-06-02 00:00:00+00:00,601.4903158806292
27651,SORCE,2018-06-03 00:00:00+00:00,601.4896611381205
27651,SORCE,2018-06-04 00:00:00+00:00,601.4886626170191
27651,SORCE,2018-06-05 00:00:00+00:00,601.4877937945694
27651,SORCE,2018-06-06 00:00:00+00:00,601.4868999703167
27651,SORCE,2018-06-07 00:00:00+00:00,601.4857248731341
27651,SORCE,2018-06-08 00:00:00+00:00,601.4847935464613
27651,SORCE,2018-06-09 00:00:00+00:00,601.4838747211347
27651,SORCE,2018-06-10 00:00:00+00:00,601.4830465284822
27651,SORCE,2018-06-11 00:00:00+00:00,601.482408976568
27651,SORCE,2018-06-12 00:00:00+00:00,601.4816854803398
27651,SORCE,2018-06-13 00:00:00+00:00,601.4807947832942
27651,SORCE,2018-06-14 00:00:00+00:00,601.4795899988039
27651,SORCE,2018-06-15 00:00:00+00:00,601.4785852308119
27651,SORCE,2018-06-16 00:00:00+00:00,601.4776367176519
27651,SORCE,2018-06-17 00:00:00+00:00,601.4766319503697
27651,SORCE,2018-06-18 00:00:00+00:00,601.4755240502827
27651,SORCE,2018-06-19 00:00:00+00:00,601.473895797445
27651,SORCE,2018-06-20 00:00:00+00:00,601.4723097362239
27651,SORCE,2018-06-21 00:00:00+00:00,601.4715487397489
27651,SORCE,2018-06-22 00:00:00+00:00,601.4702486394008
27651,SORCE,2018-06-23 00:00:00+00:00,601.4683766209391
27651,SORCE,2018-06-24 00:00:00+00:00,601.4667983759982
27651,SORCE,2018-06-25 00:00:00+00:00,601.4657107939274
27651,SORCE,2018-06-26 00:00:00+00:00,601.4636184495585
27651,SORCE,2018-06-27 00:00:00+00:00,601.4618823831206
27651,SORCE,2018-06-28 00:00:00+00:00,601.4613042154374
27651,SORCE,2018-06-29 00:00:00+00:00,601.4599322395843
27651,SORCE,2018-06-30 00:00:00+00:00,601.4589852953768
27651,SORCE,2018-07-01 00:00:00+00:00,601.4582680556828
27651,SORCE,2018-07-02 00:00:00+00:00,601.4576226963563
27651,SORCE,2018-07-03 00:00:00+00:00,601.4571164097324
27651,SORCE,2018-07-04 00:00:00+00:00,601.4563101015974
27651,SORCE,2018-07-05 00:00:00+00:00,601.4557006828118
27651,SORCE,2018-07-06 00:00:00+00:00,601.4550365727514
27651,SORCE,2018-07-07 00:00:00+00:00,601.4542099512714
27651,SORCE,2018-07-08 00:00:00+00:00,601.4530942470474
27651,SORCE,2018-07-09 00:00:00+00:00,601.4523473192594
27651,SORCE,2018-07-10 00:00:00+00:00,601.4515535133805
27651,SORCE,2018-07-11 00:00:00+00:00,601.4510862930956
27651,SORCE,2018-07-12 00:00:00+00:00,601.4502752988747
27651,SORCE,2018-07-13 00:00:00+00:00,601.4492783544715
27651,SORCE,2018-07-14 00:00:00+00:00,601.4482126556741
27651,SORCE,2018-07-15 00:00:00+00:00,601.4471032042793
27651,SORCE,2018-07-16 00:00:00+00:00,601.4459406246988
27651,SORCE,2018-07-17 00:00:00+00:00,601.4448499254804
27651,SORCE,2018-07-18 00:00:00+00:00,601.4438404821703
27651,SORCE,2018-07-19 00:00:00+00:00,601.4429201077046
27651,SORCE,2018-07-20 00:00:00+00:00,601.4420841141837
27651,SORCE,2018-07-21 00:00:00+00:00,601.4413371893424
27651,SORCE,2018-07-22 00:00:00+00:00,601.440462131206
27651,SORCE,2018-07-23 00:00:00+00:00,601.4395870733442
27651,SORCE,2018-07-24 00:00:00+00:00,601.4388370239658
27651,SORCE,2018-07-25 00:00:00+00:00,601.4382244837907
27651,SORCE,2018-07-26 00:00:00+00:00,601.4377275762981
27651,SORCE,2018-07-27 00:00:00+00:00,601.4371025355513
27651,SORCE,2018-07-28 00:00:00+00:00,601.4365212477842
27651,SORCE,2018-07-29 00:00:00+00:00,601.4358493292784
27651,SORCE,2018-07-30 00:00:00+00:00,601.4348867672343
27651,SORCE,2018-07-31 00:00:00+00:00,601.4344336131489
27651,SORCE,2018-08-01 00:00:00+00:00,601.4337945097395
27651,SORCE,2018-08-02 00:00:00+00:00,601.4330194603253
27651,SORCE,2018-08-03 00:00:00+00:00,601.432297539498
27651,SORCE,2018-08-04 00:00:00+00:00,601.4315834318445
27651,SORCE,2018-08-05 00:00:00+00:00,601.4305177397964
27651,SORCE,2018-08-06 00:00:00+00:00,601.4297270653169
27651,SORCE,2018-08-07 00:00:00+00:00,601.429008270532
27651,SORCE,2018-08-08 00:00:00+00:00,601.4279925825622
27651,SORCE,2018-08-09 00:00:00+00:00,601.4274409860359
27651,SORCE,2018-08-10 00:00:00+00:00,601.4265268673607
27651,SORCE,2018-08-11 00:00:00+00:00,601.4256674398039
27651,SORCE,2018-08-12 00:00:00+00:00,601.4244236142677
27651,SORCE,2018-08-13 00:00:00+00:00,601.4230547817015
27651,SORCE,2018-08-14 00:00:00+00:00,601.4222297322822
27651,SORCE,2018-08-15 00:00:00+00:00,601.4214937509478
27651,SORCE,2018-08-16 00:00:00+00:00,601.4198983439555
27651,SORCE,2018-08-17 00:00:00+00:00,601.4187029612885
27651,SORCE,2018-08-18 00:00:00+00:00,601.4174575762249
27651,SORCE,2018-08-19 00:00:00+00:00,601.416354387411
27651,SORCE,2018-08-20 00:00:00+00:00,601.4150293113398
27651,SORCE,2018-08-22 00:00:00+00:00,601.4131620177086
27651,SORCE,2018-08-23 00:00:00+00:00,601.4122010260762
27651,SORCE,2018-08-24 00:00:00+00:00,601.4109025159555
27651,SORCE,2018-08-25 00:00:00+00:00,601.4097055745501
27651,SORCE,2018-08-26 00:00:00+00:00,601.4066038423571
27651,SORCE,2018-08-27 00:00:00+00:00,601.405306897424
27651,SORCE,2018-08-28 00:00:00+00:00,601.4028208275554
27651,SORCE,2018-08-29 00:00:00+00:00,601.401825462679
27651,SORCE,2018-08-30 00:00:00+00:00,601.4009488543452
27651,SORCE,2018-08-31 00:00:00+00:00,601.3994972165565
27651,SORCE,2018-09-01 00:00:00+00:00,601.3984987277063
27651,SORCE,2018-09-02 00:00:00+00:00,601.3974127347537
27651,SORCE,2018-09-03 00:00:00+00:00,601.3965095639624
27651,SORCE,2018-09-04 00:00:00+00:00,601.3956329573075
27651,SORCE,2018-09-05 00:00:00+00:00,601.3945407151541
27651,SORCE,2018-09-06 00:00:00+00:00,601.3934469108608
27651,SORCE,2018-09-07 00:00:00+00:00,601.3923906088366
27651,SORCE,2018-09-08 00:00:00+00:00,601.3913249317548
27651,SORCE,2018-09-09 00:00:00+00:00,601.3902483170527
27651,SORCE,2018-09-10 00:00:00+00:00,601.3892592069578
27651,SORCE,2018-09-11 00:00:00+00:00,601.3877231962424
27651,SORCE,2018-09-12 00:00:00+00:00,601.3860715559567
27651,SORCE,2018-09-13 00:00:00+00:00,601.3845996124578
27651,SORCE,2018-09-14 00:00:00+00:00,601.3831432954494
27651,SORCE,2018-09-15 00:00:00+00:00,601.3819057391293
27651,SORCE,2018-09-16 00:00:00+00:00,601.3804744246308
27651,SORCE,2018-09-17 00:00:00+00:00,601.3793915638371
27651,SORCE,2018-09-18 00:00:00+00:00,601.3783446425336
27651,SORCE,2018-09-19 00:00:00+00:00,601.3770789620894
27651,SORCE,2018-09-20 00:00:00+00:00,601.3761117326048
27651,SORCE,2018-09-22 00:00:00+00:00,601.3741866500441
27651,SORCE,2018-09-23 00:00:00+00:00,601.3715318508757
27651,SORCE,2018-09-24 00:00:00+00:00,601.3708896367261
27651,SORCE,2018-09-25 00:00:00+00:00,601.3697395893951
27651,SORCE,2018-09-26 00:00:00+00:00,601.3685645415235
27651,SORCE,2018-09-27 00:00:00+00:00,601.3673613680212
27651,SORCE,2018-09-28 00:00:00+00:00,601.3662160098406
27651,SORCE,2018-09-29 00:00:00+00:00,601.3648831447558
27651,SORCE,2018-09-30 00:00:00+00:00,601.3630143221576
27651,SORCE,2018-10-01 00:00:00+00:00,601.3618392770559
27651,SORCE,2018-10-02 00:00:00+00:00,601.3599126417971
27651,SORCE,2018-10-03 00:00:00+00:00,601.3585969678702
27651,SORCE,2018-10-04 00:00:00+00:00,601.3569828461532
27651,SORCE,2018-10-05 00:00:00+00:00,601.3553749756206
27651,SORCE,2018-10-06 00:00:00+00:00,601.3537921068951
27651,SORCE,2018-10-07 00:00:00+00:00,601.351760786054
27651,SORCE,2018-10-08 00:00:00+00:00,601.3501138547035
27651,SORCE,2018-10-09 00:00:00+00:00,601.3490716320998
27651,SORCE,2018-10-10 00:00:00+00:00,601.3475918953222
27651,SORCE,2018-10-11 00:00:00+00:00,601.3455574539021
27651,SORCE,2018-10-12 00:00:00+00:00,601.3440636561181
27651,SORCE,2018-10-13 00:00:00+00:00,601.341594828732
27651,SORCE,2018-10-14 00:00:00+00:00,601.3404166677319
27651,SORCE,2018-10-15 00:00:00+00:00,601.3384416081776
27651,SORCE,2018-10-16 00:00:00+00:00,601.3368743745077
27651,SORCE,2018-10-17 00:00:00+00:00,601.33571496592
27651,SORCE,2018-10-18 00:00:00+00:00,601.3343446143417
27651,SORCE,2018-10-19 00:00:00+00:00,601.3334711522944
27651,SORCE,2018-10-20 00:00:00+00:00,601.3327164437833
27651,SORCE,2018-10-21 00:00:00+00:00,601.3314085953843
27651,SORCE,2018-10-22 00:00:00+00:00,601.3300944974185
27651,SORCE,2018-10-23 00:00:00+00:00,601.3288444642667
27651,SORCE,2018-10-24 00:00:00+00:00,601.3273866138061
27651,SORCE,2018-10-25 00:00:00+00:00,601.3258568872761
27651,SORCE,2018-10-26 00:00:00+00:00,601.324791235591
27651,SORCE,2018-10-27 00:00:00+00:00,601.3235912060354
27651,SORCE,2018-10-28 00:00:00+00:00,601.3223427383236
27651,SORCE,2018-10-29 00:00:00+00:00,601.3211114590745
27651,SORCE,2018-10-30 00:00:00+00:00,601.3201067481104
27651,SORCE,2018-10-31 00:00:00+00:00,601.3188379690014
27651,SORCE,2018-11-01 00:00:00+00:00,601.317522314419
27651,SORCE,2018-11-02 00:00:00+00:00,601.316272286891
27651,SORCE,2018-11-03 00:00:00+00:00,601.3150316351212
27651,SORCE,2018-11-04 00:00:00+00:00,601.3140409891594
27651,SORCE,2018-11-05 00:00:00+00:00,601.3124722066909
27651,SORCE,2018-11-06 00:00:00+00:00,601.3101955985385
27651,SORCE,2018-11-07 00:00:00+00:00,601.3082189979559
27651,SORCE,2018-11-08 00:00:00+00:00,601.3065220913732
27651,SORCE,2018-11-09 00:00:00+00:00,601.3050658150933
27651,SORCE,2018-11-10 00:00:00+00:00,601.3032392207256
27651,SORCE,2018-11-11 00:00:00+00:00,601.3016110683025
27651,SORCE,2018-11-12 00:00:00+00:00,601.2999907294552
27651,SORCE,2018-11-13 00:00:00+00:00,601.298451642796
27651,SORCE,2018-11-14 00:00:00+00:00,601.2972281867033
27651,SORCE,2018-11-15 00:00:00+00:00,601.2958531664481
27651,SORCE,2018-11-16 00:00:00+00:00,601.2947156502023
27651,SORCE,2018-11-17 00:00:00+00:00,601.2934515702154
27651,SORCE,2018-11-18 00:00:00+00:00,601.2925499955554
27651,SORCE,2018-11-19 00:00:00+00:00,601.2913468548113
27651,SORCE,2018-11-20 00:00:00+00:00,601.2899499621817
27651,SORCE,2018-11-21 00:00:00+00:00,601.2887108846285
27651,SORCE,2018-11-22 00:00:00+00:00,601.2870843032365
27651,SORCE,2018-11-23 00:00:00+00:00,601.2858608521201
27651,SORCE,2018-11-24 00:00:00+00:00,601.2845639632737
27651,SORCE,2018-11-25 00:00:00+00:00,601.2834561394266
27651,SORCE,2018-11-26 00:00:00+00:00,601.2827405073058
27651,SORCE,2018-11-27 00:00:00+00:00,601.2815717461103
27651,SORCE,2018-11-28 00:00:00+00:00,601.2802529840797
27651,SORCE,2018-11-29 00:00:00+00:00,601.2792201625898
27651,SORCE,2018-11-30 00:00:00+00:00,601.2778857765302
27651,SORCE,2018-12-01 00:00:00+00:00,601.2763873273498
27651,SORCE,2018-12-02 00:00:00+00:00,601.275543571137
27651,SORCE,2018-12-03 00:00:00+00:00,601.2747904408097
27651,SORCE,2018-12-04 00:00:00+00:00,601.2736966834318
27651,SORCE,2018-12-05 00:00:00+00:00,601.2723279248039
27651,SORCE,2018-12-06 00:00:00+00:00,601.2715951080363
27651,SORCE,2018-12-07 00:00:00+00:00,601.2703810387275
27651,SORCE,2018-12-08 00:00:00+00:00,601.269196657664
27651,SORCE,2018-12-09 00:00:00+00:00,601.2681607151771
27651,SORCE,2018-12-10 00:00:00+00:00,601.2668778971056
27651,SORCE,2018-12-11 00:00:00+00:00,601.2660872689712
27651,SORCE,2018-12-12 00:00:00+00:00,601.2654810167187
27651,SORCE,2018-12-13 00:00:00+00:00,601.2649091397152
27651,SORCE,2018-12-14 00:00:00+00:00,601.264146637227
27651,SORCE,2018-12-15 00:00:00+00:00,601.263062259045
27651,SORCE,2018-12-16 00:00:00+00:00,601.2623497571858
27651,SORCE,2018-12-17 00:00:00+00:00,601.2613778799387
27651,SORCE,2018-12-18 00:00:00+00:00,601.2606997535713
27651,SORCE,2018-12-19 00:00:00+00:00,601.2595700641814
27651,SORCE,2018-12-20 00:00:00+00:00,601.2579075621907
27651,SORCE,2018-12-21 00:00:00+00:00,601.2567606863945
27651,SORCE,2018-12-22 00:00:00+00:00,601.2554825610732
27651,SORCE,2018-12-23 00:00:00+00:00,601.2542528738104
27651,SORCE,2018-12-24 00:00:00+00:00,601.2531184995123
27651,SORCE,2018-12-25 00:00:00+00:00,601.2521153755179
27651,SORCE,2018-12-26 00:00:00+00:00,601.2512263142116
27651,SORCE,2018-12-27 00:00:00+00:00,601.2500153787887
27651,SORCE,2018-12-28 00:00:00+00:00,601.2483247575701
27651,SORCE,2018-12-29 00:00:00+00:00,601.2468935115712
27651,SORCE,2018-12-30 00:00:00+00:00,601.2454528913413
27651,SORCE,2018-12-31 00:00:00+00:00,601.2439341471718
27651,SORCE,2019-01-01 00:00:00+00:00,601.2424716535688
27651,SORCE,2019-01-02 00:00:00+00:00,601.2414169711583
27651,SORCE,2019-01-03 00:00:00+00:00,601.2398529169386
27651,SORCE,2019-01-04 00:00:00+00:00,601.2391779207819
27651,SORCE,2019-01-05 00:00:00+00:00,601.2378716786843
27651,SORCE,2019-01-06 00:00:00+00:00,601.2368451228444
27651,SORCE,2019-01-07 00:00:00+00:00,601.2355388818278
27651,SORCE,2019-01-08 00:00:00+00:00,601.2343326406763
27651,SORCE,2019-01-09 00:00:00+00:00,601.2330092134775
27651,SORCE,2019-01-10 00:00:00+00:00,601.2316623496263
27651,SORCE,2019-01-11 00:00:00+00:00,601.2309373558701
27651,SORCE,2019-01-12 00:00:00+00:00,601.2299904893334
27651,SORCE,2019-01-13 00:00:00+00:00,601.2291217473785
27651,SORCE,2019-01-14 00:00:00+00:00,601.227631136815
27651,SORCE,2019-01-15 00:00:00+00:00,601.2272030161166
27651,SORCE,2019-01-16 00:00:00+00:00,601.2262561508387
27651,SORCE,2019-01-17 00:00:00+00:00,601.2252483490497
27651,SORCE,2019-01-18 00:00:00+00:00,601.2243749211211
27651,SORCE,2019-01-19 00:00:00+00:00,601.2233483702216
27651,SORCE,2019-01-20 00:00:00+00:00,601.2223202572231
27651,SORCE,2019-01-21 00:00:00+00:00,601.2210499600806
27651,SORCE,2019-01-22 00:00:00+00:00,601.2197515388525
27651,SORCE,2019-01-23 00:00:00+00:00,601.2192374829665
27651,SORCE,2019-01-24 00:00:00+00:00,601.2181406223963
27651,SORCE,2019-01-25 00:00:00+00:00,601.2162125238056
27651,SORCE,2019-01-26 00:00:00+00:00,601.2154906590617
27651,SORCE,2019-01-27 00:00:00+00:00,601.2146375463644
27651,SORCE,2019-01-28 00:00:00+00:00,601.2130891319416
27651,SORCE,2019-01-29 00:00:00+00:00,601.2116469666507
33591,NOAA 19,2017-12-02 00:00:00+00:00,851.7376536219735
33591,NOAA 19,2017-12-03 00:00:00+00:00,851.7369232457659
33591,NOAA 19,2017-12-04 00:00:00+00:00,851.7357184667317
33591,NOAA 19,2017-12-05 00:00:00+00:00,851.7349027667524
33591,NOAA 19,2017-12-06 00:00:00+00:00,851.7339368963712
33591,NOAA 19,2017-12-07 00:00:00+00:00,851.7331109579973
33591,NOAA 19,2017-12-08 00:00:00+00:00,851.732363518101
33591,NOAA 19,2017-12-09 00:00:00+00:00,851.7313976485675
33591,NOAA 19,2017-12-10 00:00:00+00:00,851.7303498682022
33591,NOAA 19,2017-12-11 00:00:00+00:00,851.7291723956059
33591,NOAA 19,2017-12-12 00:00:00+00:00,851.7280256401473
33591,NOAA 19,2017-12-13 00:00:00+00:00,851.7269130147488
33591,NOAA 19,2017-12-14 00:00:00+00:00,851.72588400729
33591,NOAA 19,2017-12-15 00:00:00+00:00,851.7250597776901
33591,NOAA 19,2017-12-16 00:00:00+00:00,851.7240768458096
33591,NOAA 19,2017-12-17 00:00:00+00:00,851.7231348697369
33591,NOAA 19,2017-12-18 00:00:00+00:00,851.7221894810173
33591,NOAA 19,2017-12-19 00:00:00+00:00,851.7214864123498
33591,NOAA 19,2017-12-20 00:00:00+00:00,851.7206246415221
33591,NOAA 19,2017-12-21 00:00:00+00:00,851.7193328390081
33591,NOAA 19,2017-12-22 00:00:00+00:00,851.7182185104807
33591,NOAA 19,2017-12-23 00:00:00+00:00,851.7173055463763
33591,NOAA 19,2017-12-24 00:00:00+00:00,851.7160717654601
33591,NOAA 19,2017-12-25 00:00:00+00:00,851.7151366178832
33591,NOAA 19,2017-12-26 00:00:00+00:00,851.7143874761559
33591,NOAA 19,2017-12-27 00:00:00+00:00,851.7133311695966
33591,NOAA 19,2017-12-28 00:00:00+00:00,851.7123380028734
33591,NOAA 19,2017-12-29 00:00:00+00:00,851.7112407417558
33591,NOAA 19,2017-12-30 00:00:00+00:00,851.7100462122357
33591,NOAA 19,2017-12-31 00:00:00+00:00,851.70912130542
33591,NOAA 19,2018-01-01 00:00:00+00:00,851.7082271153604
33591,NOAA 19,2018-01-02 00:00:00+00:00,851.7075598859337
33591,NOAA 19,2018-01-03 00:00:00+00:00,851.7065991440895
33591,NOAA 19,2018-01-04 00:00:00+00:00,851.7059131438973
33591,NOAA 19,2018-01-05 00:00:00+00:00,851.7049438702634
33591,NOAA 19,2018-01-06 00:00:00+00:00,851.7040019004235
33591,NOAA 19,2018-01-07 00:00:00+00:00,851.7031230701377
33591,NOAA 19,2018-01-08 00:00:00+00:00,851.7019746185424
33591,NOAA 19,2018-01-09 00:00:00+00:00,851.7008227544775
33591,NOAA 19,2018-01-10 00:00:00+00:00,851.6999609898057
33591,NOAA 19,2018-01-11 00:00:00+00:00,851.6991043447856
33591,NOAA 19,2018-01-12 00:00:00+00:00,851.6982084513602
33591,NOAA 19,2018-01-13 00:00:00+00:00,851.6973432745426
33591,NOAA 19,2018-01-14 00:00:00+00:00,851.6962647901933
33591,NOAA 19,2018-01-15 00:00:00+00:00,851.6951828933197
33591,NOAA 19,2018-01-16 00:00:00+00:00,851.6941487777631
33591,NOAA 19,2018-01-17 00:00:00+00:00,851.693457661142
33591,NOAA 19,2018-01-18 00:00:00+00:00,851.6926283214052
33591,NOAA 19,2018-01-19 00:00:00+00:00,851.6915856744627
33591,NOAA 19,2018-01-20 00:00:00+00:00,851.6910191299685
33591,NOAA 19,2018-01-21 00:00:00+00:00,851.6901385971742
33591,NOAA 19,2018-01-22 00:00:00+00:00,851.6893075519365
33591,NOAA 19,2018-01-23 00:00:00+00:00,851.6883553484404
33591,NOAA 19,2018-01-24 00:00:00+00:00,851.6873417128127
33591,NOAA 19,2018-01-25 00:00:00+00:00,851.6861352479727
33591,NOAA 19,2018-01-26 00:00:00+00:00,851.6851130808377
33591,NOAA 19,2018-01-27 00:00:00+00:00,851.6842291369303
33591,NOAA 19,2018-01-28 00:00:00+00:00,851.6834032127535
33591,NOAA 19,2018-01-29 00:00:00+00:00,851.6827138051499
33591,NOAA 19,2018-01-30 00:00:00+00:00,851.6819424879272
33591,NOAA 19,2018-01-31 00:00:00+00:00,851.6810636643481
33591,NOAA 19,2018-02-01 00:00:00+00:00,851.6801285280999
33591,NOAA 19,2018-02-02 00:00:00+00:00,851.679195098603
33591,NOAA 19,2018-02-03 00:00:00+00:00,851.6782923855353
33591,NOAA 19,2018-02-04 00:00:00+00:00,851.6774391598369
33591,NOAA 19,2018-02-05 00:00:00+00:00,851.676591053737
33591,NOAA 19,2018-02-06 00:00:00+00:00,851.6758521607003
33591,NOAA 19,2018-02-07 00:00:00+00:00,851.6750962033543
33591,NOAA 19,2018-02-08 00:00:00+00:00,851.6739716531738
33591,NOAA 19,2018-02-09 00:00:00+00:00,851.6731952189402
33591,NOAA 19,2018-02-10 00:00:00+00:00,851.6722242498254
33591,NOAA 19,2018-02-11 00:00:00+00:00,851.6711628393218
33591,NOAA 19,2018-02-12 00:00:00+00:00,851.6702481836319
33591,NOAA 19,2018-02-13 00:00:00+00:00,851.6693301153391
33591,NOAA 19,2018-02-14 00:00:00+00:00,851.6685485630105
33591,NOAA 19,2018-02-15 00:00:00+00:00,851.667843800938
33591,NOAA 19,2018-02-16 00:00:00+00:00,851.6671748743852
33591,NOAA 19,2018-02-17 00:00:00+00:00,851.6664018548618
33591,NOAA 19,2018-02-18 00:00:00+00:00,851.6655025586756
33591,NOAA 19,2018-02-19 00:00:00+00:00,851.6645708403485
33591,NOAA 19,2018-02-20 00:00:00+00:00,851.6633166045985
33591,NOAA 19,2018-02-21 00:00:00+00:00,851.6624702090849
33591,NOAA 19,2018-02-22 00:00:00+00:00,851.6617023101521
33591,NOAA 19,2018-02-23 00:00:00+00:00,851.6608388506966
33591,NOAA 19,2018-02-24 00:00:00+00:00,851.6601665128755
33591,NOAA 19,2018-02-25 00:00:00+00:00,851.6591938416973
33591,NOAA 19,2018-02-26 00:00:00+00:00,851.6583099057152
33591,NOAA 19,2018-02-27 00:00:00+00:00,851.6575044662095
33591,NOAA 19,2018-02-28 00:00:00+00:00,851.6562877751853
33591,NOAA 19,2018-03-01 00:00:00+00:00,851.6555352358255
33591,NOAA 19,2018-03-02 00:00:00+00:00,851.6545915756456
33591,NOAA 19,2018-03-03 00:00:00+00:00,851.6539533680261
33591,NOAA 19,2018-03-04 00:00:00+00:00,851.653194003532
33591,NOAA 19,2018-03-05 00:00:00+00:00,851.6524397585458
33591,NOAA 19,2018-03-06 00:00:00+00:00,851.651578008295
33591,NOAA 19,2018-03-07 00:00:00+00:00,851.6507264969109
33591,NOAA 19,2018-03-08 00:00:00+00:00,851.6498664535984
33591,NOAA 19,2018-03-09 00:00:00+00:00,851.6486787751714
33591,NOAA 19,2018-03-10 00:00:00+00:00,851.6476924563835
33591,NOAA 19,2018-03-11 00:00:00+00:00,851.6469313870939
33591,NOAA 19,2018-03-12 00:00:00+00:00,851.6460747577812
33591,NOAA 19,2018-03-13 00:00:00+00:00,851.6452761474156
33591,NOAA 19,2018-03-14 00:00:00+00:00,851.6443495548992
33591,NOAA 19,2018-03-15 00:00:00+00:00,851.6433205768117
33591,NOAA 19,2018-03-16 00:00:00+00:00,851.6425902244246
33591,NOAA 19,2018-03-17 00:00:00+00:00,851.6416448620348
33591,NOAA 19,2018-03-18 00:00:00+00:00,851.6404810769977
33591,NOAA 19,2018-03-19 00:00:00+00:00,851.6395357152878
33591,NOAA 19,2018-03-20 00:00:00+00:00,851.6388224281436
33591,NOAA 19,2018-03-21 00:00:00+00:00,851.6380750126182
33591,NOAA 19,2018-03-22 00:00:00+00:00,851.6372627530418
33591,NOAA 19,2018-03-23 00:00:00+00:00,851.6363037409783
33591,NOAA 19,2018-03-24 00:00:00+00:00,851.6352355179488
33591,NOAA 19,2018-03-25 00:00:00+00:00,851.6341434053575
33591,NOAA 19,2018-03-26 00:00:00+00:00,851.6328908892488
33591,NOAA 19,2018-03-27 00:00:00+00:00,851.6319062822686
33591,NOAA 19,2018-03-28 00:00:00+00:00,851.63105136382
33591,NOAA 19,2018-03-29 00:00:00+00:00,851.6302459319086
33591,NOAA 19,2018-03-30 00:00:00+00:00,851.6295974911268
33591,NOAA 19,2018-03-31 00:00:00+00:00,851.6288739678994
33591,NOAA 19,2018-04-01 00:00:00+00:00,851.6280036925591
33591,NOAA 19,2018-04-02 00:00:00+00:00,851.627112940424
33591,NOAA 19,2018-04-03 00:00:00+00:00,851.6261607574088
33591,NOAA 19,2018-04-04 00:00:00+00:00,851.6248707035147
33591,NOAA 19,2018-04-05 00:00:00+00:00,851.624136942939
33591,NOAA 19,2018-04-06 00:00:00+00:00,851.6231847609047
33591,NOAA 19,2018-04-07 00:00:00+00:00,851.6224783034686
33591,NOAA 19,2018-04-08 00:00:00+00:00,851.6216899381279
33591,NOAA 19,2018-04-09 00:00:00+00:00,851.6207309312285
33591,NOAA 19,2018-04-10 00:00:00+00:00,851.6197480348073
33591,NOAA 19,2018-04-11 00:00:00+00:00,851.618533066081
33591,NOAA 19,2018-04-12 00:00:00+00:00,851.6174341341348
33591,NOAA 19,2018-04-13 00:00:00+00:00,851.6162942486485
33591,NOAA 19,2018-04-14 00:00:00+00:00,851.6156219211844
33591,NOAA 19,2018-04-15 00:00:00+00:00,851.6147379985177
33591,NOAA 19,2018-04-16 00:00:00+00:00,851.61401106618
33591,NOAA 19,2018-04-17 00:00:00+00:00,851.6132022261891
33591,NOAA 19,2018-04-18 00:00:00+00:00,851.6122978273115
33591,NOAA 19,2018-04-19 00:00:00+00:00,851.6113763645935
33591,NOAA 19,2018-04-20 00:00:00+00:00,851.6102706097199
33591,NOAA 19,2018-04-21 00:00:00+00:00,851.609127314231
33591,NOAA 19,2018-04-22 00:00:00+00:00,851.6080659268819
33591,NOAA 19,2018-04-23 00:00:00+00:00,851.607202483442
33591,NOAA 19,2018-04-24 00:00:00+00:00,851.606260545439
33591,NOAA 19,2018-04-25 00:00:00+00:00,851.6052554706289
33591,NOAA 19,2018-04-26 00:00:00+00:00,851.6044756420188
33591,NOAA 19,2018-04-27 00:00:00+00:00,851.6035951355761
33591,NOAA 19,2018-04-28 00:00:00+00:00,851.6027146294
33591,NOAA 19,2018-04-29 00:00:00+00:00,851.6017078494106
33591,NOAA 19,2018-04-30 00:00:00+00:00,851.6007625003849
33591,NOAA 19,2018-05-01 00:00:00+00:00,851.5998512797769
33591,NOAA 19,2018-05-02 00:00:00+00:00,851.5989810131696
33591,NOAA 19,2018-05-03 00:00:00+00:00,851.5982643232223
33591,NOAA 19,2018-05-04 00:00:00+00:00,851.5977387507028
33591,NOAA 19,2018-05-05 00:00:00+00:00,851.596943566492
33591,NOAA 19,2018-05-06 00:00:00+00:00,851.5958139274944
33591,NOAA 19,2018-05-07 00:00:00+00:00,851.5947184169863
33591,NOAA 19,2018-05-08 00:00:00+00:00,851.5936740989437
33591,NOAA 19,2018-05-09 00:00:00+00:00,851.5926673221011
33591,NOAA 19,2018-05-10 00:00:00+00:00,851.5915683999838
33591,NOAA 19,2018-05-11 00:00:00+00:00,851.5905855134743
33591,NOAA 19,2018-05-12 00:00:00+00:00,851.5898654128059
33591,NOAA 19,2018-05-13 00:00:00+00:00,851.5890036812038
33591,NOAA 19,2018-05-14 00:00:00+00:00,851.5880532171313
33591,NOAA 19,2018-05-15 00:00:00+00:00,851.5871539453174
33591,NOAA 19,2018-05-16 00:00:00+00:00,851.5861130427966
33591,NOAA 19,2018-05-17 00:00:00+00:00,851.5850380127281
33591,NOAA 19,2018-05-18 00:00:00+00:00,851.584225768046
33591,NOAA 19,2018-05-19 00:00:00+00:00,851.5833981660289
33591,NOAA 19,2018-05-20 00:00:00+00:00,851.5826917183126
33591,NOAA 19,2018-05-21 00:00:00+00:00,851.5820159858754
33591,NOAA 19,2018-05-22 00:00:00+00:00,851.5810757624768
33591,NOAA 19,2018-05-23 00:00:00+00:00,851.580109943468
33591,NOAA 19,2018-05-24 00:00:00+00:00,851.5791185288863
33591,NOAA 19,2018-05-25 00:00:00+00:00,851.5781237018582
33591,NOAA 19,2018-05-26 00:00:00+00:00,851.5771339943512
33591,NOAA 19,2018-05-27 00:00:00+00:00,851.5765282252642
33591,NOAA 19,2018-05-28 00:00:00+00:00,851.5755624077783
33591,NOAA 19,2018-05-29 00:00:00+00:00,851.5748935025695
33591,NOAA 19,2018-05-30 00:00:00+00:00,851.5743133298097
33591,NOAA 19,2018-05-31 00:00:00+00:00,851.5734857306334
33591,NOAA 19,2018-06-01 00:00:00+00:00,851.5724055860883
33591,NOAA 19,2018-06-02 00:00:00+00:00,851.5714278252549
33591,NOAA 19,2018-06-03 00:00:00+00:00,851.5705319713852
33591,NOAA 19,2018-06-04 00:00:00+00:00,851.569649768885
33591,NOAA 19,2018-06-05 00:00:00+00:00,851.5688801882043
33591,NOAA 19,2018-06-06 00:00:00+00:00,851.5679945734405
33591,NOAA 19,2018-06-07 00:00:00+00:00,851.5671038397873
33591,NOAA 19,2018-06-08 00:00:00+00:00,851.5663820385803
33591,NOAA 19,2018-06-09 00:00:00+00:00,851.5653274924571
33591,NOAA 19,2018-06-10 00:00:00+00:00,851.5643719170175
33591,NOAA 19,2018-06-11 00:00:00+00:00,851.5635118993905
33591,NOAA 19,2018-06-12 00:00:00+00:00,851.5627849799353
33591,NOAA 19,2018-06-13 00:00:00+00:00,851.561926669161
33591,NOAA 19,2018-06-14 00:00:00+00:00,851.5611536777715
33591,NOAA 19,2018-06-15 00:00:00+00:00,851.5604933078062
33591,NOAA 19,2018-06-16 00:00:00+00:00,851.5598858358258
33591,NOAA 19,2018-06-17 00:00:00+00:00,851.5591879257627
33591,NOAA 19,2018-06-18 00:00:00+00:00,851.5581589779745
33591,NOAA 19,2018-06-19 00:00:00+00:00,851.5572887239168
33591,NOAA 19,2018-06-20 00:00:00+00:00,851.5563399766506
33591,NOAA 19,2018-06-21 00:00:00+00:00,851.5553826978066
33591,NOAA 19,2018-06-22 00:00:00+00:00,851.5544646659782
33591,NOAA 19,2018-06-23 00:00:00+00:00,851.5535756428694
33591,NOAA 19,2018-06-24 00:00:00+00:00,851.5528538450385
33591,NOAA 19,2018-06-25 00:00:00+00:00,851.5521235155034
33591,NOAA 19,2018-06-26 00:00:00+00:00,851.5511952464544
33591,NOAA 19,2018-06-27 00:00:00+00:00,851.5503676538947
33591,NOAA 19,2018-06-28 00:00:00+00:00,851.5496031974708
33591,NOAA 19,2018-06-29 00:00:00+00:00,851.5485674275983
33591,NOAA 19,2018-06-30 00:00:00+00:00,851.5477415421656
33591,NOAA 19,2018-07-01 00:00:00+00:00,851.5469071250909
33591,NOAA 19,2018-07-02 00:00:00+00:00,851.5463525535529
33591,NOAA 19,2018-07-03 00:00:00+00:00,851.5456205192845
33591,NOAA 19,2018-07-04 00:00:00+00:00,851.5449413827655
33591,NOAA 19,2018-07-05 00:00:00+00:00,851.544066013566
33591,NOAA 19,2018-07-06 00:00:00+00:00,851.5431531044487
33591,NOAA 19,2018-07-07 00:00:00+00:00,851.5420405501764
33591,NOAA 19,2018-07-08 00:00:00+00:00,851.540905813511
33591,NOAA 19,2018-07-09 00:00:00+00:00,851.5404007278603
33591,NOAA 19,2018-07-10 00:00:00+00:00,851.5396294485936
33591,NOAA 19,2018-07-11 00:00:00+00:00,851.5388393994726
33591,NOAA 19,2018-07-12 00:00:00+00:00,851.5383462587633
33591,NOAA 19,2018-07-13 00:00:00+00:00,851.5375340271976
33591,NOAA 19,2018-07-14 00:00:00+00:00,851.536834416158
33591,NOAA 19,2018-07-15 00:00:00+00:00,851.5359163902212
33591,NOAA 19,2018-07-16 00:00:00+00:00,851.5349062207533
33591,NOAA 19,2018-07-17 00:00:00+00:00,851.5339711317629
33591,NOAA 19,2018-07-18 00:00:00+00:00,851.5332954107098
33591,NOAA 19,2018-07-19 00:00:00+00:00,851.5325070696817
33591,NOAA 19,2018-07-20 00:00:00+00:00,851.5317460307115
33591,NOAA 19,2018-07-21 00:00:00+00:00,851.5309201500813
33591,NOAA 19,2018-07-22 00:00:00+00:00,851.5300157769343
33591,NOAA 19,2018-07-23 00:00:00+00:00,851.5287871950004
33591,NOAA 19,2018-07-24 00:00:00+00:00,851.5279766724852
33591,NOAA 19,2018-07-25 00:00:00+00:00,851.5269511485258
33591,NOAA 19,2018-07-26 00:00:00+00:00,851.52615598378
33591,NOAA 19,2018-07-27 00:00:00+00:00,851.5253983592029
33591,NOAA 19,2018-07-28 00:00:00+00:00,851.5249359352924
33591,NOAA 19,2018-07-29 00:00:00+00:00,851.5242841054041
33591,NOAA 19,2018-07-30 00:00:00+00:00,851.5235623148819
33591,NOAA 19,2018-07-31 00:00:00+00:00,851.5227637383468
33591,NOAA 19,2018-08-01 00:00:00+00:00,851.5217706370713
33591,NOAA 19,2018-08-02 00:00:00+00:00,851.5208321396108
33591,NOAA 19,2018-08-03 00:00:00+00:00,851.5199055869634
33591,NOAA 19,2018-08-04 00:00:00+00:00,851.5190472889171
33591,NOAA 19,2018-08-05 00:00:00+00:00,851.5184159366372
33591,NOAA 19,2018-08-06 00:00:00+00:00,851.5176139488103
33591,NOAA 19,2018-08-07 00:00:00+00:00,851.5168699773221
33591,NOAA 19,2018-08-08 00:00:00+00:00,851.5160406882287
33591,NOAA 19,2018-08-09 00:00:00+00:00,851.5151158434719
33591,NOAA 19,2018-08-10 00:00:00+00:00,851.5142080625583
33591,NOAA 19,2018-08-11 00:00:00+00:00,851.5133429407915
33591,NOAA 19,2018-08-12 00:00:00+00:00,851.5125409543712
33591,NOAA 19,2018-08-13 00:00:00+00:00,851.5116144043759
33591,NOAA 19,2018-08-14 00:00:00+00:00,851.5110803158441
33591,NOAA 19,2018-08-15 00:00:00+00:00,851.5104557907221
33591,NOAA 19,2018-08-16 00:00:00+00:00,851.509607733592
33591,NOAA 19,2018-08-17 00:00:00+00:00,851.5087579703627
33591,NOAA 19,2018-08-18 00:00:00+00:00,851.5079167391364
33591,NOAA 19,2018-08-19 00:00:00+00:00,851.507017492233
33591,NOAA 19,2018-08-20 00:00:00+00:00,851.5057616184695
33591,NOAA 19,2018-08-22 00:00:00+00:00,851.5041235230792
33591,NOAA 19,2018-08-23 00:00:00+00:00,851.5037788406262
33591,NOAA 19,2018-08-24 00:00:00+00:00,851.5029427298991
33591,NOAA 19,2018-08-25 00:00:00+00:00,851.5020639607183
33591,NOAA 19,2018-08-26 00:00:00+00:00,851.500963366675
33591,NOAA 19,2018-08-27 00:00:00+00:00,851.5003098358425
33591,NOAA 19,2018-08-28 00:00:00+00:00,851.4995317418852
33591,NOAA 19,2018-08-29 00:00:00+00:00,851.4987707115929
33591,NOAA 19,2018-08-30 00:00:00+00:00,851.498071109927
33591,NOAA 19,2018-08-31 00:00:00+00:00,851.4973015482938
33591,NOAA 19,2018-09-01 00:00:00+00:00,851.4965319868675
33591,NOAA 19,2018-09-02 00:00:00+00:00,851.4957487748925
33591,NOAA 19,2018-09-03 00:00:00+00:00,851.4950662373949
33591,NOAA 19,2018-09-04 00:00:00+00:00,851.4940373124296
33591,NOAA 19,2018-09-05 00:00:00+00:00,851.4932302123307
33591,NOAA 19,2018-09-06 00:00:00+00:00,851.4923463270743
33591,NOAA 19,2018-09-07 00:00:00+00:00,851.4916228381844
33591,NOAA 19,2018-09-08 00:00:00+00:00,851.4908720480244
33591,NOAA 19,2018-09-09 00:00:00+00:00,851.4903669711116
33591,NOAA 19,2018-09-10 00:00:00+00:00,851.489826061139
33591,NOAA 19,2018-09-11 00:00:00+00:00,851.489196421584
33591,NOAA 19,2018-09-12 00:00:00+00:00,851.4884814651818
33591,NOAA 19,2018-09-13 00:00:00+00:00,851.4879542062745
33591,NOAA 19,2018-09-14 00:00:00+00:00,851.487000362742
33591,NOAA 19,2018-09-15 00:00:00+00:00,851.4862922322345
33591,NOAA 19,2018-09-16 00:00:00+00:00,851.4857496166842
33591,NOAA 19,2018-09-17 00:00:00+00:00,851.485241127994
33591,NOAA 19,2018-09-18 00:00:00+00:00,851.4847377584047
33591,NOAA 19,2018-09-19 00:00:00+00:00,851.4840449854864
33591,NOAA 19,2018-09-20 00:00:00+00:00,851.4834016964933
33591,NOAA 19,2018-09-21 00:00:00+00:00,851.4825348776021
33591,NOAA 19,2018-09-22 00:00:00+00:00,851.4820246831437
33591,NOAA 19,2018-09-23 00:00:00+00:00,851.4811783406903
33591,NOAA 19,2018-09-24 00:00:00+00:00,851.4805708853696
33591,NOAA 19,2018-09-25 00:00:00+00:00,851.4800504532432
33591,NOAA 19,2018-09-26 00:00:00+00:00,851.479753551027
33591,NOAA 19,2018-09-27 00:00:00+00:00,851.4792621267316
33591,NOAA 19,2018-09-28 00:00:00+00:00,851.4787160998367
33591,NOAA 19,2018-09-29 00:00:00+00:00,851.4781120577027
33591,NOAA 19,2018-09-30 00:00:00+00:00,851.477378334374
33591,NOAA 19,2018-10-01 00:00:00+00:00,851.4765200489546
33591,NOAA 19,2018-10-02 00:00:00+00:00,851.4758904122923
33591,NOAA 19,2018-10-03 00:00:00+00:00,851.4754467659477
33591,NOAA 19,2018-10-04 00:00:00+00:00,851.4748939144438
33591,NOAA 19,2018-10-05 00:00:00+00:00,851.4743274123994
33591,NOAA 19,2018-10-06 00:00:00+00:00,851.4736636495982
33591,NOAA 19,2018-10-07 00:00:00+00:00,851.4730510768641
33591,NOAA 19,2018-10-08 00:00:00+00:00,851.46718471839
33591,NOAA 19,2018-10-09 00:00:00+00:00,851.4695462769009
33591,NOAA 19,2018-10-10 00:00:00+00:00,851.4701434910721
33591,NOAA 19,2018-10-11 00:00:00+00:00,851.4705359467325
33591,NOAA 19,2018-10-12 00:00:00+00:00,851.4700240480593
33591,NOAA 19,2018-10-13 00:00:00+00:00,851.4696111165281
33591,NOAA 19,2018-10-14 00:00:00+00:00,851.4691367572359
33591,NOAA 19,2018-10-15 00:00:00+00:00,851.4683654969772
33591,NOAA 19,2018-10-16 00:00:00+00:00,851.4678604239953
33591,NOAA 19,2018-10-17 00:00:00+00:00,851.4671369412354
33591,NOAA 19,2018-10-18 00:00:00+00:00,851.4664714737564
33591,NOAA 19,2018-10-19 00:00:00+00:00,851.4656558497245
33591,NOAA 19,2018-10-20 00:00:00+00:00,851.465065460925
33591,NOAA 19,2018-10-21 00:00:00+00:00,851.4646354668466
33591,NOAA 19,2018-10-22 00:00:00+00:00,851.4641457514463
33591,NOAA 19,2018-10-23 00:00:00+00:00,851.4636457981778
33591,NOAA 19,2018-10-24 00:00:00+00:00,851.4630929489322
33591,NOAA 19,2018-10-25 00:00:00+00:00,851.4625042669809
33591,NOAA 19,2018-10-26 00:00:00+00:00,851.4619155851506
33591,NOAA 19,2018-10-27 00:00:00+00:00,851.4612279366684
33591,NOAA 19,2018-10-28 00:00:00+00:00,851.460714333316
33591,NOAA 19,2018-10-29 00:00:00+00:00,851.4601222392039
33591,NOAA 19,2018-10-30 00:00:00+00:00,851.4597383165728
33591,NOAA 19,2018-10-31 00:00:00+00:00,851.4593407434122
33591,NOAA 19,2018-11-01 00:00:00+00:00,851.4586667461226
33591,NOAA 19,2018-11-02 00:00:00+00:00,851.4580541765686
33591,NOAA 19,2018-11-03 00:00:00+00:00,851.45741771864
33591,NOAA 19,2018-11-04 00:00:00+00:00,851.4568290378456
33591,NOAA 19,2018-11-05 00:00:00+00:00,851.456105557841
33591,NOAA 19,2018-11-06 00:00:00+00:00,851.4554196170625
33591,NOAA 19,2018-11-07 00:00:00+00:00,851.4550049812942
33591,NOAA 19,2018-11-08 00:00:00+00:00,851.4545886392693
33591,NOAA 19,2018-11-09 00:00:00+00:00,851.4541467025142
33591,NOAA 19,2018-11-10 00:00:00+00:00,851.4534112789479
33591,NOAA 19,2018-11-11 00:00:00+00:00,851.4528499000703
33591,NOAA 19,2018-11-12 00:00:00+00:00,851.4522748707441
33591,NOAA 19,2018-11-13 00:00:00+00:00,851.4515462729305
33591,NOAA 19,2018-11-14 00:00:00+00:00,851.4507903742146
33591,NOAA 19,2018-11-15 00:00:00+00:00,851.4503364938155
33591,NOAA 19,2018-11-16 00:00:00+00:00,851.4498211860846
33591,NOAA 19,2018-11-17 00:00:00+00:00,851.4493809563737
33591,NOAA 19,2018-11-18 00:00:00+00:00,851.4485277982076
33591,NOAA 19,2018-11-19 00:00:00+00:00,851.4480193160648
33591,NOAA 19,2018-11-20 00:00:00+00:00,851.4473930982394
33591,NOAA 19,2018-11-21 00:00:00+00:00,851.4466064869434
33591,NOAA 19,2018-11-22 00:00:00+00:00,851.4458557084668
33591,NOAA 19,2018-11-23 00:00:00+00:00,851.445267030022
33591,NOAA 19,2018-11-24 00:00:00+00:00,851.4448831093614
33591,NOAA 19,2018-11-25 00:00:00+00:00,851.444398516247
33591,NOAA 19,2018-11-26 00:00:00+00:00,851.4441186808226
33591,NOAA 19,2018-11-27 00:00:00+00:00,851.4434515123316
33591,NOAA 19,2018-11-28 00:00:00+00:00,851.4429123174491
33591,NOAA 19,2018-11-29 00:00:00+00:00,851.4422212608638
33591,NOAA 19,2018-11-30 00:00:00+00:00,851.441390286866
33591,NOAA 19,2018-12-01 00:00:00+00:00,851.4406651044105
33591,NOAA 19,2018-12-02 00:00:00+00:00,851.4400201187582
33591,NOAA 19,2018-12-03 00:00:00+00:00,851.4394672740295
33591,NOAA 19,2018-12-04 00:00:00+00:00,851.4388871284382
33591,NOAA 19,2018-12-05 00:00:00+00:00,851.438479320283
33591,NOAA 19,2018-12-06 00:00:00+00:00,851.438044211226
33591,NOAA 19,2018-12-07 00:00:00+00:00,851.4372456583114
33591,NOAA 19,2018-12-08 00:00:00+00:00,851.4364709939355
33591,NOAA 19,2018-12-09 00:00:00+00:00,851.4357492253325
33591,NOAA 19,2018-12-10 00:00:00+00:00,851.4350479326085
33591,NOAA 19,2018-12-11 00:00:00+00:00,851.4344712005218
33591,NOAA 19,2018-12-12 00:00:00+00:00,851.434056567758
33591,NOAA 19,2018-12-13 00:00:00+00:00,851.433599277374
33591,NOAA 19,2018-12-14 00:00:00+00:00,851.4329184608555
33591,NOAA 19,2018-12-15 00:00:00+00:00,851.4322325255753
33591,NOAA 19,2018-12-16 00:00:00+00:00,851.4314527436268
33591,NOAA 19,2018-12-17 00:00:00+00:00,851.4306047096684
33591,NOAA 19,2018-12-18 00:00:00+00:00,851.4298044524967
33591,NOAA 19,2018-12-19 00:00:00+00:00,851.4291816512286
33591,NOAA 19,2018-12-20 00:00:00+00:00,851.4285281366147
33591,NOAA 19,2018-12-21 00:00:00+00:00,851.4280844975356
33591,NOAA 19,2018-12-22 00:00:00+00:00,851.4276664530807
33591,NOAA 19,2018-12-23 00:00:00+00:00,851.4270538900951
33591,NOAA 19,2018-12-24 00:00:00+00:00,851.426419145299
33591,NOAA 19,2018-12-25 00:00:00+00:00,851.4256547216405
33591,NOAA 19,2018-12-26 00:00:00+00:00,851.4248647036525
33591,NOAA 19,2018-12-27 00:00:00+00:00,851.424306742912
33591,NOAA 19,2018-12-28 00:00:00+00:00,851.4237283066641
33591,NOAA 19,2018-12-29 00:00:00+00:00,851.4232300666845
33591,NOAA 19,2018-12-30 00:00:00+00:00,851.422783015817
33591,NOAA 19,2018-12-31 00:00:00+00:00,851.4222096987769
33591,NOAA 19,2019-01-01 00:00:00+00:00,851.4214691644329
33591,NOAA 19,2019-01-02 00:00:00+00:00,851.4207729940708
33591,NOAA 19,2019-01-03 00:00:00+00:00,851.4197287388442
33591,NOAA 19,2019-01-04 00:00:00+00:00,851.4190189185106
33591,NOAA 19,2019-01-05 00:00:00+00:00,851.4183585810028
33591,NOAA 19,2019-01-06 00:00:00+00:00,851.4178262159894
33591,NOAA 19,2019-01-07 00:00:00+00:00,851.4174969004998
33591,NOAA 19,2019-01-08 00:00:00+00:00,851.4170566757084
33591,NOAA 19,2019-01-09 00:00:00+00:00,851.4164662968315
33591,NOAA 19,2019-01-10 00:00:00+00:00,851.4157684213792
33591,NOAA 19,2019-01-11 00:00:00+00:00,851.4151046720199
33591,NOAA 19,2019-01-12 00:00:00+00:00,851.4143197758021
33591,NOAA 19,2019-01-13 00:00:00+00:00,851.4136184882741
33591,NOAA 19,2019-01-14 00:00:00+00:00,851.4130605297064
33591,NOAA 19,2019-01-15 00:00:00+00:00,851.4125111027197
33591,NOAA 19,2019-01-16 00:00:00+00:00,851.4120077457892
33591,NOAA 19,2019-01-17 00:00:00+00:00,851.4114839134136
33591,NOAA 19,2019-01-18 00:00:00+00:00,851.4107314377648
33591,NOAA 19,2019-01-19 00:00:00+00:00,851.4101837175112
33591,NOAA 19,2019-01-20 00:00:00+00:00,851.4092486688487
33591,NOAA 19,2019-01-21 00:00:00+00:00,851.4086992425882
33591,NOAA 19,2019-01-22 00:00:00+00:00,851.4081071591249
33591,NOAA 19,2019-01-23 00:00:00+00:00,851.4077761384492
33591,NOAA 19,2019-01-24 00:00:00+00:00,851.4071772300076
33591,NOAA 19,2019-01-25 00:00:00+00:00,851.4067574822857
33591,NOAA 19,2019-01-26 00:00:00+00:00,851.4063957485241
33591,NOAA 19,2019-01-27 00:00:00+00:00,851.405730295025
33591,NOAA 19,2019-01-28 00:00:00+00:00,851.4048737371613
33591,NOAA 19,2019-01-29 00:00:00+00:00,851.4041605078951
37849,NPP,2017-12-02 00:00:00+00:00,826.8574694929052
37849,NPP,2017-12-03 00:00:00+00:00,826.8572207919642
37849,NPP,2017-12-04 00:00:00+00:00,826.8570126952745
37849,NPP,2017-12-05 00:00:00+00:00,826.8567013961892
37849,NPP,2017-12-06 00:00:00+00:00,826.8562649007899
37849,NPP,2017-12-07 00:00:00+00:00,826.8559028465179
37849,NPP,2017-12-08 00:00:00+00:00,826.8547456266597
37849,NPP,2017-12-09 00:00:00+00:00,826.854996019194
37849,NPP,2017-12-10 00:00:00+00:00,826.8547287082074
37849,NPP,2017-12-11 00:00:00+00:00,826.8543260499346
37849,NPP,2017-12-12 00:00:00+00:00,826.8537169871088
37849,NPP,2017-12-13 00:00:00+00:00,826.8533684678805
37849,NPP,2017-12-14 00:00:00+00:00,826.8531519122666
37849,NPP,2017-12-15 00:00:00+00:00,826.8529624261164
37849,NPP,2017-12-16 00:00:00+00:00,826.8526375927468
37849,NPP,2017-12-17 00:00:00+00:00,826.8521029712392
37849,NPP,2017-12-18 00:00:00+00:00,826.8517239990906
37849,NPP,2017-12-19 00:00:00+00:00,826.8515463559133
37849,NPP,2017-12-20 00:00:00+00:00,826.8513501025109
37849,NPP,2017-12-21 00:00:00+00:00,826.8509525202298
37849,NPP,2017-12-22 00:00:00+00:00,826.8505633971945
37849,NPP,2017-12-23 00:00:00+00:00,826.8499644861968
37849,NPP,2017-12-24 00:00:00+00:00,826.8494890795332
37849,NPP,2017-12-25 00:00:00+00:00,826.8491608628774
37849,NPP,2017-12-26 00:00:00+00:00,826.8489832198566
37849,NPP,2017-12-27 00:00:00+00:00,826.8484621337302
37849,NPP,2017-12-28 00:00:00+00:00,826.8480493253055
37849,NPP,2017-12-29 00:00:00+00:00,826.8479410476975
37849,NPP,2017-12-30 00:00:00+00:00,826.8476365169417
37849,NPP,2017-12-31 00:00:00+00:00,826.8473319862196
37849,NPP,2018-01-01 00:00:00+00:00,826.8471255820809
37849,NPP,2018-01-02 00:00:00+00:00,826.8466857044577
37849,NPP,2018-01-03 00:00:00+00:00,826.846426853429
37849,NPP,2018-01-04 00:00:00+00:00,826.846107096304
37849,NPP,2018-01-05 00:00:00+00:00,826.845866855525
37849,NPP,2018-01-06 00:00:00+00:00,826.8455234127568
37849,NPP,2018-01-07 00:00:00+00:00,826.8452679455022
37849,NPP,2018-01-08 00:00:00+00:00,826.8447671620761
37849,NPP,2018-01-09 00:00:00+00:00,826.8442985236106
37849,NPP,2018-01-10 00:00:00+00:00,826.844002452417
37849,NPP,2018-01-11 00:00:00+00:00,826.8439009423005
37849,NPP,2018-01-12 00:00:00+00:00,826.8435913364679
37849,NPP,2018-01-13 00:00:00+00:00,826.843186987915
37849,NPP,2018-01-14 00:00:00+00:00,826.8428300107894
37849,NPP,2018-01-15 00:00:00+00:00,826.842645600821
37849,NPP,2018-01-16 00:00:00+00:00,826.8423918256567
37849,NPP,2018-01-17 00:00:00+00:00,826.8422683217518
37849,NPP,2018-01-18 00:00:00+00:00,826.8420043956157
37849,NPP,2018-01-19 00:00:00+00:00,826.8414376312357
37849,NPP,2018-01-20 00:00:00+00:00,826.8412176928514
37849,NPP,2018-01-21 00:00:00+00:00,826.8408488731347
37849,NPP,2018-01-22 00:00:00+00:00,826.8406678469605
37849,NPP,2018-01-23 00:00:00+00:00,826.8403548578117
37849,NPP,2018-01-24 00:00:00+00:00,826.8398286977431
37849,NPP,2018-01-25 00:00:00+00:00,826.8394125068912
37849,NPP,2018-01-26 00:00:00+00:00,826.8391316626908
37849,NPP,2018-01-27 00:00:00+00:00,826.8389793977749
37849,NPP,2018-01-28 00:00:00+00:00,826.8386664088071
37849,NPP,2018-01-29 00:00:00+00:00,826.8383787973517
37849,NPP,2018-01-30 00:00:00+00:00,826.8381554755379
37849,NPP,2018-01-31 00:00:00+00:00,826.8379152354205
37849,NPP,2018-02-01 00:00:00+00:00,826.8376868381447
37849,NPP,2018-02-02 00:00:00+00:00,826.837424604259
37849,NPP,2018-02-03 00:00:00+00:00,826.8370946971468
37849,NPP,2018-02-04 00:00:00+00:00,826.8367191106336
37849,NPP,2018-02-05 00:00:00+00:00,826.836395970925
37849,NPP,2018-02-06 00:00:00+00:00,826.8360694475919
37849,NPP,2018-02-07 00:00:00+00:00,826.8358359749732
37849,NPP,2018-02-08 00:00:00+00:00,826.8353335013535
37849,NPP,2018-02-09 00:00:00+00:00,826.8351287899063
37849,NPP,2018-02-10 00:00:00+00:00,826.8348090340346
37849,NPP,2018-02-11 00:00:00+00:00,826.8346178572629
37849,NPP,2018-02-12 00:00:00+00:00,826.8344402151388
37849,NPP,2018-02-13 00:00:00+00:00,826.8341458367895
37849,NPP,2018-02-14 00:00:00+00:00,826.8337854771235
37849,NPP,2018-02-15 00:00:00+00:00,826.8335046334723
37849,NPP,2018-02-16 00:00:00+00:00,826.8333675953154
37849,NPP,2018-02-17 00:00:00+00:00,826.8331036699929
37849,NPP,2018-02-18 00:00:00+00:00,826.8328397446967
37849,NPP,2018-02-19 00:00:00+00:00,826.8324100202276
37849,NPP,2018-02-20 00:00:00+00:00,826.8318246476229
37849,NPP,2018-02-21 00:00:00+00:00,826.8315539551304
37849,NPP,2018-02-22 00:00:00+00:00,826.8313560112624
37849,NPP,2018-02-23 00:00:00+00:00,826.8311969794468
37849,NPP,2018-02-24 00:00:00+00:00,826.8308670730466
37849,NPP,2018-02-25 00:00:00+00:00,826.8303527575058
37849,NPP,2018-02-26 00:00:00+00:00,826.8300651468803
37849,NPP,2018-02-27 00:00:00+00:00,826.829895964172
37849,NPP,2018-02-28 00:00:00+00:00,826.8296946367623
37849,NPP,2018-03-01 00:00:00+00:00,826.9071086001759
37849,NPP,2018-03-02 00:00:00+00:00,826.9066027303879
37849,NPP,2018-03-03 00:00:00+00:00,826.9060545639018
37849,NPP,2018-03-04 00:00:00+00:00,826.905902295443
37849,NPP,2018-03-05 00:00:00+00:00,826.905700962724
37849,NPP,2018-03-06 00:00:00+00:00,826.9053828908959
37849,NPP,2018-03-07 00:00:00+00:00,826.9049463881233
37849,NPP,2018-03-08 00:00:00+00:00,826.9046181651511
37849,NPP,2018-03-09 00:00:00+00:00,826.9042408779678
37849,NPP,2018-03-10 00:00:00+00:00,826.9039803298997
37849,NPP,2018-03-11 00:00:00+00:00,826.9035996590574
37849,NPP,2018-03-12 00:00:00+00:00,826.9033441866563
37849,NPP,2018-03-13 00:00:00+00:00,826.9030345744359
37849,NPP,2018-03-14 00:00:00+00:00,826.9026894329841
37849,NPP,2018-03-15 00:00:00+00:00,826.9024576468369
37849,NPP,2018-03-16 00:00:00+00:00,826.9022664655758
37849,NPP,2018-03-17 00:00:00+00:00,826.9019906908611
37849,NPP,2018-03-18 00:00:00+00:00,826.9017216836464
37849,NPP,2018-03-19 00:00:00+00:00,826.9011565993933
37849,NPP,2018-03-20 00:00:00+00:00,826.9007437834216
37849,NPP,2018-03-21 00:00:00+00:00,826.9004020259808
37849,NPP,2018-03-22 00:00:00+00:00,826.9001380945224
37849,NPP,2018-03-23 00:00:00+00:00,826.8998064883626
37849,NPP,2018-03-24 00:00:00+00:00,826.8993767539059
37849,NPP,2018-03-25 00:00:00+00:00,826.8989097984277
37849,NPP,2018-03-26 00:00:00+00:00,826.8985968029519
37849,NPP,2018-03-27 00:00:00+00:00,826.8983176448501
37849,NPP,2018-03-28 00:00:00+00:00,826.8980672485168
37849,NPP,2018-03-29 00:00:00+00:00,826.8975935257859
37849,NPP,2018-03-30 00:00:00+00:00,826.8974395659129
37849,NPP,2018-03-31 00:00:00+00:00,826.897251768718
37849,NPP,2018-04-01 00:00:00+00:00,826.8968254183746
37849,NPP,2018-04-02 00:00:00+00:00,826.8966596154814
37849,NPP,2018-04-03 00:00:00+00:00,826.8963719982394
37849,NPP,2018-04-04 00:00:00+00:00,826.8959321131006
37849,NPP,2018-04-05 00:00:00+00:00,826.8952892041716
37849,NPP,2018-04-06 00:00:00+00:00,826.8949440636479
37849,NPP,2018-04-07 00:00:00+00:00,826.8946801326883
37849,NPP,2018-04-08 00:00:00+00:00,826.8943011549413
37849,NPP,2018-04-09 00:00:00+00:00,826.8939340202974
37849,NPP,2018-04-10 00:00:00+00:00,826.8935076704465
37849,NPP,2018-04-11 00:00:00+00:00,826.8931540708127
37849,NPP,2018-04-12 00:00:00+00:00,826.8929408959366
37849,NPP,2018-04-13 00:00:00+00:00,826.892700651254
37849,NPP,2018-04-14 00:00:00+00:00,826.8923250574953
37849,NPP,2018-04-15 00:00:00+00:00,826.8919088590624
37849,NPP,2018-04-16 00:00:00+00:00,826.8917870448977
37849,NPP,2018-04-17 00:00:00+00:00,826.8913979163517
37849,NPP,2018-04-18 00:00:00+00:00,826.890934345894
37849,NPP,2018-04-19 00:00:00+00:00,826.8905621360882
37849,NPP,2018-04-20 00:00:00+00:00,826.8902271473044
37849,NPP,2018-04-21 00:00:00+00:00,826.8897669607586
37849,NPP,2018-04-22 00:00:00+00:00,826.8891375880994
37849,NPP,2018-04-23 00:00:00+00:00,826.8889667100634
37849,NPP,2018-04-24 00:00:00+00:00,826.8886486400816
37849,NPP,2018-04-25 00:00:00+00:00,826.8882984247716
37849,NPP,2018-04-26 00:00:00+00:00,826.8878686920289
37849,NPP,2018-04-27 00:00:00+00:00,826.8876825873185
37849,NPP,2018-04-28 00:00:00+00:00,826.887381436085
37849,NPP,2018-04-29 00:00:00+00:00,826.8871496511701
37849,NPP,2018-04-30 00:00:00+00:00,826.886792668598
37849,NPP,2018-05-01 00:00:00+00:00,826.8864915174581
37849,NPP,2018-05-02 00:00:00+00:00,826.8861429942681
37849,NPP,2018-05-03 00:00:00+00:00,826.8858655292352
37849,NPP,2018-05-04 00:00:00+00:00,826.8854865526464
37849,NPP,2018-05-05 00:00:00+00:00,826.8851752504866
37849,NPP,2018-05-06 00:00:00+00:00,826.8846879949997
37849,NPP,2018-05-07 00:00:00+00:00,826.8842853325405
37849,NPP,2018-05-08 00:00:00+00:00,826.8839909490971
37849,NPP,2018-05-09 00:00:00+00:00,826.8836796470996
37849,NPP,2018-05-10 00:00:00+00:00,826.8832431476148
37849,NPP,2018-05-11 00:00:00+00:00,826.8828641713708
37849,NPP,2018-05-12 00:00:00+00:00,826.8826002415171
37849,NPP,2018-05-13 00:00:00+00:00,826.8823160093934
37849,NPP,2018-05-14 00:00:00+00:00,826.8819302658412
37849,NPP,2018-05-15 00:00:00+00:00,826.8816477256419
37849,NPP,2018-05-16 00:00:00+00:00,826.8812585984651
37849,NPP,2018-05-17 00:00:00+00:00,826.8808407097731
37849,NPP,2018-05-18 00:00:00+00:00,826.8804752687001
37849,NPP,2018-05-19 00:00:00+00:00,826.8801893449277
37849,NPP,2018-05-20 00:00:00+00:00,826.8799000374738
37849,NPP,2018-05-21 00:00:00+00:00,826.8795312128063
37849,NPP,2018-05-22 00:00:00+00:00,826.878989818887
37849,NPP,2018-05-23 00:00:00+00:00,826.8788020228931
37849,NPP,2018-05-24 00:00:00+00:00,826.8785211748564
37849,NPP,2018-05-25 00:00:00+00:00,826.8782640128202
37849,NPP,2018-05-26 00:00:00+00:00,826.8778748861009
37849,NPP,2018-05-27 00:00:00+00:00,826.8776329508182
37849,NPP,2018-05-28 00:00:00+00:00,826.8774350037852
37849,NPP,2018-05-29 00:00:00+00:00,826.8771592314442
37849,NPP,2018-05-30 00:00:00+00:00,826.8768665405842
37849,NPP,2018-05-31 00:00:00+00:00,826.8766229135326
37849,NPP,2018-06-01 00:00:00+00:00,826.8762710078267
37849,NPP,2018-06-02 00:00:00+00:00,826.8757651434521
37849,NPP,2018-06-03 00:00:00+00:00,826.8754589179043
37849,NPP,2018-06-04 00:00:00+00:00,826.8751019367801
37849,NPP,2018-06-05 00:00:00+00:00,826.8748024787151
37849,NPP,2018-06-06 00:00:00+00:00,826.8743981257849
37849,NPP,2018-06-07 00:00:00+00:00,826.8739210232357
37849,NPP,2018-06-08 00:00:00+00:00,826.8737146171939
37849,NPP,2018-06-09 00:00:00+00:00,826.8734845252284
37849,NPP,2018-06-10 00:00:00+00:00,826.8732408984633
37849,NPP,2018-06-11 00:00:00+00:00,826.872963434671
37849,NPP,2018-06-12 00:00:00+00:00,826.8726944301684
37849,NPP,2018-06-13 00:00:00+00:00,826.8725134019933
37849,NPP,2018-06-14 00:00:00+00:00,826.8721953338272
37849,NPP,2018-06-15 00:00:00+00:00,826.8719720093909
37849,NPP,2018-06-16 00:00:00+00:00,826.871638714621
37849,NPP,2018-06-17 00:00:00+00:00,826.8713883206055
37849,NPP,2018-06-18 00:00:00+00:00,826.8709078348543
37849,NPP,2018-06-19 00:00:00+00:00,826.8705914587149
37849,NPP,2018-06-20 00:00:00+00:00,826.8704391921374
37849,NPP,2018-06-21 00:00:00+00:00,826.8701278916042
37849,NPP,2018-06-22 00:00:00+00:00,826.8697929051964
37849,NPP,2018-06-23 00:00:00+00:00,826.8692515131083
37849,NPP,2018-06-24 00:00:00+00:00,826.869144926547
37849,NPP,2018-06-25 00:00:00+00:00,826.8690315725976
37849,NPP,2018-06-26 00:00:00+00:00,826.8687321151615
37849,NPP,2018-06-27 00:00:00+00:00,826.8684225066613
37849,NPP,2018-06-28 00:00:00+00:00,826.868129816688
37849,NPP,2018-06-29 00:00:00+00:00,826.8678625044854
37849,NPP,2018-06-30 00:00:00+00:00,826.8676222618919
37849,NPP,2018-07-01 00:00:00+00:00,826.8674141644524
37849,NPP,2018-07-02 00:00:00+00:00,826.8670893294525
37849,NPP,2018-07-03 00:00:00+00:00,826.8667340412144
37849,NPP,2018-07-04 00:00:00+00:00,826.8663753693231
37849,NPP,2018-07-05 00:00:00+00:00,826.8661808067595
37849,NPP,2018-07-06 00:00:00+00:00,826.8659405643075
37849,NPP,2018-07-07 00:00:00+00:00,826.8656766360032
37849,NPP,2018-07-08 00:00:00+00:00,826.8653196560917
37849,NPP,2018-07-09 00:00:00+00:00,826.8651572387043
37849,NPP,2018-07-10 00:00:00+00:00,826.8648425550455
37849,NPP,2018-07-11 00:00:00+00:00,826.8647275094154
37849,NPP,2018-07-12 00:00:00+00:00,826.8645955453158
37849,NPP,2018-07-13 00:00:00+00:00,826.8641844264289
37849,NPP,2018-07-14 00:00:00+00:00,826.8638206793162
37849,NPP,2018-07-15 00:00:00+00:00,826.8637191684993
37849,NPP,2018-07-16 00:00:00+00:00,826.863472158866
37849,NPP,2018-07-17 00:00:00+00:00,826.8933504843685
37849,NPP,2018-07-18 00:00:00+00:00,826.9224623826572
37849,NPP,2018-07-19 00:00:00+00:00,826.9223693291788
37849,NPP,2018-07-20 00:00:00+00:00,826.9219463588943
37849,NPP,2018-07-21 00:00:00+00:00,826.9215030860796
37849,NPP,2018-07-22 00:00:00+00:00,826.9212712984199
37849,NPP,2018-07-23 00:00:00+00:00,826.9210496620599
37849,NPP,2018-07-24 00:00:00+00:00,826.9208127987959
37849,NPP,2018-07-25 00:00:00+00:00,826.920464271454
37849,NPP,2018-07-26 00:00:00+00:00,826.9203593748862
37849,NPP,2018-07-27 00:00:00+00:00,826.9201326629568
37849,NPP,2018-07-28 00:00:00+00:00,826.9199330211231
37849,NPP,2018-07-29 00:00:00+00:00,826.9198332002165
37849,NPP,2018-07-30 00:00:00+00:00,826.9194795973522
37849,NPP,2018-07-31 00:00:00+00:00,826.9191141513797
37849,NPP,2018-08-01 00:00:00+00:00,826.918785926794
37849,NPP,2018-08-02 00:00:00+00:00,826.9185219936498
37849,NPP,2018-08-03 00:00:00+00:00,826.9183274275697
37849,NPP,2018-08-04 00:00:00+00:00,826.9179805924068
37849,NPP,2018-08-05 00:00:00+00:00,826.9176354491647
37849,NPP,2018-08-06 00:00:00+00:00,826.9174459587757
37849,NPP,2018-08-07 00:00:00+00:00,826.9172970734803
37849,NPP,2018-08-08 00:00:00+00:00,826.9170940480863
37849,NPP,2018-08-09 00:00:00+00:00,826.9167573643413
37849,NPP,2018-08-10 00:00:00+00:00,826.9165526471088
37849,NPP,2018-08-11 00:00:00+00:00,826.9163902268347
37849,NPP,2018-08-12 00:00:00+00:00,826.9160484675413
37849,NPP,2018-08-13 00:00:00+00:00,826.9158048371746
37849,NPP,2018-08-14 00:00:00+00:00,826.9155392124294
37849,NPP,2018-08-15 00:00:00+00:00,826.915192377603
37849,NPP,2018-08-16 00:00:00+00:00,826.9148235484181
37849,NPP,2018-08-17 00:00:00+00:00,826.9146543607371
37849,NPP,2018-08-18 00:00:00+00:00,826.9143159854007
37849,NPP,2018-08-19 00:00:00+00:00,826.9141264952295
37849,NPP,2018-08-20 00:00:00+00:00,826.913717061152
37849,NPP,2018-08-22 00:00:00+00:00,826.9131384395405
37849,NPP,2018-08-23 00:00:00+00:00,826.9130013975969
37849,NPP,2018-08-24 00:00:00+00:00,826.9127780699987
37849,NPP,2018-08-25 00:00:00+00:00,826.912586888051
37849,NPP,2018-08-26 00:00:00+00:00,826.9121842216955
37849,NPP,2018-08-27 00:00:00+00:00,826.9118729166512
37849,NPP,2018-08-28 00:00:00+00:00,826.9114905528941
37849,NPP,2018-08-29 00:00:00+00:00,826.9112909116602
37849,NPP,2018-08-30 00:00:00+00:00,826.91114879418
37849,NPP,2018-08-31 00:00:00+00:00,826.9106175455663
37849,NPP,2018-09-01 00:00:00+00:00,826.9103163919381
37849,NPP,2018-09-02 00:00:00+00:00,826.9099103421495
37849,NPP,2018-09-03 00:00:00+00:00,826.9097022416568
37849,NPP,2018-09-04 00:00:00+00:00,826.9093317213014
37849,NPP,2018-09-06 00:00:00+00:00,826.9088546129688
37849,NPP,2018-09-07 00:00:00+00:00,826.9086549719186
37849,NPP,2018-09-08 00:00:00+00:00,826.9083233647789
37849,NPP,2018-09-09 00:00:00+00:00,826.9080865025599
37849,NPP,2018-09-10 00:00:00+00:00,826.9079443852397
37849,NPP,2018-09-11 00:00:00+00:00,826.907499422719
37849,NPP,2018-09-12 00:00:00+00:00,826.9071999612843
37849,NPP,2018-09-13 00:00:00+00:00,826.9069072673733
37849,NPP,2018-09-14 00:00:00+00:00,826.9066704052707
37849,NPP,2018-09-15 00:00:00+00:00,826.9061882217638
37849,NPP,2018-09-16 00:00:00+00:00,826.9057770969439
37849,NPP,2018-09-17 00:00:00+00:00,826.9054844031762
37849,NPP,2018-09-18 00:00:00+00:00,826.9051646395005
37849,NPP,2018-09-19 00:00:00+00:00,826.9049446962517
37849,NPP,2018-09-20 00:00:00+00:00,826.9046215488934
37849,NPP,2018-09-21 00:00:00+00:00,826.9042493373208
37849,NPP,2018-09-22 00:00:00+00:00,826.9040395453667
37849,NPP,2018-09-23 00:00:00+00:00,826.9036791769622
37849,NPP,2018-09-24 00:00:00+00:00,826.903518449285
37849,NPP,2018-09-25 00:00:00+00:00,826.903169924035
37849,NPP,2018-09-26 00:00:00+00:00,826.9029465972003
37849,NPP,2018-09-27 00:00:00+00:00,826.8696609408626
37849,NPP,2018-09-28 00:00:00+00:00,826.8731241606556
37849,NPP,2018-09-29 00:00:00+00:00,826.8722782345858
37849,NPP,2018-09-30 00:00:00+00:00,826.8719821605023
37849,NPP,2018-10-01 00:00:00+00:00,826.8716640923967
37849,NPP,2018-10-02 00:00:00+00:00,826.8713460243207
37849,NPP,2018-10-03 00:00:00+00:00,826.8709839681533
37849,NPP,2018-10-04 00:00:00+00:00,826.870682818666
37849,NPP,2018-10-05 00:00:00+00:00,826.8703901284639
37849,NPP,2018-10-06 00:00:00+00:00,826.8699756250489
37849,NPP,2018-10-07 00:00:00+00:00,826.8696101853525
37849,NPP,2018-10-08 00:00:00+00:00,826.8711176249208
37849,NPP,2018-10-09 00:00:00+00:00,826.8691500020991
37849,NPP,2018-10-10 00:00:00+00:00,826.8687761032584
37849,NPP,2018-10-11 00:00:00+00:00,826.8683734430219
37849,NPP,2018-10-12 00:00:00+00:00,826.8681754966237
37849,NPP,2018-10-13 00:00:00+00:00,826.8677288483905
37849,NPP,2018-10-14 00:00:00+00:00,826.8672348284576
37849,NPP,2018-10-15 00:00:00+00:00,826.8668321684372
37849,NPP,2018-10-16 00:00:00+00:00,826.8664108981402
37849,NPP,2018-10-17 00:00:00+00:00,826.8660471507446
37849,NPP,2018-10-18 00:00:00+00:00,826.8657172403568
37849,NPP,2018-10-19 00:00:00+00:00,826.8653839463086
37849,NPP,2018-10-20 00:00:00+00:00,826.8650185071956
37849,NPP,2018-10-21 00:00:00+00:00,826.8647782648409
37849,NPP,2018-10-22 00:00:00+00:00,826.8645312551162
37849,NPP,2018-10-23 00:00:00+00:00,826.8642267226069
37849,NPP,2018-10-24 00:00:00+00:00,826.8638071445384
37849,NPP,2018-10-25 00:00:00+00:00,826.8634417056246
37849,NPP,2018-10-26 00:00:00+00:00,826.8632403758738
37849,NPP,2018-10-27 00:00:00+00:00,826.8628715533382
37849,NPP,2018-10-28 00:00:00+00:00,826.8626025497751
37849,NPP,2018-10-29 00:00:00+00:00,826.8858401513471
37849,NPP,2018-10-30 00:00:00+00:00,826.8851887853625
37849,NPP,2018-10-31 00:00:00+00:00,826.8847692042436
37849,NPP,2018-11-01 00:00:00+00:00,826.8843766929253
37849,NPP,2018-11-02 00:00:00+00:00,826.8840298618497
37849,NPP,2018-11-03 00:00:00+00:00,826.8836593447959
37849,NPP,2018-11-04 00:00:00+00:00,826.8834021823045
37849,NPP,2018-11-05 00:00:00+00:00,826.8831179501003
37849,NPP,2018-11-06 00:00:00+00:00,826.8828658632292
37849,NPP,2018-11-07 00:00:00+00:00,826.8824902707529
37849,NPP,2018-11-08 00:00:00+00:00,826.8821332887564
37849,NPP,2018-11-09 00:00:00+00:00,826.8817526208027
37849,NPP,2018-11-10 00:00:00+00:00,826.8812975111796
37849,NPP,2018-11-11 00:00:00+00:00,826.880976058329
37849,NPP,2018-11-12 00:00:00+00:00,826.8807425820714
37849,NPP,2018-11-13 00:00:00+00:00,826.8801808856456
37849,NPP,2018-11-14 00:00:00+00:00,826.8796039626227
37849,NPP,2018-11-15 00:00:00+00:00,826.8792706669692
37849,NPP,2018-11-16 00:00:00+00:00,826.8790236560026
37849,NPP,2018-11-17 00:00:00+00:00,826.8788409355757
37849,NPP,2018-11-18 00:00:00+00:00,826.8783875182685
37849,NPP,2018-11-19 00:00:00+00:00,826.8779577870055
37849,NPP,2018-11-20 00:00:00+00:00,826.8776532530783
37849,NPP,2018-11-21 00:00:00+00:00,826.8774028585417
37849,NPP,2018-11-22 00:00:00+00:00,826.8772116789428
37849,NPP,2018-11-23 00:00:00+00:00,826.8768022501117
37849,NPP,2018-11-24 00:00:00+00:00,826.8762997693502
37849,NPP,2018-11-25 00:00:00+00:00,826.876081520159
37849,NPP,2018-11-26 00:00:00+00:00,826.8758801895219
37849,NPP,2018-11-27 00:00:00+00:00,826.8755062898099
37849,NPP,2018-11-28 00:00:00+00:00,826.8751442331195
37849,NPP,2018-11-29 00:00:00+00:00,826.8747128104874
37849,NPP,2018-11-30 00:00:00+00:00,826.8741595745
37849,NPP,2018-12-01 00:00:00+00:00,826.8738567328278
37849,NPP,2018-12-02 00:00:00+00:00,826.8736503267901
37849,NPP,2018-12-03 00:00:00+00:00,826.8733863977805
37849,NPP,2018-12-04 00:00:00+00:00,826.8730226495027
37849,NPP,2018-12-05 00:00:00+00:00,826.8727248835066
37849,NPP,2018-12-06 00:00:00+00:00,826.8723509842011
37849,NPP,2018-12-07 00:00:00+00:00,826.8721953338277
37849,NPP,2018-12-08 00:00:00+00:00,826.8719212538399
37849,NPP,2018-12-09 00:00:00+00:00,826.8715727324116
37849,NPP,2018-12-10 00:00:00+00:00,826.8712935769331
37849,NPP,2018-12-11 00:00:00+00:00,826.870762335664
37849,NPP,2018-12-12 00:00:00+00:00,826.8703410647913
37849,NPP,2018-12-13 00:00:00+00:00,826.8700162294617
37849,NPP,2018-12-14 00:00:00+00:00,826.8697675274398
37849,NPP,2018-12-15 00:00:00+00:00,826.869331030061
37849,NPP,2018-12-16 00:00:00+00:00,826.8689419045477
37849,NPP,2018-12-17 00:00:00+00:00,826.8686255286239
37849,NPP,2018-12-18 00:00:00+00:00,826.8684394251577
37849,NPP,2018-12-19 00:00:00+00:00,826.8681974906681
37849,NPP,2018-12-20 00:00:00+00:00,826.8678438941415
37849,NPP,2018-12-21 00:00:00+00:00,826.8675427449825
37849,NPP,2018-12-22 00:00:00+00:00,826.8673329556977
37849,NPP,2018-12-23 00:00:00+00:00,826.8670605680227
37849,NPP,2018-12-24 00:00:00+00:00,826.8667509597012
37849,NPP,2018-12-25 00:00:00+00:00,826.8663009279935
37849,NPP,2018-12-26 00:00:00+00:00,826.8660437670524
37849,NPP,2018-12-27 00:00:00+00:00,826.8658204430885
37849,NPP,2018-12-28 00:00:00+00:00,826.8655666658824
37849,NPP,2018-12-29 00:00:00+00:00,826.8649914376329
37849,NPP,2018-12-30 00:00:00+00:00,826.8646936724681
37849,NPP,2018-12-31 00:00:00+00:00,826.8644906507789
37849,NPP,2019-01-01 00:00:00+00:00,826.8641658161096
37849,NPP,2019-01-02 00:00:00+00:00,826.8638139119257
37849,NPP,2019-01-03 00:00:00+00:00,826.8635685941308
37849,NPP,2019-01-04 00:00:00+00:00,826.8633435785168
37849,NPP,2019-01-05 00:00:00+00:00,826.8631422487733
37849,NPP,2019-01-06 00:00:00+00:00,826.8627514322479
37849,NPP,2019-01-07 00:00:00+00:00,826.862385993466
37849,NPP,2019-01-08 00:00:00+00:00,826.8621829719427
37849,NPP,2019-01-09 00:00:00+00:00,826.862040856884
37849,NPP,2019-01-10 00:00:00+00:00,826.861722789873
37849,NPP,2019-01-11 00:00:00+00:00,826.861198317752
37849,NPP,2019-01-12 00:00:00+00:00,826.8606738457265
37849,NPP,2019-01-13 00:00:00+00:00,826.8605181959829
37849,NPP,2019-01-14 00:00:00+00:00,826.860274570312
37849,NPP,2019-01-15 00:00:00+00:00,826.8600377120438
37849,NPP,2019-01-16 00:00:00+00:00,826.859658738852
37849,NPP,2019-01-17 00:00:00+00:00,826.8594252643188
37849,NPP,2019-01-18 00:00:00+00:00,826.8592290103802
37849,NPP,2019-01-19 00:00:00+00:00,826.859025989078
37849,NPP,2019-01-20 00:00:00+00:00,826.8587536021882
37849,NPP,2019-01-21 00:00:00+00:00,826.8584845990104
37849,NPP,2019-01-22 00:00:00+00:00,826.8581766834545
37849,NPP,2019-01-23 00:00:00+00:00,826.8579702785382
37849,NPP,2019-01-24 00:00:00+00:00,826.8576572875068
37849,NPP,2019-01-25 00:00:00+00:00,826.857310459648
37849,NPP,2019-01-26 00:00:00+00:00,826.8570110034343
37849,NPP,2019-01-27 00:00:00+00:00,826.8566134203675
37849,NPP,2019-01-28 00:00:00+00:00,826.8562784355299
37849,NPP,2019-01-29 00:00:00+00:00,826.8559992815303
39084,LANDSAT 8,2017-12-02 00:00:00+00:00,702.5160349966054
39084,LANDSAT 8,2017-12-03 00:00:00+00:00,702.5151894652736
39084,LANDSAT 8,2017-12-04 00:00:00+00:00,702.5146160591103
39084,LANDSAT 8,2017-12-05 00:00:00+00:00,702.5137672886203
39084,LANDSAT 8,2017-12-06 00:00:00+00:00,702.5129411954495
39084,LANDSAT 8,2017-12-07 00:00:00+00:00,702.5125330083238
39084,LANDSAT 8,2017-12-08 00:00:00+00:00,702.5119336860639
39084,LANDSAT 8,2017-12-09 00:00:00+00:00,702.5112371765681
39084,LANDSAT 8,2017-12-10 00:00:00+00:00,702.5350190232466
39084,LANDSAT 8,2017-12-11 00:00:00+00:00,702.5343678625459
39084,LANDSAT 8,2017-12-12 00:00:00+00:00,702.5332080841572
39084,LANDSAT 8,2017-12-13 00:00:00+00:00,702.532702706013
39084,LANDSAT 8,2017-12-14 00:00:00+00:00,702.5323139536558
39084,LANDSAT 8,2017-12-15 00:00:00+00:00,702.5315980015384
39084,LANDSAT 8,2017-12-16 00:00:00+00:00,702.5307135903486
39084,LANDSAT 8,2017-12-17 00:00:00+00:00,702.5297481894386
39084,LANDSAT 8,2017-12-18 00:00:00+00:00,702.5286094703315
39084,LANDSAT 8,2017-12-19 00:00:00+00:00,702.5278238677993
39084,LANDSAT 8,2017-12-20 00:00:00+00:00,702.5270884792362
39084,LANDSAT 8,2017-12-21 00:00:00+00:00,702.522948280166
39084,LANDSAT 8,2017-12-22 00:00:00+00:00,702.5021760896025
39084,LANDSAT 8,2017-12-23 00:00:00+00:00,702.5015994464984
39084,LANDSAT 8,2017-12-24 00:00:00+00:00,702.5010940739976
39084,LANDSAT 8,2017-12-25 00:00:00+00:00,702.4999634653304
39084,LANDSAT 8,2017-12-26 00:00:00+00:00,702.4994127391974
39084,LANDSAT 8,2017-12-27 00:00:00+00:00,702.4983453026989
39084,LANDSAT 8,2017-12-28 00:00:00+00:00,702.4977378845274
39084,LANDSAT 8,2017-12-29 00:00:00+00:00,702.4972616687796
39084,LANDSAT 8,2017-12-30 00:00:00+00:00,702.4967141827447
39084,LANDSAT 8,2017-12-31 00:00:00+00:00,702.4960128176544
39084,LANDSAT 8,2018-01-01 00:00:00+00:00,702.4951527142684
39084,LANDSAT 8,2018-01-02 00:00:00+00:00,702.4946894571904
39084,LANDSAT 8,2018-01-03 00:00:00+00:00,702.4935685697501
39084,LANDSAT 8,2018-01-04 00:00:00+00:00,702.4928202318542
39084,LANDSAT 8,2018-01-05 00:00:00+00:00,702.4923116213567
39084,LANDSAT 8,2018-01-06 00:00:00+00:00,702.4916831473693
39084,LANDSAT 8,2018-01-07 00:00:00+00:00,702.4910741108542
39084,LANDSAT 8,2018-01-08 00:00:00+00:00,702.4904909909119
39084,LANDSAT 8,2018-01-09 00:00:00+00:00,702.4898673766597
39084,LANDSAT 8,2018-01-10 00:00:00+00:00,702.4891611539297
39084,LANDSAT 8,2018-01-11 00:00:00+00:00,702.4885780343875
39084,LANDSAT 8,2018-01-12 00:00:00+00:00,702.4878880097367
39084,LANDSAT 8,2018-01-13 00:00:00+00:00,702.4870829811948
39084,LANDSAT 8,2018-01-14 00:00:00+00:00,702.4863184472538
39084,LANDSAT 8,2018-01-15 00:00:00+00:00,702.4858260356732
39084,LANDSAT 8,2018-01-16 00:00:00+00:00,702.4853627801203
39084,LANDSAT 8,2018-01-17 00:00:00+00:00,702.4848833269061
39084,LANDSAT 8,2018-01-18 00:00:00+00:00,702.4842159799946
39084,LANDSAT 8,2018-01-19 00:00:00+00:00,702.482939598468
39084,LANDSAT 8,2018-01-20 00:00:00+00:00,702.4822187995242
39084,LANDSAT 8,2018-01-21 00:00:00+00:00,702.481624342985
39084,LANDSAT 8,2018-01-22 00:00:00+00:00,702.4808581907496
39084,LANDSAT 8,2018-01-23 00:00:00+00:00,702.480508320034
39084,LANDSAT 8,2018-01-24 00:00:00+00:00,702.4800159094611
39084,LANDSAT 8,2018-01-25 00:00:00+00:00,702.4796174457165
39084,LANDSAT 8,2018-01-26 00:00:00+00:00,702.4787298112101
39084,LANDSAT 8,2018-01-27 00:00:00+00:00,702.4780932413892
39084,LANDSAT 8,2018-01-28 00:00:00+00:00,702.4771975085132
39084,LANDSAT 8,2018-01-29 00:00:00+00:00,702.4766629845144
39084,LANDSAT 8,2018-01-30 00:00:00+00:00,702.4760507116903
39084,LANDSAT 8,2018-01-31 00:00:00+00:00,702.4756700659509
39084,LANDSAT 8,2018-02-01 00:00:00+00:00,702.4826901629963
39084,LANDSAT 8,2018-02-02 00:00:00+00:00,702.5012252764636
39084,LANDSAT 8,2018-02-03 00:00:00+00:00,702.5007312425219
39084,LANDSAT 8,2018-02-04 00:00:00+00:00,702.499543941593
39084,LANDSAT 8,2018-02-05 00:00:00+00:00,702.4989996946751
39084,LANDSAT 8,2018-02-06 00:00:00+00:00,702.4985364369686
39084,LANDSAT 8,2018-02-07 00:00:00+00:00,702.4980780386823
39084,LANDSAT 8,2018-02-08 00:00:00+00:00,702.4974949172956
39084,LANDSAT 8,2018-02-09 00:00:00+00:00,702.4971887786155
39084,LANDSAT 8,2018-02-10 00:00:00+00:00,702.4966704486528
39084,LANDSAT 8,2018-02-11 00:00:00+00:00,702.4960225363284
39084,LANDSAT 8,2018-02-12 00:00:00+00:00,702.4953649054792
39084,LANDSAT 8,2018-02-13 00:00:00+00:00,702.4943217671871
39084,LANDSAT 8,2018-02-14 00:00:00+00:00,702.4936673762936
39084,LANDSAT 8,2018-02-15 00:00:00+00:00,702.4930891151444
39084,LANDSAT 8,2018-02-16 00:00:00+00:00,702.4925027552272
39084,LANDSAT 8,2018-02-17 00:00:00+00:00,702.4919666085634
39084,LANDSAT 8,2018-02-18 00:00:00+00:00,702.4913024995321
39084,LANDSAT 8,2018-02-19 00:00:00+00:00,702.49059465667
39084,LANDSAT 8,2018-02-20 00:00:00+00:00,702.4898657568801
39084,LANDSAT 8,2018-02-21 00:00:00+00:00,702.489149815492
39084,LANDSAT 8,2018-02-22 00:00:00+00:00,702.4886978978357
39084,LANDSAT 8,2018-02-23 00:00:00+00:00,702.4879641392022
39084,LANDSAT 8,2018-02-24 00:00:00+00:00,702.4875494765729
39084,LANDSAT 8,2018-02-25 00:00:00+00:00,702.4870926998424
39084,LANDSAT 8,2018-02-26 00:00:00+00:00,702.4868286764477
39084,LANDSAT 8,2018-02-27 00:00:00+00:00,702.4861256940326
39084,LANDSAT 8,2018-02-28 00:00:00+00:00,702.4853773580967
39084,LANDSAT 8,2018-03-01 00:00:00+00:00,702.4848412127712
39084,LANDSAT 8,2018-03-02 00:00:00+00:00,702.4843714783588
39084,LANDSAT 8,2018-03-03 00:00:00+00:00,702.4833186254086
39084,LANDSAT 8,2018-03-04 00:00:00+00:00,702.4829833323452
39084,LANDSAT 8,2018-03-05 00:00:00+00:00,702.4824471874813
39084,LANDSAT 8,2018-03-06 00:00:00+00:00,702.4817863202288
39084,LANDSAT 8,2018-03-07 00:00:00+00:00,702.481266373316
39084,LANDSAT 8,2018-03-08 00:00:00+00:00,702.4807464264868
39084,LANDSAT 8,2018-03-09 00:00:00+00:00,702.4797664646703
39084,LANDSAT 8,2018-03-10 00:00:00+00:00,702.4791655295712
39084,LANDSAT 8,2018-03-11 00:00:00+00:00,702.4788286172252
39084,LANDSAT 8,2018-03-12 00:00:00+00:00,702.4783426860322
39084,LANDSAT 8,2018-03-13 00:00:00+00:00,702.477898868945
39084,LANDSAT 8,2018-03-14 00:00:00+00:00,702.477578154454
39084,LANDSAT 8,2018-03-15 00:00:00+00:00,702.476632208889
39084,LANDSAT 8,2018-03-16 00:00:00+00:00,702.49534708789
39084,LANDSAT 8,2018-03-17 00:00:00+00:00,702.495029610981
39084,LANDSAT 8,2018-03-18 00:00:00+00:00,702.4947445297057
39084,LANDSAT 8,2018-03-19 00:00:00+00:00,702.4937791410557
39084,LANDSAT 8,2018-03-20 00:00:00+00:00,702.4933385611112
39084,LANDSAT 8,2018-03-21 00:00:00+00:00,702.4928623461001
39084,LANDSAT 8,2018-03-22 00:00:00+00:00,702.4919714678917
39084,LANDSAT 8,2018-03-23 00:00:00+00:00,702.4914337015462
39084,LANDSAT 8,2018-03-24 00:00:00+00:00,702.4906367708836
39084,LANDSAT 8,2018-03-25 00:00:00+00:00,702.4895725772435
39084,LANDSAT 8,2018-03-26 00:00:00+00:00,702.4890979826378
39084,LANDSAT 8,2018-03-27 00:00:00+00:00,702.4887059967141
39084,LANDSAT 8,2018-03-28 00:00:00+00:00,702.4882362615854
39084,LANDSAT 8,2018-03-29 00:00:00+00:00,702.4877438496728
39084,LANDSAT 8,2018-03-30 00:00:00+00:00,702.4872287609887
39084,LANDSAT 8,2018-03-31 00:00:00+00:00,702.4866796571168
39084,LANDSAT 8,2018-04-01 00:00:00+00:00,702.4860722414514
39084,LANDSAT 8,2018-04-02 00:00:00+00:00,702.4852607343296
39084,LANDSAT 8,2018-04-03 00:00:00+00:00,702.4846403607753
39084,LANDSAT 8,2018-04-04 00:00:00+00:00,702.4838320936146
39084,LANDSAT 8,2018-04-05 00:00:00+00:00,702.483388275663
39084,LANDSAT 8,2018-04-06 00:00:00+00:00,702.4828197352581
39084,LANDSAT 8,2018-04-07 00:00:00+00:00,702.4824277502021
39084,LANDSAT 8,2018-04-08 00:00:00+00:00,702.481983932481
39084,LANDSAT 8,2018-04-09 00:00:00+00:00,702.4813068676149
39084,LANDSAT 8,2018-04-10 00:00:00+00:00,702.4806945937871
39084,LANDSAT 8,2018-04-11 00:00:00+00:00,702.4795996282255
39084,LANDSAT 8,2018-04-12 00:00:00+00:00,702.4792400390361
39084,LANDSAT 8,2018-04-13 00:00:00+00:00,702.4788739708074
39084,LANDSAT 8,2018-04-14 00:00:00+00:00,702.4783653628174
39084,LANDSAT 8,2018-04-15 00:00:00+00:00,702.4778356979159
39084,LANDSAT 8,2018-04-16 00:00:00+00:00,702.4769658814321
39084,LANDSAT 8,2018-04-17 00:00:00+00:00,702.4761495176203
39084,LANDSAT 8,2018-04-18 00:00:00+00:00,702.4753347738019
39084,LANDSAT 8,2018-04-19 00:00:00+00:00,702.4747467977813
39084,LANDSAT 8,2018-04-20 00:00:00+00:00,702.4846727577283
39084,LANDSAT 8,2018-04-21 00:00:00+00:00,702.487047346131
39084,LANDSAT 8,2018-04-22 00:00:00+00:00,702.487082981188
39084,LANDSAT 8,2018-04-23 00:00:00+00:00,702.4861111160499
39084,LANDSAT 8,2018-04-24 00:00:00+00:00,702.4857709633307
39084,LANDSAT 8,2018-04-25 00:00:00+00:00,702.4849092432983
39084,LANDSAT 8,2018-04-26 00:00:00+00:00,702.4841673867913
39084,LANDSAT 8,2018-04-27 00:00:00+00:00,702.4835227168587
39084,LANDSAT 8,2018-04-28 00:00:00+00:00,702.4828521307204
39084,LANDSAT 8,2018-04-29 00:00:00+00:00,702.4824293699762
39084,LANDSAT 8,2018-04-30 00:00:00+00:00,702.482000130206
39084,LANDSAT 8,2018-05-01 00:00:00+00:00,702.4814915216571
39084,LANDSAT 8,2018-05-02 00:00:00+00:00,702.4809327002617
39084,LANDSAT 8,2018-05-03 00:00:00+00:00,702.4804840234538
39084,LANDSAT 8,2018-05-04 00:00:00+00:00,702.4795931491408
39084,LANDSAT 8,2018-05-05 00:00:00+00:00,702.4788869289741
39084,LANDSAT 8,2018-05-06 00:00:00+00:00,702.4782017660077
39084,LANDSAT 8,2018-05-07 00:00:00+00:00,702.4777725268686
39084,LANDSAT 8,2018-05-08 00:00:00+00:00,702.4775522381324
39084,LANDSAT 8,2018-05-09 00:00:00+00:00,702.4769075697222
39084,LANDSAT 8,2018-05-10 00:00:00+00:00,702.476283958465
39084,LANDSAT 8,2018-05-11 00:00:00+00:00,702.4752975191086
39084,LANDSAT 8,2018-05-12 00:00:00+00:00,702.474571862796
39084,LANDSAT 8,2018-05-13 00:00:00+00:00,702.4739385334442
39084,LANDSAT 8,2018-05-14 00:00:00+00:00,702.4732144972386
39084,LANDSAT 8,2018-05-15 00:00:00+00:00,702.4727496239861
39084,LANDSAT 8,2018-05-16 00:00:00+00:00,702.4721503101446
39084,LANDSAT 8,2018-05-17 00:00:00+00:00,702.4714505709067
39084,LANDSAT 8,2018-05-18 00:00:00+00:00,702.4706536458584
39084,LANDSAT 8,2018-05-19 00:00:00+00:00,702.4700996859065
39084,LANDSAT 8,2018-05-20 00:00:00+00:00,702.4693707913857
39084,LANDSAT 8,2018-05-21 00:00:00+00:00,702.4688848618175
39084,LANDSAT 8,2018-05-22 00:00:00+00:00,702.4682677313808
39084,LANDSAT 8,2018-05-23 00:00:00+00:00,702.4678725088093
39084,LANDSAT 8,2018-05-24 00:00:00+00:00,702.4675420768658
39084,LANDSAT 8,2018-05-25 00:00:00+00:00,702.4670075546846
39084,LANDSAT 8,2018-05-26 00:00:00+00:00,702.4665167662279
39084,LANDSAT 8,2018-05-27 00:00:00+00:00,702.4659563280311
39084,LANDSAT 8,2018-05-28 00:00:00+00:00,702.4652760274735
39084,LANDSAT 8,2018-05-29 00:00:00+00:00,702.4645762899295
39084,LANDSAT 8,2018-05-30 00:00:00+00:00,702.4640223311571
39084,LANDSAT 8,2018-05-31 00:00:00+00:00,702.4840184406526
39084,LANDSAT 8,2018-06-01 00:00:00+00:00,702.5057234191095
39084,LANDSAT 8,2018-06-02 00:00:00+00:00,702.5052682592209
39084,LANDSAT 8,2018-06-03 00:00:00+00:00,702.5043579396702
39084,LANDSAT 8,2018-06-04 00:00:00+00:00,702.5037699576451
39084,LANDSAT 8,2018-06-05 00:00:00+00:00,702.502968164149
39084,LANDSAT 8,2018-06-06 00:00:00+00:00,702.5560797791741
39084,LANDSAT 8,2018-06-07 00:00:00+00:00,702.5583410417653
39084,LANDSAT 8,2018-06-08 00:00:00+00:00,702.5579668642285
39084,LANDSAT 8,2018-06-09 00:00:00+00:00,702.5572168894978
39084,LANDSAT 8,2018-06-10 00:00:00+00:00,702.5568378526687
39084,LANDSAT 8,2018-06-11 00:00:00+00:00,702.5563097928971
39084,LANDSAT 8,2018-06-12 00:00:00+00:00,702.555797931373
39084,LANDSAT 8,2018-06-13 00:00:00+00:00,702.5551192290518
39084,LANDSAT 8,2018-06-14 00:00:00+00:00,702.5546041281132
39084,LANDSAT 8,2018-06-15 00:00:00+00:00,702.5540760687572
39084,LANDSAT 8,2018-06-16 00:00:00+00:00,702.5536500577523
39084,LANDSAT 8,2018-06-17 00:00:00+00:00,702.5533876479644
39084,LANDSAT 8,2018-06-18 00:00:00+00:00,702.5528531095874
39084,LANDSAT 8,2018-06-19 00:00:00+00:00,702.5521727881528
39084,LANDSAT 8,2018-06-20 00:00:00+00:00,702.5516755056897
39084,LANDSAT 8,2018-06-21 00:00:00+00:00,702.550860740143
39084,LANDSAT 8,2018-06-22 00:00:00+00:00,702.5504201513204
39084,LANDSAT 8,2018-06-23 00:00:00+00:00,702.5498645559524
39084,LANDSAT 8,2018-06-24 00:00:00+00:00,702.5494466446335
39084,LANDSAT 8,2018-06-25 00:00:00+00:00,702.5491599380707
39084,LANDSAT 8,2018-06-26 00:00:00+00:00,702.5484229241565
39084,LANDSAT 8,2018-06-27 00:00:00+00:00,702.5478381725998
39084,LANDSAT 8,2018-06-28 00:00:00+00:00,702.5471740504672
39084,LANDSAT 8,2018-06-29 00:00:00+00:00,702.5464597144137
39084,LANDSAT 8,2018-06-30 00:00:00+00:00,702.5458555255386
39084,LANDSAT 8,2018-07-01 00:00:00+00:00,702.5454197969166
39084,LANDSAT 8,2018-07-02 00:00:00+00:00,702.5450132249207
39084,LANDSAT 8,2018-07-03 00:00:00+00:00,702.5446584868487
39084,LANDSAT 8,2018-07-04 00:00:00+00:00,702.5443280459485
39084,LANDSAT 8,2018-07-05 00:00:00+00:00,702.5437918894677
39084,LANDSAT 8,2018-07-06 00:00:00+00:00,702.5432184775159
39084,LANDSAT 8,2018-07-07 00:00:00+00:00,702.5426888004781
39084,LANDSAT 8,2018-07-08 00:00:00+00:00,702.5419971428373
39084,LANDSAT 8,2018-07-09 00:00:00+00:00,702.5417298747097
39084,LANDSAT 8,2018-07-10 00:00:00+00:00,702.5414852838985
39084,LANDSAT 8,2018-07-11 00:00:00+00:00,702.5411969583347
39084,LANDSAT 8,2018-07-12 00:00:00+00:00,702.540824402874
39084,LANDSAT 8,2018-07-13 00:00:00+00:00,702.5402153557966
39084,LANDSAT 8,2018-07-14 00:00:00+00:00,702.5394864432328
39084,LANDSAT 8,2018-07-15 00:00:00+00:00,702.5390037412408
39084,LANDSAT 8,2018-07-16 00:00:00+00:00,702.5382975062621
39084,LANDSAT 8,2018-07-17 00:00:00+00:00,702.5377937470157
39084,LANDSAT 8,2018-07-18 00:00:00+00:00,702.5373450611996
39084,LANDSAT 8,2018-07-19 00:00:00+00:00,702.5370065221309
39084,LANDSAT 8,2018-07-20 00:00:00+00:00,702.5367165772195
39084,LANDSAT 8,2018-07-21 00:00:00+00:00,702.5360832339679
39084,LANDSAT 8,2018-07-22 00:00:00+00:00,702.535325166019
39084,LANDSAT 8,2018-07-23 00:00:00+00:00,702.5346432289934
39084,LANDSAT 8,2018-07-24 00:00:00+00:00,702.5342479971628
39084,LANDSAT 8,2018-07-25 00:00:00+00:00,702.5337037435784
39084,LANDSAT 8,2018-07-26 00:00:00+00:00,702.533519086136
39084,LANDSAT 8,2018-07-27 00:00:00+00:00,702.5527656396753
39084,LANDSAT 8,2018-07-28 00:00:00+00:00,702.5525550639832
39084,LANDSAT 8,2018-07-29 00:00:00+00:00,702.5517743142545
39084,LANDSAT 8,2018-07-30 00:00:00+00:00,702.5510907534558
39084,LANDSAT 8,2018-07-31 00:00:00+00:00,702.5504541673677
39084,LANDSAT 8,2018-08-01 00:00:00+00:00,702.5498856134964
39084,LANDSAT 8,2018-08-02 00:00:00+00:00,702.5496264436797
39084,LANDSAT 8,2018-08-03 00:00:00+00:00,702.5493024814414
39084,LANDSAT 8,2018-08-04 00:00:00+00:00,702.5489914777299
39084,LANDSAT 8,2018-08-05 00:00:00+00:00,702.5486901929162
39084,LANDSAT 8,2018-08-06 00:00:00+00:00,702.5483921477544
39084,LANDSAT 8,2018-08-07 00:00:00+00:00,702.5479094442453
39084,LANDSAT 8,2018-08-08 00:00:00+00:00,702.5471837693258
39084,LANDSAT 8,2018-08-09 00:00:00+00:00,702.5465682416461
39084,LANDSAT 8,2018-08-10 00:00:00+00:00,702.5461179346248
39084,LANDSAT 8,2018-08-11 00:00:00+00:00,702.5459462348481
39084,LANDSAT 8,2018-08-12 00:00:00+00:00,702.5456692474968
39084,LANDSAT 8,2018-08-13 00:00:00+00:00,702.5451071738207
39084,LANDSAT 8,2018-08-14 00:00:00+00:00,702.5445888350891
39084,LANDSAT 8,2018-08-15 00:00:00+00:00,702.544366921351
39084,LANDSAT 8,2018-08-16 00:00:00+00:00,702.5431877011774
39084,LANDSAT 8,2018-08-17 00:00:00+00:00,702.5425770337783
39084,LANDSAT 8,2018-08-18 00:00:00+00:00,702.5422692704119
39084,LANDSAT 8,2018-08-19 00:00:00+00:00,702.5419517882447
39084,LANDSAT 8,2018-08-20 00:00:00+00:00,702.5415695138445
39084,LANDSAT 8,2018-08-22 00:00:00+00:00,702.5409053931871
39084,LANDSAT 8,2018-08-23 00:00:00+00:00,702.5401343654985
39084,LANDSAT 8,2018-08-24 00:00:00+00:00,702.5396872991246
39084,LANDSAT 8,2018-08-25 00:00:00+00:00,702.5391560029348
39084,LANDSAT 8,2018-08-26 00:00:00+00:00,702.5384173718185
39084,LANDSAT 8,2018-08-27 00:00:00+00:00,702.5378115648627
39084,LANDSAT 8,2018-08-28 00:00:00+00:00,702.5374876039778
39084,LANDSAT 8,2018-08-29 00:00:00+00:00,702.5368234842781
39084,LANDSAT 8,2018-08-30 00:00:00+00:00,702.5364476897848
39084,LANDSAT 8,2018-08-31 00:00:00+00:00,702.5357414554428
39084,LANDSAT 8,2018-09-01 00:00:00+00:00,702.5348764805922
39084,LANDSAT 8,2018-09-02 00:00:00+00:00,702.5342317991344
39084,LANDSAT 8,2018-09-03 00:00:00+00:00,702.5337912128962
39084,LANDSAT 8,2018-09-04 00:00:00+00:00,702.533496408907
39084,LANDSAT 8,2018-09-05 00:00:00+00:00,702.5331789277234
39084,LANDSAT 8,2018-09-06 00:00:00+00:00,702.5329165198332
39084,LANDSAT 8,2018-09-07 00:00:00+00:00,702.5324759337991
39084,LANDSAT 8,2018-09-08 00:00:00+00:00,702.5318911855366
39084,LANDSAT 8,2018-09-09 00:00:00+00:00,702.5313129165816
39084,LANDSAT 8,2018-09-10 00:00:00+00:00,702.5305111153048
39084,LANDSAT 8,2018-09-11 00:00:00+00:00,702.5299360862368
39084,LANDSAT 8,2018-09-12 00:00:00+00:00,702.5295181778606
39084,LANDSAT 8,2018-09-13 00:00:00+00:00,702.5291440041401
39084,LANDSAT 8,2018-09-14 00:00:00+00:00,702.5285624961525
39084,LANDSAT 8,2018-09-15 00:00:00+00:00,702.528061978242
39084,LANDSAT 8,2018-09-16 00:00:00+00:00,702.5273670845718
39084,LANDSAT 8,2018-09-17 00:00:00+00:00,702.5267386028104
39084,LANDSAT 8,2018-09-18 00:00:00+00:00,702.526369288843
39084,LANDSAT 8,2018-09-19 00:00:00+00:00,702.5259610997819
39084,LANDSAT 8,2018-09-20 00:00:00+00:00,702.5267969155411
39084,LANDSAT 8,2018-09-21 00:00:00+00:00,702.5486059627574
39084,LANDSAT 8,2018-09-22 00:00:00+00:00,702.5481054413003
39084,LANDSAT 8,2018-09-23 00:00:00+00:00,702.5472760984912
39084,LANDSAT 8,2018-09-24 00:00:00+00:00,702.5467464206922
39084,LANDSAT 8,2018-09-25 00:00:00+00:00,702.5457518577532
39084,LANDSAT 8,2018-09-26 00:00:00+00:00,702.5453112697269
39084,LANDSAT 8,2018-09-27 00:00:00+00:00,702.5448901194632
39084,LANDSAT 8,2018-09-28 00:00:00+00:00,702.5445499596844
39084,LANDSAT 8,2018-09-29 00:00:00+00:00,702.5440057041242
39084,LANDSAT 8,2018-09-30 00:00:00+00:00,702.543461448668
39084,LANDSAT 8,2018-10-01 00:00:00+00:00,702.5429188131266
39084,LANDSAT 8,2018-10-02 00:00:00+00:00,702.5422465931133
39084,LANDSAT 8,2018-10-03 00:00:00+00:00,702.5418740375144
39084,LANDSAT 8,2018-10-04 00:00:00+00:00,702.5411240670451
39084,LANDSAT 8,2018-10-05 00:00:00+00:00,702.5407839077179
39084,LANDSAT 8,2018-10-06 00:00:00+00:00,702.540370857163
39084,LANDSAT 8,2018-10-07 00:00:00+00:00,702.539765049788
39084,LANDSAT 8,2018-10-08 00:00:00+00:00,702.5392240347642
39084,LANDSAT 8,2018-10-09 00:00:00+00:00,702.5388255626749
39084,LANDSAT 8,2018-10-10 00:00:00+00:00,702.5381063693053
39084,LANDSAT 8,2018-10-11 00:00:00+00:00,702.5380917910593
39084,LANDSAT 8,2018-10-12 00:00:00+00:00,702.5378455807709
39084,LANDSAT 8,2018-10-13 00:00:00+00:00,702.5384011737697
39084,LANDSAT 8,2018-10-14 00:00:00+00:00,702.5367279158486
39084,LANDSAT 8,2018-10-15 00:00:00+00:00,702.535688001934
39084,LANDSAT 8,2018-10-16 00:00:00+00:00,702.5353527026732
39084,LANDSAT 8,2018-10-17 00:00:00+00:00,702.534079537706
39084,LANDSAT 8,2018-10-18 00:00:00+00:00,702.5321681715368
39084,LANDSAT 8,2018-10-19 00:00:00+00:00,702.5321940883568
39084,LANDSAT 8,2018-10-20 00:00:00+00:00,702.5318004766723
39084,LANDSAT 8,2018-10-21 00:00:00+00:00,702.5315737045371
39084,LANDSAT 8,2018-10-22 00:00:00+00:00,702.5313339739932
39084,LANDSAT 8,2018-10-23 00:00:00+00:00,702.5314716570647
39084,LANDSAT 8,2018-10-24 00:00:00+00:00,702.5319818944113
39084,LANDSAT 8,2018-10-25 00:00:00+00:00,702.5308917684042
39084,LANDSAT 8,2018-10-26 00:00:00+00:00,702.5299782010352
39084,LANDSAT 8,2018-10-27 00:00:00+00:00,702.5284863656016
39084,LANDSAT 8,2018-10-28 00:00:00+00:00,702.5268147333277
39084,LANDSAT 8,2018-10-29 00:00:00+00:00,702.5261700536994
39084,LANDSAT 8,2018-10-30 00:00:00+00:00,702.524997320294
39084,LANDSAT 8,2018-10-31 00:00:00+00:00,702.5242084791662
39084,LANDSAT 8,2018-11-01 00:00:00+00:00,702.5236512691422
39084,LANDSAT 8,2018-11-02 00:00:00+00:00,702.5233661849852
39084,LANDSAT 8,2018-11-03 00:00:00+00:00,702.5238764208884
39084,LANDSAT 8,2018-11-04 00:00:00+00:00,702.5235443625807
39084,LANDSAT 8,2018-11-05 00:00:00+00:00,702.5231766688362
39084,LANDSAT 8,2018-11-06 00:00:00+00:00,702.5227701000408
39084,LANDSAT 8,2018-11-07 00:00:00+00:00,702.5216945557404
39084,LANDSAT 8,2018-11-08 00:00:00+00:00,702.5218986500113
39084,LANDSAT 8,2018-11-09 00:00:00+00:00,702.5211827004696
39084,LANDSAT 8,2018-11-10 00:00:00+00:00,702.5209688875375
39084,LANDSAT 8,2018-11-11 00:00:00+00:00,702.5201330734981
39084,LANDSAT 8,2018-11-12 00:00:00+00:00,702.5199548961191
39084,LANDSAT 8,2018-11-13 00:00:00+00:00,702.5183480606211
39084,LANDSAT 8,2018-11-14 00:00:00+00:00,702.5174701327405
39084,LANDSAT 8,2018-11-15 00:00:00+00:00,702.5151570694416
39084,LANDSAT 8,2018-11-16 00:00:00+00:00,702.514003778083
39084,LANDSAT 8,2018-11-17 00:00:00+00:00,702.5135291793877
39084,LANDSAT 8,2018-11-18 00:00:00+00:00,702.5131582473568
39084,LANDSAT 8,2018-11-19 00:00:00+00:00,702.5132975493507
39084,LANDSAT 8,2018-11-20 00:00:00+00:00,702.5131874035833
39084,LANDSAT 8,2018-11-21 00:00:00+00:00,702.5134044555116
39084,LANDSAT 8,2018-11-22 00:00:00+00:00,702.5136053095566
39084,LANDSAT 8,2018-11-23 00:00:00+00:00,702.5129800704162
39084,LANDSAT 8,2018-11-24 00:00:00+00:00,702.5124763156718
39084,LANDSAT 8,2018-11-25 00:00:00+00:00,702.5105892609145
39084,LANDSAT 8,2018-11-26 00:00:00+00:00,702.5104289019791
39084,LANDSAT 8,2018-11-27 00:00:00+00:00,702.5094716067579
39084,LANDSAT 8,2018-11-28 00:00:00+00:00,702.5081935940689
39084,LANDSAT 8,2018-11-29 00:00:00+00:00,702.5060182201796
39084,LANDSAT 8,2018-11-30 00:00:00+00:00,702.5058627206963
39084,LANDSAT 8,2018-12-01 00:00:00+00:00,702.504579850277
39084,LANDSAT 8,2018-12-02 00:00:00+00:00,702.5040971542358
39084,LANDSAT 8,2018-12-03 00:00:00+00:00,702.5033504333433
39084,LANDSAT 8,2018-12-04 00:00:00+00:00,702.5030216170408
39084,LANDSAT 8,2018-12-05 00:00:00+00:00,702.5029471069483
39084,LANDSAT 8,2018-12-06 00:00:00+00:00,702.502772170219
39084,LANDSAT 8,2018-12-07 00:00:00+00:00,702.5035658647525
39084,LANDSAT 8,2018-12-08 00:00:00+00:00,702.5028029462001
39084,LANDSAT 8,2018-12-09 00:00:00+00:00,702.5019881946391
39084,LANDSAT 8,2018-12-10 00:00:00+00:00,702.5018683306225
39084,LANDSAT 8,2018-12-11 00:00:00+00:00,702.5014407077138
39084,LANDSAT 8,2018-12-12 00:00:00+00:00,702.4989624396821
39084,LANDSAT 8,2018-12-13 00:00:00+00:00,702.4987259514814
39084,LANDSAT 8,2018-12-14 00:00:00+00:00,702.4999991005452
39084,LANDSAT 8,2018-12-15 00:00:00+00:00,702.5051532544085
39084,LANDSAT 8,2018-12-16 00:00:00+00:00,702.5126609723548
39084,LANDSAT 8,2018-12-17 00:00:00+00:00,702.5195612874791
39084,LANDSAT 8,2018-12-18 00:00:00+00:00,702.5236415503641
39084,LANDSAT 8,2018-12-19 00:00:00+00:00,702.5291537232106
39084,LANDSAT 8,2018-12-20 00:00:00+00:00,702.5287374345066
39084,LANDSAT 8,2018-12-21 00:00:00+00:00,702.5280911346163
39084,LANDSAT 8,2018-12-22 00:00:00+00:00,702.5245810324413
39084,LANDSAT 8,2018-12-23 00:00:00+00:00,702.5203971001765
39084,LANDSAT 8,2018-12-24 00:00:00+00:00,702.518169883354
39084,LANDSAT 8,2018-12-25 00:00:00+00:00,702.5157628715515
39084,LANDSAT 8,2018-12-26 00:00:00+00:00,702.5150857986159
39084,LANDSAT 8,2018-12-27 00:00:00+00:00,702.5148525486447
39084,LANDSAT 8,2018-12-28 00:00:00+00:00,702.5147456424147
39084,LANDSAT 8,2018-12-29 00:00:00+00:00,702.5127047060741
39084,LANDSAT 8,2018-12-30 00:00:00+00:00,702.511169145419
39084,LANDSAT 8,2018-12-31 00:00:00+00:00,702.5097939446568
39084,LANDSAT 8,2019-01-01 00:00:00+00:00,702.5090828575885
39084,LANDSAT 8,2019-01-02 00:00:00+00:00,702.5089889098817
39084,LANDSAT 8,2019-01-03 00:00:00+00:00,702.5085515671444
39084,LANDSAT 8,2019-01-04 00:00:00+00:00,702.507960344667
39084,LANDSAT 8,2019-01-06 00:00:00+00:00,702.508107745326
39084,LANDSAT 8,2019-01-07 00:00:00+00:00,702.5077870274126
39084,LANDSAT 8,2019-01-08 00:00:00+00:00,702.5060570950518
39084,LANDSAT 8,2019-01-09 00:00:00+00:00,702.5055420030367
39084,LANDSAT 8,2019-01-10 00:00:00+00:00,702.5051856501241
39084,LANDSAT 8,2019-01-11 00:00:00+00:00,702.5052990351369
39084,LANDSAT 8,2019-01-12 00:00:00+00:00,702.5054707324525
39084,LANDSAT 8,2019-01-13 00:00:00+00:00,702.5041846226386
39084,LANDSAT 8,2019-01-14 00:00:00+00:00,702.5029859817787
39084,LANDSAT 8,2019-01-15 00:00:00+00:00,702.5026652645647
39084,LANDSAT 8,2019-01-16 00:00:00+00:00,702.5023477867171
39084,LANDSAT 8,2019-01-17 00:00:00+00:00,702.5023170108284
39084,LANDSAT 8,2019-01-18 00:00:00+00:00,702.5014990199029
39084,LANDSAT 8,2019-01-19 00:00:00+00:00,702.5007701173081
39084,LANDSAT 8,2019-01-20 00:00:00+00:00,702.5001254436147
39084,LANDSAT 8,2019-01-21 00:00:00+00:00,702.4994532337623
39084,LANDSAT 8,2019-01-22 00:00:00+00:00,702.4992993544201
39084,LANDSAT 8,2019-01-23 00:00:00+00:00,702.4983015685802
39084,LANDSAT 8,2019-01-24 00:00:00+00:00,702.497993810031
39084,LANDSAT 8,2019-01-25 00:00:00+00:00,702.4975467503027
39084,LANDSAT 8,2019-01-26 00:00:00+00:00,702.4983307246548
39084,LANDSAT 8,2019-01-27 00:00:00+00:00,702.4991762509526
39084,LANDSAT 8,2019-01-28 00:00:00+00:00,702.5017468468604
39084,LANDSAT 8,2019-01-29 00:00:00+00:00,702.5026004730698
39444,FUNCUBE 1,2017-12-02 00:00:00+00:00,624.3102358842511
39444,FUNCUBE 1,2017-12-03 00:00:00+00:00,624.3080066440716
39444,FUNCUBE 1,2017-12-04 00:00:00+00:00,624.3058372721139
39444,FUNCUBE 1,2017-12-05 00:00:00+00:00,624.3029022421574
39444,FUNCUBE 1,2017-12-06 00:00:00+00:00,624.2991889531095
39444,FUNCUBE 1,2017-12-07 00:00:00+00:00,624.2969707497123
39444,FUNCUBE 1,2017-12-08 00:00:00+00:00,624.294943174722
39444,FUNCUBE 1,2017-12-09 00:00:00+00:00,624.2924461243674
39444,FUNCUBE 1,2017-12-10 00:00:00+00:00,624.2903791670315
39444,FUNCUBE 1,2017-12-11 00:00:00+00:00,624.2870109120795
39444,FUNCUBE 1,2017-12-12 00:00:00+00:00,624.2852401381524
39444,FUNCUBE 1,2017-12-13 00:00:00+00:00,624.2818246265952
39444,FUNCUBE 1,2017-12-14 00:00:00+00:00,624.2799467272935
39444,FUNCUBE 1,2017-12-15 00:00:00+00:00,624.2774701707431
39444,FUNCUBE 1,2017-12-16 00:00:00+00:00,624.2748029911236
39444,FUNCUBE 1,2017-12-17 00:00:00+00:00,624.2709826112514
39444,FUNCUBE 1,2017-12-18 00:00:00+00:00,624.2691015685978
39444,FUNCUBE 1,2017-12-19 00:00:00+00:00,624.2665525525099
39444,FUNCUBE 1,2017-12-20 00:00:00+00:00,624.2643753356087
39444,FUNCUBE 1,2017-12-21 00:00:00+00:00,624.2620925681604
39444,FUNCUBE 1,2017-12-22 00:00:00+00:00,624.2595451339675
39444,FUNCUBE 1,2017-12-23 00:00:00+00:00,624.2566180295239
39444,FUNCUBE 1,2017-12-24 00:00:00+00:00,624.2539177862654
39444,FUNCUBE 1,2017-12-25 00:00:00+00:00,624.2507858854406
39444,FUNCUBE 1,2017-12-26 00:00:00+00:00,624.2484999781509
39444,FUNCUBE 1,2017-12-27 00:00:00+00:00,624.2460281755993
39444,FUNCUBE 1,2017-12-28 00:00:00+00:00,624.2434760299411
39444,FUNCUBE 1,2017-12-29 00:00:00+00:00,624.2419478944566
39444,FUNCUBE 1,2017-12-30 00:00:00+00:00,624.23954068891
39444,FUNCUBE 1,2017-12-31 00:00:00+00:00,624.2371240330667
39444,FUNCUBE 1,2018-01-01 00:00:00+00:00,624.2346569667361
39444,FUNCUBE 1,2018-01-02 00:00:00+00:00,624.2325238855942
39444,FUNCUBE 1,2018-01-03 00:00:00+00:00,624.2304286154636
39444,FUNCUBE 1,2018-01-04 00:00:00+00:00,624.228894185524
39444,FUNCUBE 1,2018-01-05 00:00:00+00:00,624.2269816631597
39444,FUNCUBE 1,2018-01-06 00:00:00+00:00,624.225412576679
39444,FUNCUBE 1,2018-01-07 00:00:00+00:00,624.2233645733718
39444,FUNCUBE 1,2018-01-08 00:00:00+00:00,624.2213701347332
39444,FUNCUBE 1,2018-01-09 00:00:00+00:00,624.2195521405679
39444,FUNCUBE 1,2018-01-10 00:00:00+00:00,624.2179294951256
39444,FUNCUBE 1,2018-01-11 00:00:00+00:00,624.2160232817787
39444,FUNCUBE 1,2018-01-12 00:00:00+00:00,624.213735827474
39444,FUNCUBE 1,2018-01-13 00:00:00+00:00,624.2116862574012
39444,FUNCUBE 1,2018-01-14 00:00:00+00:00,624.2093263392203
39444,FUNCUBE 1,2018-01-15 00:00:00+00:00,624.208095968781
39444,FUNCUBE 1,2018-01-16 00:00:00+00:00,624.206622990825
39444,FUNCUBE 1,2018-01-17 00:00:00+00:00,624.2048113077553
39444,FUNCUBE 1,2018-01-18 00:00:00+00:00,624.2024939304392
39444,FUNCUBE 1,2018-01-19 00:00:00+00:00,624.200130869257
39444,FUNCUBE 1,2018-01-20 00:00:00+00:00,624.1985744007134
39444,FUNCUBE 1,2018-01-21 00:00:00+00:00,624.1962601793571
39444,FUNCUBE 1,2018-01-22 00:00:00+00:00,624.1945461759201
39444,FUNCUBE 1,2018-01-23 00:00:00+00:00,624.1927880631997
39444,FUNCUBE 1,2018-01-24 00:00:00+00:00,624.1914080400074
39444,FUNCUBE 1,2018-01-25 00:00:00+00:00,624.1893128006191
39444,FUNCUBE 1,2018-01-26 00:00:00+00:00,624.1872459193896
39444,FUNCUBE 1,2018-01-27 00:00:00+00:00,624.1854421256585
39444,FUNCUBE 1,2018-01-28 00:00:00+00:00,624.183466618404
39444,FUNCUBE 1,2018-01-29 00:00:00+00:00,624.1817085126345
39444,FUNCUBE 1,2018-01-30 00:00:00+00:00,624.1803158920029
39444,FUNCUBE 1,2018-01-31 00:00:00+00:00,624.1787310779673
39444,FUNCUBE 1,2018-02-01 00:00:00+00:00,624.1769587969293
39444,FUNCUBE 1,2018-02-02 00:00:00+00:00,624.1751361055117
39444,FUNCUBE 1,2018-02-03 00:00:00+00:00,624.173403210712
39444,FUNCUBE 1,2018-02-04 00:00:00+00:00,624.172056279579
39444,FUNCUBE 1,2018-02-05 00:00:00+00:00,624.1706935955281
39444,FUNCUBE 1,2018-02-06 00:00:00+00:00,624.1689544020514
39444,FUNCUBE 1,2018-02-07 00:00:00+00:00,624.1674751433411
39444,FUNCUBE 1,2018-02-08 00:00:00+00:00,624.1658982132776
39444,FUNCUBE 1,2018-02-09 00:00:00+00:00,624.1639447746984
39444,FUNCUBE 1,2018-02-10 00:00:00+00:00,624.1627317531102
39444,FUNCUBE 1,2018-02-11 00:00:00+00:00,624.160578247147
39444,FUNCUBE 1,2018-02-12 00:00:00+00:00,624.1588689915952
39444,FUNCUBE 1,2018-02-13 00:00:00+00:00,624.1566351458441
39444,FUNCUBE 1,2018-02-14 00:00:00+00:00,624.1547793853333
39444,FUNCUBE 1,2018-02-15 00:00:00+00:00,624.1532796544861
39444,FUNCUBE 1,2018-02-16 00:00:00+00:00,624.1518303355242
39444,FUNCUBE 1,2018-02-17 00:00:00+00:00,624.1494137553605
39444,FUNCUBE 1,2018-02-18 00:00:00+00:00,624.1475753284244
39444,FUNCUBE 1,2018-02-19 00:00:00+00:00,624.1457148478999
39444,FUNCUBE 1,2018-02-20 00:00:00+00:00,624.1440197795046
39444,FUNCUBE 1,2018-02-21 00:00:00+00:00,624.1424570407771
39444,FUNCUBE 1,2018-02-22 00:00:00+00:00,624.141195192929
39444,FUNCUBE 1,2018-02-23 00:00:00+00:00,624.139107867888
39444,FUNCUBE 1,2018-02-24 00:00:00+00:00,624.1364707513021
39444,FUNCUBE 1,2018-02-25 00:00:00+00:00,624.134807195237
39444,FUNCUBE 1,2018-02-26 00:00:00+00:00,624.1329577505435
39444,FUNCUBE 1,2018-02-27 00:00:00+00:00,624.1308278975189
39444,FUNCUBE 1,2018-02-28 00:00:00+00:00,624.1288823601194
39444,FUNCUBE 1,2018-03-01 00:00:00+00:00,624.1278709962785
39444,FUNCUBE 1,2018-03-02 00:00:00+00:00,624.1256292985645
39444,FUNCUBE 1,2018-03-03 00:00:00+00:00,624.1234836978242
39444,FUNCUBE 1,2018-03-04 00:00:00+00:00,624.1215775487362
39444,FUNCUBE 1,2018-03-05 00:00:00+00:00,624.1197249621218
39444,FUNCUBE 1,2018-03-06 00:00:00+00:00,624.1179054586037
39444,FUNCUBE 1,2018-03-07 00:00:00+00:00,624.1162293109564
39444,FUNCUBE 1,2018-03-08 00:00:00+00:00,624.1149800775288
39444,FUNCUBE 1,2018-03-09 00:00:00+00:00,624.1132267407424
39444,FUNCUBE 1,2018-03-10 00:00:00+00:00,624.1112875168119
39444,FUNCUBE 1,2018-03-11 00:00:00+00:00,624.1083369374765
39444,FUNCUBE 1,2018-03-12 00:00:00+00:00,624.1064544285236
39444,FUNCUBE 1,2018-03-13 00:00:00+00:00,624.1041450092243
39444,FUNCUBE 1,2018-03-14 00:00:00+00:00,624.1020939440241
39444,FUNCUBE 1,2018-03-15 00:00:00+00:00,624.0990882383053
39444,FUNCUBE 1,2018-03-16 00:00:00+00:00,624.0967473187598
39444,FUNCUBE 1,2018-03-17 00:00:00+00:00,624.0937810016021
39444,FUNCUBE 1,2018-03-18 00:00:00+00:00,624.091474743379
39444,FUNCUBE 1,2018-03-19 00:00:00+00:00,624.0883761057112
39444,FUNCUBE 1,2018-03-20 00:00:00+00:00,624.0856602715494
39444,FUNCUBE 1,2018-03-21 00:00:00+00:00,624.0831901880101
39444,FUNCUBE 1,2018-03-22 00:00:00+00:00,624.0809406495391
39444,FUNCUBE 1,2018-03-23 00:00:00+00:00,624.0786438537207
39444,FUNCUBE 1,2018-03-24 00:00:00+00:00,624.0768810879422
39444,FUNCUBE 1,2018-03-25 00:00:00+00:00,624.0733382310736
39444,FUNCUBE 1,2018-03-26 00:00:00+00:00,624.0712682848216
39444,FUNCUBE 1,2018-03-27 00:00:00+00:00,624.0691195751087
39444,FUNCUBE 1,2018-03-28 00:00:00+00:00,624.0674686614684
39444,FUNCUBE 1,2018-03-29 00:00:00+00:00,624.0647118898169
39444,FUNCUBE 1,2018-03-30 00:00:00+00:00,624.0625726369117
39444,FUNCUBE 1,2018-03-31 00:00:00+00:00,624.0604963974356
39444,FUNCUBE 1,2018-04-01 00:00:00+00:00,624.0584516653862
39444,FUNCUBE 1,2018-04-02 00:00:00+00:00,624.0567881556531
39444,FUNCUBE 1,2018-04-03 00:00:00+00:00,624.0552018362091
39444,FUNCUBE 1,2018-04-04 00:00:00+00:00,624.0538360584901
39444,FUNCUBE 1,2018-04-05 00:00:00+00:00,624.0520370765043
39444,FUNCUBE 1,2018-04-06 00:00:00+00:00,624.0497938641865
39444,FUNCUBE 1,2018-04-07 00:00:00+00:00,624.048007487143
39444,FUNCUBE 1,2018-04-08 00:00:00+00:00,624.0468890329576
39444,FUNCUBE 1,2018-04-09 00:00:00+00:00,624.04375736362
39444,FUNCUBE 1,2018-04-10 00:00:00+00:00,624.0408273341081
39444,FUNCUBE 1,2018-04-11 00:00:00+00:00,624.0378122424254
39444,FUNCUBE 1,2018-04-12 00:00:00+00:00,624.035858893224
39444,FUNCUBE 1,2018-04-13 00:00:00+00:00,624.0333857030446
39444,FUNCUBE 1,2018-04-14 00:00:00+00:00,624.0313504424471
39444,FUNCUBE 1,2018-04-15 00:00:00+00:00,624.0288394495965
39444,FUNCUBE 1,2018-04-16 00:00:00+00:00,624.0265962558815
39444,FUNCUBE 1,2018-04-17 00:00:00+00:00,624.0243483381491
39444,FUNCUBE 1,2018-04-18 00:00:00+00:00,624.0224784878219
39444,FUNCUBE 1,2018-04-19 00:00:00+00:00,624.0203707726196
39444,FUNCUBE 1,2018-04-20 00:00:00+00:00,624.016941406805
39444,FUNCUBE 1,2018-04-21 00:00:00+00:00,624.014331184927
39444,FUNCUBE 1,2018-04-22 00:00:00+00:00,624.0122297769267
39444,FUNCUBE 1,2018-04-23 00:00:00+00:00,624.0102638434328
39444,FUNCUBE 1,2018-04-24 00:00:00+00:00,624.0076284235824
39444,FUNCUBE 1,2018-04-25 00:00:00+00:00,624.0049741029525
39444,FUNCUBE 1,2018-04-26 00:00:00+00:00,624.0030333787545
39444,FUNCUBE 1,2018-04-27 00:00:00+00:00,624.0009508823673
39444,FUNCUBE 1,2018-04-28 00:00:00+00:00,623.9990904992446
39444,FUNCUBE 1,2018-04-29 00:00:00+00:00,623.997072591445
39444,FUNCUBE 1,2018-04-30 00:00:00+00:00,623.9954721284676
39444,FUNCUBE 1,2018-05-01 00:00:00+00:00,623.9940071385836
39444,FUNCUBE 1,2018-05-02 00:00:00+00:00,623.9915276843358
39444,FUNCUBE 1,2018-05-03 00:00:00+00:00,623.9899114720101
39444,FUNCUBE 1,2018-05-04 00:00:00+00:00,623.988197594852
39444,FUNCUBE 1,2018-05-05 00:00:00+00:00,623.9864301601324
39444,FUNCUBE 1,2018-05-06 00:00:00+00:00,623.9828921435337
39444,FUNCUBE 1,2018-05-07 00:00:00+00:00,623.9808317156239
39444,FUNCUBE 1,2018-05-08 00:00:00+00:00,623.9787366337532
39444,FUNCUBE 1,2018-05-09 00:00:00+00:00,623.9767455198025
39444,FUNCUBE 1,2018-05-10 00:00:00+00:00,623.974199920488
39444,FUNCUBE 1,2018-05-11 00:00:00+00:00,623.971063606688
39444,FUNCUBE 1,2018-05-12 00:00:00+00:00,623.9686188281016
39444,FUNCUBE 1,2018-05-13 00:00:00+00:00,623.9662276098716
39444,FUNCUBE 1,2018-05-14 00:00:00+00:00,623.9636300371785
39444,FUNCUBE 1,2018-05-15 00:00:00+00:00,623.9615869510721
39444,FUNCUBE 1,2018-05-16 00:00:00+00:00,623.9596100265762
39444,FUNCUBE 1,2018-05-17 00:00:00+00:00,623.9565257117974
39444,FUNCUBE 1,2018-05-18 00:00:00+00:00,623.9541266277179
39444,FUNCUBE 1,2018-05-19 00:00:00+00:00,623.9526096767295
39444,FUNCUBE 1,2018-05-20 00:00:00+00:00,623.9507351486072
39444,FUNCUBE 1,2018-05-21 00:00:00+00:00,623.9486684434264
39444,FUNCUBE 1,2018-05-22 00:00:00+00:00,623.9462079320979
39444,FUNCUBE 1,2018-05-23 00:00:00+00:00,623.9444720284491
39444,FUNCUBE 1,2018-05-24 00:00:00+00:00,623.9423612215041
39444,FUNCUBE 1,2018-05-25 00:00:00+00:00,623.9406662761603
39444,FUNCUBE 1,2018-05-26 00:00:00+00:00,623.93860745454
39444,FUNCUBE 1,2018-05-27 00:00:00+00:00,623.9365092538033
39444,FUNCUBE 1,2018-05-28 00:00:00+00:00,623.9346032319736
39444,FUNCUBE 1,2018-05-29 00:00:00+00:00,623.9325396891409
39444,FUNCUBE 1,2018-05-30 00:00:00+00:00,623.9302934221159
39444,FUNCUBE 1,2018-05-31 00:00:00+00:00,623.9279400419173
39444,FUNCUBE 1,2018-06-01 00:00:00+00:00,623.9251755315036
39444,FUNCUBE 1,2018-06-02 00:00:00+00:00,623.9226819612309
39444,FUNCUBE 1,2018-06-03 00:00:00+00:00,623.92120283247
39444,FUNCUBE 1,2018-06-04 00:00:00+00:00,623.9193598296797
39444,FUNCUBE 1,2018-06-05 00:00:00+00:00,623.9172175373587
39444,FUNCUBE 1,2018-06-06 00:00:00+00:00,623.9148515664447
39444,FUNCUBE 1,2018-06-07 00:00:00+00:00,623.9128983029741
39444,FUNCUBE 1,2018-06-08 00:00:00+00:00,623.9104882297888
39444,FUNCUBE 1,2018-06-09 00:00:00+00:00,623.9086672869817
39444,FUNCUBE 1,2018-06-10 00:00:00+00:00,623.9065974624345
39444,FUNCUBE 1,2018-06-11 00:00:00+00:00,623.904751318827
39444,FUNCUBE 1,2018-06-12 00:00:00+00:00,623.902741355007
39444,FUNCUBE 1,2018-06-13 00:00:00+00:00,623.9011756004775
39444,FUNCUBE 1,2018-06-14 00:00:00+00:00,623.8997201111424
39444,FUNCUBE 1,2018-06-15 00:00:00+00:00,623.8979228033877
39444,FUNCUBE 1,2018-06-16 00:00:00+00:00,623.8965303238951
39444,FUNCUBE 1,2018-06-17 00:00:00+00:00,623.8947692478487
39444,FUNCUBE 1,2018-06-18 00:00:00+00:00,623.892014221341
39444,FUNCUBE 1,2018-06-19 00:00:00+00:00,623.8902310953217
39444,FUNCUBE 1,2018-06-20 00:00:00+00:00,623.8882951762303
39444,FUNCUBE 1,2018-06-21 00:00:00+00:00,623.886250569889
39444,FUNCUBE 1,2018-06-22 00:00:00+00:00,623.8843902629233
39444,FUNCUBE 1,2018-06-23 00:00:00+00:00,623.8823692873993
39444,FUNCUBE 1,2018-06-24 00:00:00+00:00,623.8793433398823
39444,FUNCUBE 1,2018-06-25 00:00:00+00:00,623.8776909629028
39444,FUNCUBE 1,2018-06-26 00:00:00+00:00,623.8735592370203
39444,FUNCUBE 1,2018-06-27 00:00:00+00:00,623.8711255698618
39444,FUNCUBE 1,2018-06-28 00:00:00+00:00,623.8695787352676
39444,FUNCUBE 1,2018-06-29 00:00:00+00:00,623.867504214033
39444,FUNCUBE 1,2018-06-30 00:00:00+00:00,623.8657053517654
39444,FUNCUBE 1,2018-07-01 00:00:00+00:00,623.863986825057
39444,FUNCUBE 1,2018-07-02 00:00:00+00:00,623.8625723098221
39444,FUNCUBE 1,2018-07-03 00:00:00+00:00,623.8614539296855
39444,FUNCUBE 1,2018-07-04 00:00:00+00:00,623.8602300127804
39444,FUNCUBE 1,2018-07-05 00:00:00+00:00,623.8589982205012
39444,FUNCUBE 1,2018-07-06 00:00:00+00:00,623.8573978364584
39444,FUNCUBE 1,2018-07-07 00:00:00+00:00,623.8555391238533
39444,FUNCUBE 1,2018-07-08 00:00:00+00:00,623.853554398198
39444,FUNCUBE 1,2018-07-09 00:00:00+00:00,623.8522343988975
39444,FUNCUBE 1,2018-07-10 00:00:00+00:00,623.8504481478512
39444,FUNCUBE 1,2018-07-11 00:00:00+00:00,623.8490619926215
39444,FUNCUBE 1,2018-07-12 00:00:00+00:00,623.8479751213881
39444,FUNCUBE 1,2018-07-13 00:00:00+00:00,623.84577775261
39444,FUNCUBE 1,2018-07-14 00:00:00+00:00,623.8436024379016
39444,FUNCUBE 1,2018-07-15 00:00:00+00:00,623.8422351881541
39444,FUNCUBE 1,2018-07-16 00:00:00+00:00,623.8398944832625
39444,FUNCUBE 1,2018-07-17 00:00:00+00:00,623.8378719646194
39444,FUNCUBE 1,2018-07-18 00:00:00+00:00,623.8361975597231
39444,FUNCUBE 1,2018-07-19 00:00:00+00:00,623.8347704571693
39444,FUNCUBE 1,2018-07-20 00:00:00+00:00,623.833121256791
39444,FUNCUBE 1,2018-07-21 00:00:00+00:00,623.8311081940346
39444,FUNCUBE 1,2018-07-22 00:00:00+00:00,623.829082531407
39444,FUNCUBE 1,2018-07-23 00:00:00+00:00,623.8272994454537
39444,FUNCUBE 1,2018-07-24 00:00:00+00:00,623.8255636155181
39444,FUNCUBE 1,2018-07-25 00:00:00+00:00,623.8244326488621
39444,FUNCUBE 1,2018-07-26 00:00:00+00:00,623.8227062716724
39444,FUNCUBE 1,2018-07-27 00:00:00+00:00,623.8214902475011
39444,FUNCUBE 1,2018-07-28 00:00:00+00:00,623.8199497409541
39444,FUNCUBE 1,2018-07-29 00:00:00+00:00,623.8190345734442
39444,FUNCUBE 1,2018-07-30 00:00:00+00:00,623.8174105847747
39444,FUNCUBE 1,2018-07-31 00:00:00+00:00,623.816122105658
39444,FUNCUBE 1,2018-08-01 00:00:00+00:00,623.814074401681
39444,FUNCUBE 1,2018-08-02 00:00:00+00:00,623.813231693241
39444,FUNCUBE 1,2018-08-03 00:00:00+00:00,623.8119967712778
39444,FUNCUBE 1,2018-08-04 00:00:00+00:00,623.8105287270432
39444,FUNCUBE 1,2018-08-05 00:00:00+00:00,623.8090102786678
39444,FUNCUBE 1,2018-08-06 00:00:00+00:00,623.8079943048451
39444,FUNCUBE 1,2018-08-07 00:00:00+00:00,623.8060694686737
39444,FUNCUBE 1,2018-08-08 00:00:00+00:00,623.8048676280778
39444,FUNCUBE 1,2018-08-09 00:00:00+00:00,623.802853010463
39444,FUNCUBE 1,2018-08-10 00:00:00+00:00,623.8014511272968
39444,FUNCUBE 1,2018-08-11 00:00:00+00:00,623.79972948973
39444,FUNCUBE 1,2018-08-12 00:00:00+00:00,623.7984425938816
39444,FUNCUBE 1,2018-08-13 00:00:00+00:00,623.7970029094004
39444,FUNCUBE 1,2018-08-14 00:00:00+00:00,623.795317502907
39444,FUNCUBE 1,2018-08-15 00:00:00+00:00,623.7940479356948
39444,FUNCUBE 1,2018-08-16 00:00:00+00:00,623.7924743662984
39444,FUNCUBE 1,2018-08-17 00:00:00+00:00,623.7908897716993
39444,FUNCUBE 1,2018-08-18 00:00:00+00:00,623.7890767822846
39444,FUNCUBE 1,2018-08-19 00:00:00+00:00,623.7874732879018
39444,FUNCUBE 1,2018-08-20 00:00:00+00:00,623.7854051280674
39444,FUNCUBE 1,2018-08-22 00:00:00+00:00,623.7822091703902
39444,FUNCUBE 1,2018-08-23 00:00:00+00:00,623.7812026571291
39444,FUNCUBE 1,2018-08-24 00:00:00+00:00,623.7798952930857
39444,FUNCUBE 1,2018-08-25 00:00:00+00:00,623.7785296494812
39444,FUNCUBE 1,2018-08-26 00:00:00+00:00,623.7741444733447
39444,FUNCUBE 1,2018-08-27 00:00:00+00:00,623.7724386039822
39444,FUNCUBE 1,2018-08-28 00:00:00+00:00,623.7692647128551
39444,FUNCUBE 1,2018-08-29 00:00:00+00:00,623.767995157451
39444,FUNCUBE 1,2018-08-30 00:00:00+00:00,623.7665869912162
39444,FUNCUBE 1,2018-08-31 00:00:00+00:00,623.7642447744443
39444,FUNCUBE 1,2018-09-01 00:00:00+00:00,623.763046102059
39444,FUNCUBE 1,2018-09-02 00:00:00+00:00,623.761786000277
39444,FUNCUBE 1,2018-09-03 00:00:00+00:00,623.7603179823632
39444,FUNCUBE 1,2018-09-04 00:00:00+00:00,623.7588105870955
39444,FUNCUBE 1,2018-09-05 00:00:00+00:00,623.7578324344486
39444,FUNCUBE 1,2018-09-06 00:00:00+00:00,623.7555012508628
39444,FUNCUBE 1,2018-09-07 00:00:00+00:00,623.7539355786521
39444,FUNCUBE 1,2018-09-08 00:00:00+00:00,623.7525274194832
39444,FUNCUBE 1,2018-09-09 00:00:00+00:00,623.7514342852464
39444,FUNCUBE 1,2018-09-10 00:00:00+00:00,623.7500040756481
39444,FUNCUBE 1,2018-09-11 00:00:00+00:00,623.7472113887752
39444,FUNCUBE 1,2018-09-12 00:00:00+00:00,623.7452629675481
39444,FUNCUBE 1,2018-09-13 00:00:00+00:00,623.743612244758
39444,FUNCUBE 1,2018-09-14 00:00:00+00:00,623.7414322840937
39444,FUNCUBE 1,2018-09-15 00:00:00+00:00,623.7399138731798
39444,FUNCUBE 1,2018-09-16 00:00:00+00:00,623.7383324585462
39444,FUNCUBE 1,2018-09-17 00:00:00+00:00,623.7365494303667
39444,FUNCUBE 1,2018-09-18 00:00:00+00:00,623.7351759324029
39444,FUNCUBE 1,2018-09-19 00:00:00+00:00,623.7334732368931
39444,FUNCUBE 1,2018-09-20 00:00:00+00:00,623.731994208054
39444,FUNCUBE 1,2018-09-21 00:00:00+00:00,623.7299024625308
39444,FUNCUBE 1,2018-09-22 00:00:00+00:00,623.728448637331
39444,FUNCUBE 1,2018-09-23 00:00:00+00:00,623.7255094870143
39444,FUNCUBE 1,2018-09-24 00:00:00+00:00,623.724304530766
39444,FUNCUBE 1,2018-09-25 00:00:00+00:00,623.7227451764147
39444,FUNCUBE 1,2018-09-26 00:00:00+00:00,623.7206565880069
39444,FUNCUBE 1,2018-09-27 00:00:00+00:00,623.7189854033822
39444,FUNCUBE 1,2018-09-28 00:00:00+00:00,623.7175662360705
39444,FUNCUBE 1,2018-09-29 00:00:00+00:00,623.7163392319299
39444,FUNCUBE 1,2018-09-30 00:00:00+00:00,623.71471845304
39444,FUNCUBE 1,2018-10-01 00:00:00+00:00,623.7131622542124
39444,FUNCUBE 1,2018-10-02 00:00:00+00:00,623.7105255387469
39444,FUNCUBE 1,2018-10-03 00:00:00+00:00,623.7092827867259
39444,FUNCUBE 1,2018-10-04 00:00:00+00:00,623.7078210966565
39444,FUNCUBE 1,2018-10-05 00:00:00+00:00,623.706006585981
39444,FUNCUBE 1,2018-10-06 00:00:00+00:00,623.7042220032945
39444,FUNCUBE 1,2018-10-07 00:00:00+00:00,623.7010497647129
39444,FUNCUBE 1,2018-10-08 00:00:00+00:00,623.6982870532975
39444,FUNCUBE 1,2018-10-09 00:00:00+00:00,623.6966647097961
39444,FUNCUBE 1,2018-10-10 00:00:00+00:00,623.6948817081447
39444,FUNCUBE 1,2018-10-11 00:00:00+00:00,623.6919677944607
39444,FUNCUBE 1,2018-10-12 00:00:00+00:00,623.690002085752
39444,FUNCUBE 1,2018-10-13 00:00:00+00:00,623.6870629758441
39444,FUNCUBE 1,2018-10-14 00:00:00+00:00,623.6845396909139
39444,FUNCUBE 1,2018-10-15 00:00:00+00:00,623.682180216872
39444,FUNCUBE 1,2018-10-16 00:00:00+00:00,623.6804066749082
39444,FUNCUBE 1,2018-10-17 00:00:00+00:00,623.6777416388586
39444,FUNCUBE 1,2018-10-18 00:00:00+00:00,623.6762768153462
39444,FUNCUBE 1,2018-10-19 00:00:00+00:00,623.673517278402
39444,FUNCUBE 1,2018-10-20 00:00:00+00:00,623.6721973639505
39444,FUNCUBE 1,2018-10-21 00:00:00+00:00,623.6710522835592
39444,FUNCUBE 1,2018-10-22 00:00:00+00:00,623.6688109515508
39444,FUNCUBE 1,2018-10-23 00:00:00+00:00,623.6662908331537
39444,FUNCUBE 1,2018-10-24 00:00:00+00:00,623.6643345928987
39444,FUNCUBE 1,2018-10-25 00:00:00+00:00,623.6621672945039
39444,FUNCUBE 1,2018-10-26 00:00:00+00:00,623.6609828414612
39444,FUNCUBE 1,2018-10-27 00:00:00+00:00,623.6589541518292
39444,FUNCUBE 1,2018-10-28 00:00:00+00:00,623.656531696517
39444,FUNCUBE 1,2018-10-29 00:00:00+00:00,623.6546841426825
39444,FUNCUBE 1,2018-10-30 00:00:00+00:00,623.653170503977
39444,FUNCUBE 1,2018-10-31 00:00:00+00:00,623.6514568328685
39444,FUNCUBE 1,2018-11-01 00:00:00+00:00,623.6490816360429
39444,FUNCUBE 1,2018-11-02 00:00:00+00:00,623.6477900843593
39444,FUNCUBE 1,2018-11-03 00:00:00+00:00,623.6454668675806
39444,FUNCUBE 1,2018-11-04 00:00:00+00:00,623.6437484759736
39444,FUNCUBE 1,2018-11-05 00:00:00+00:00,623.641549692321
39444,FUNCUBE 1,2018-11-06 00:00:00+00:00,623.6390737001893
39444,FUNCUBE 1,2018-11-07 00:00:00+00:00,623.6363142000873
39444,FUNCUBE 1,2018-11-08 00:00:00+00:00,623.6340807710594
39444,FUNCUBE 1,2018-11-09 00:00:00+00:00,623.6314756311649
39444,FUNCUBE 1,2018-11-10 00:00:00+00:00,623.6297714236098
39444,FUNCUBE 1,2018-11-11 00:00:00+00:00,623.6274875982822
39444,FUNCUBE 1,2018-11-12 00:00:00+00:00,623.6260574518528
39444,FUNCUBE 1,2018-11-13 00:00:00+00:00,623.6223954616453
39444,FUNCUBE 1,2018-11-14 00:00:00+00:00,623.6204802032785
39444,FUNCUBE 1,2018-11-15 00:00:00+00:00,623.618179059873
39444,FUNCUBE 1,2018-11-16 00:00:00+00:00,623.6164118586366
39444,FUNCUBE 1,2018-11-17 00:00:00+00:00,623.6143264996117
39444,FUNCUBE 1,2018-11-18 00:00:00+00:00,623.6118489565433
39444,FUNCUBE 1,2018-11-19 00:00:00+00:00,623.6096265722745
39444,FUNCUBE 1,2018-11-20 00:00:00+00:00,623.607484516856
39444,FUNCUBE 1,2018-11-21 00:00:00+00:00,623.6059819289594
39444,FUNCUBE 1,2018-11-22 00:00:00+00:00,623.6044761919388
39444,FUNCUBE 1,2018-11-23 00:00:00+00:00,623.6025688208906
39444,FUNCUBE 1,2018-11-24 00:00:00+00:00,623.6000093863199
39444,FUNCUBE 1,2018-11-25 00:00:00+00:00,623.5982295962449
39444,FUNCUBE 1,2018-11-26 00:00:00+00:00,623.5967112629796
39444,FUNCUBE 1,2018-11-27 00:00:00+00:00,623.5948180726373
39444,FUNCUBE 1,2018-11-28 00:00:00+00:00,623.5928524321143
39444,FUNCUBE 1,2018-11-29 00:00:00+00:00,623.5916065822362
39444,FUNCUBE 1,2018-11-30 00:00:00+00:00,623.5894487902151
39444,FUNCUBE 1,2018-12-01 00:00:00+00:00,623.5877446082627
39444,FUNCUBE 1,2018-12-02 00:00:00+00:00,623.5858923747155
39444,FUNCUBE 1,2018-12-03 00:00:00+00:00,623.5843015969017
39444,FUNCUBE 1,2018-12-04 00:00:00+00:00,623.5828100466088
39444,FUNCUBE 1,2018-12-05 00:00:00+00:00,623.5809263158217
39444,FUNCUBE 1,2018-12-06 00:00:00+00:00,623.579187488604
39444,FUNCUBE 1,2018-12-07 00:00:00+00:00,623.5767619522708
39444,FUNCUBE 1,2018-12-08 00:00:00+00:00,623.5747112732374
39444,FUNCUBE 1,2018-12-09 00:00:00+00:00,623.5720920133645
39444,FUNCUBE 1,2018-12-10 00:00:00+00:00,623.5701153636373
39444,FUNCUBE 1,2018-12-11 00:00:00+00:00,623.5689892252185
39444,FUNCUBE 1,2018-12-12 00:00:00+00:00,623.5669354018701
39444,FUNCUBE 1,2018-12-13 00:00:00+00:00,623.5643728497698
39444,FUNCUBE 1,2018-12-14 00:00:00+00:00,623.5621394781169
39444,FUNCUBE 1,2018-12-15 00:00:00+00:00,623.560268361337
39444,FUNCUBE 1,2018-12-16 00:00:00+00:00,623.5597249817151
39444,FUNCUBE 1,2018-12-17 00:00:00+00:00,623.5576790401874
39444,FUNCUBE 1,2018-12-18 00:00:00+00:00,623.5555811248241
39444,FUNCUBE 1,2018-12-19 00:00:00+00:00,623.5538895635464
39444,FUNCUBE 1,2018-12-20 00:00:00+00:00,623.5518326012325
39444,FUNCUBE 1,2018-12-21 00:00:00+00:00,623.5497787904451
39444,FUNCUBE 1,2018-12-22 00:00:00+00:00,623.5482699334807
39444,FUNCUBE 1,2018-12-23 00:00:00+00:00,623.5465657765908
39444,FUNCUBE 1,2018-12-24 00:00:00+00:00,623.5449340709674
39444,FUNCUBE 1,2018-12-25 00:00:00+00:00,623.5434630167865
39444,FUNCUBE 1,2018-12-26 00:00:00+00:00,623.5419447131285
39444,FUNCUBE 1,2018-12-27 00:00:00+00:00,623.5403775852938
39444,FUNCUBE 1,2018-12-28 00:00:00+00:00,623.5385143580643
39444,FUNCUBE 1,2018-12-29 00:00:00+00:00,623.5367598070989
39444,FUNCUBE 1,2018-12-30 00:00:00+00:00,623.5348572072944
39444,FUNCUBE 1,2018-12-31 00:00:00+00:00,623.533398758319
39444,FUNCUBE 1,2019-01-01 00:00:00+00:00,623.5317576103807
39444,FUNCUBE 1,2019-01-02 00:00:00+00:00,623.5303385379402
39444,FUNCUBE 1,2019-01-03 00:00:00+00:00,623.5284012925904
39444,FUNCUBE 1,2019-01-04 00:00:00+00:00,623.5280941684514
39444,FUNCUBE 1,2019-01-05 00:00:00+00:00,623.5254812522853
39444,FUNCUBE 1,2019-01-06 00:00:00+00:00,623.5240590329104
39444,FUNCUBE 1,2019-01-07 00:00:00+00:00,623.5223596157316
39444,FUNCUBE 1,2019-01-08 00:00:00+00:00,623.520461750657
39444,FUNCUBE 1,2019-01-09 00:00:00+00:00,623.5183292133979
39444,FUNCUBE 1,2019-01-10 00:00:00+00:00,623.5169337725729
39444,FUNCUBE 1,2019-01-11 00:00:00+00:00,623.5155698323206
39444,FUNCUBE 1,2019-01-12 00:00:00+00:00,623.5144389907755
39444,FUNCUBE 1,2019-01-13 00:00:00+00:00,623.5129065280698
39444,FUNCUBE 1,2019-01-14 00:00:00+00:00,623.5114874652036
39444,FUNCUBE 1,2019-01-15 00:00:00+00:00,623.5094903834129
39444,FUNCUBE 1,2019-01-16 00:00:00+00:00,623.5083374945843
39444,FUNCUBE 1,2019-01-17 00:00:00+00:00,623.5069641085292
39444,FUNCUBE 1,2019-01-18 00:00:00+00:00,623.5051765027006
39444,FUNCUBE 1,2019-01-19 00:00:00+00:00,623.5036141203905
39444,FUNCUBE 1,2019-01-20 00:00:00+00:00,623.5025321082235
39444,FUNCUBE 1,2019-01-21 00:00:00+00:00,623.5007980544565
39444,FUNCUBE 1,2019-01-22 00:00:00+00:00,623.4996199695756
39444,FUNCUBE 1,2019-01-23 00:00:00+00:00,623.4976685706479
39444,FUNCUBE 1,2019-01-24 00:00:00+00:00,623.4959770443666
39444,FUNCUBE 1,2019-01-25 00:00:00+00:00,623.4939972984403
39444,FUNCUBE 1,2019-01-26 00:00:00+00:00,623.492723142871
39444,FUNCUBE 1,2019-01-27 00:00:00+00:00,623.4916238101096
39444,FUNCUBE 1,2019-01-28 00:00:00+00:00,623.4900897848875
39444,FUNCUBE 1,2019-01-29 00:00:00+00:00,623.4884659871427
40697,SENTINEL 2A,2017-12-02 00:00:00+00:00,788.9948599915424
40697,SENTINEL 2A,2017-12-03 00:00:00+00:00,789.000904326148
40697,SENTINEL 2A,2017-12-04 00:00:00+00:00,789.0066414466955
40697,SENTINEL 2A,2017-12-05 00:00:00+00:00,789.009853972062
40697,SENTINEL 2A,2017-12-06 00:00:00+00:00,789.0114068052599
40697,SENTINEL 2A,2017-12-07 00:00:00+00:00,789.0110828808465
40697,SENTINEL 2A,2017-12-08 00:00:00+00:00,789.0080139492993
40697,SENTINEL 2A,2017-12-09 00:00:00+00:00,789.0045075570943
40697,SENTINEL 2A,2017-12-10 00:00:00+00:00,789.0011781581834
40697,SENTINEL 2A,2017-12-11 00:00:00+00:00,788.9980324307694
40697,SENTINEL 2A,2017-12-12 00:00:00+00:00,788.9980574763581
40697,SENTINEL 2A,2017-12-13 00:00:00+00:00,788.9981125766462
40697,SENTINEL 2A,2017-12-14 00:00:00+00:00,788.9977752960908
40697,SENTINEL 2A,2017-12-15 00:00:00+00:00,788.9972710450347
40697,SENTINEL 2A,2017-12-16 00:00:00+00:00,788.9971474868416
40697,SENTINEL 2A,2017-12-17 00:00:00+00:00,788.9970005527821
40697,SENTINEL 2A,2017-12-18 00:00:00+00:00,788.9964094772104
40697,SENTINEL 2A,2017-12-19 00:00:00+00:00,788.9959953904417
40697,SENTINEL 2A,2017-12-20 00:00:00+00:00,788.9956514313153
40697,SENTINEL 2A,2017-12-21 00:00:00+00:00,788.9950419892839
40697,SENTINEL 2A,2017-12-22 00:00:00+00:00,788.9943924744794
40697,SENTINEL 2A,2017-12-23 00:00:00+00:00,788.9941720736051
40697,SENTINEL 2A,2017-12-24 00:00:00+00:00,788.9941052854638
40697,SENTINEL 2A,2017-12-25 00:00:00+00:00,788.9935576227717
40697,SENTINEL 2A,2017-12-26 00:00:00+00:00,788.9933873130522
40697,SENTINEL 2A,2017-12-27 00:00:00+00:00,788.9930299966163
40697,SENTINEL 2A,2017-12-28 00:00:00+00:00,788.9922519151878
40697,SENTINEL 2A,2017-12-29 00:00:00+00:00,788.9917677015283
40697,SENTINEL 2A,2017-12-30 00:00:00+00:00,788.9914471187376
40697,SENTINEL 2A,2017-12-31 00:00:00+00:00,788.990765880425
40697,SENTINEL 2A,2018-01-01 00:00:00+00:00,788.9904686735645
40697,SENTINEL 2A,2018-01-02 00:00:00+00:00,788.9903484550678
40697,SENTINEL 2A,2018-01-03 00:00:00+00:00,788.9898976357508
40697,SENTINEL 2A,2018-01-04 00:00:00+00:00,788.9896004289812
40697,SENTINEL 2A,2018-01-05 00:00:00+00:00,788.9891061975677
40697,SENTINEL 2A,2018-01-06 00:00:00+00:00,788.9885518570272
40697,SENTINEL 2A,2018-01-07 00:00:00+00:00,788.9877704374139
40697,SENTINEL 2A,2018-01-08 00:00:00+00:00,788.987302921506
40697,SENTINEL 2A,2018-01-09 00:00:00+00:00,788.9874799096624
40697,SENTINEL 2A,2018-01-10 00:00:00+00:00,788.986808690488
40697,SENTINEL 2A,2018-01-11 00:00:00+00:00,788.9878288769219
40697,SENTINEL 2A,2018-01-12 00:00:00+00:00,788.9929665479085
40697,SENTINEL 2A,2018-01-13 00:00:00+00:00,789.0018660778023
40697,SENTINEL 2A,2018-01-14 00:00:00+00:00,789.0101244655261
40697,SENTINEL 2A,2018-01-15 00:00:00+00:00,789.0168400583634
40697,SENTINEL 2A,2018-01-16 00:00:00+00:00,789.0218692495764
40697,SENTINEL 2A,2018-01-17 00:00:00+00:00,789.0239263449375
40697,SENTINEL 2A,2018-01-18 00:00:00+00:00,789.0231883284132
40697,SENTINEL 2A,2018-01-19 00:00:00+00:00,789.0208039686295
40697,SENTINEL 2A,2018-01-20 00:00:00+00:00,789.0152204335891
40697,SENTINEL 2A,2018-01-21 00:00:00+00:00,789.0114468783877
40697,SENTINEL 2A,2018-01-22 00:00:00+00:00,789.0096402488489
40697,SENTINEL 2A,2018-01-23 00:00:00+00:00,789.0085048445462
40697,SENTINEL 2A,2018-01-24 00:00:00+00:00,789.0077100618018
40697,SENTINEL 2A,2018-01-25 00:00:00+00:00,789.0074996781705
40697,SENTINEL 2A,2018-01-26 00:00:00+00:00,789.0075247238415
40697,SENTINEL 2A,2018-01-27 00:00:00+00:00,789.0070521955795
40697,SENTINEL 2A,2018-01-28 00:00:00+00:00,789.0068701970845
40697,SENTINEL 2A,2018-01-29 00:00:00+00:00,789.007118984021
40697,SENTINEL 2A,2018-01-30 00:00:00+00:00,789.0070354984691
40697,SENTINEL 2A,2018-01-31 00:00:00+00:00,789.006754987031
40697,SENTINEL 2A,2018-02-01 00:00:00+00:00,789.0068752062152
40697,SENTINEL 2A,2018-02-02 00:00:00+00:00,789.0063943295081
40697,SENTINEL 2A,2018-02-03 00:00:00+00:00,789.0054359157557
40697,SENTINEL 2A,2018-02-04 00:00:00+00:00,789.0052221928718
40697,SENTINEL 2A,2018-02-05 00:00:00+00:00,789.0048581961219
40697,SENTINEL 2A,2018-02-06 00:00:00+00:00,789.0040968085741
40697,SENTINEL 2A,2018-02-07 00:00:00+00:00,789.0034923738667
40697,SENTINEL 2A,2018-02-08 00:00:00+00:00,789.0035558228083
40697,SENTINEL 2A,2018-02-09 00:00:00+00:00,789.0029380305468
40697,SENTINEL 2A,2018-02-10 00:00:00+00:00,789.002834508613
40697,SENTINEL 2A,2018-02-11 00:00:00+00:00,789.0029680853022
40697,SENTINEL 2A,2018-02-12 00:00:00+00:00,789.0026274647571
40697,SENTINEL 2A,2018-02-13 00:00:00+00:00,789.0021332310962
40697,SENTINEL 2A,2018-02-14 00:00:00+00:00,789.0021933405906
40697,SENTINEL 2A,2018-02-15 00:00:00+00:00,789.0022835048348
40697,SENTINEL 2A,2018-02-16 00:00:00+00:00,789.0016556945993
40697,SENTINEL 2A,2018-02-17 00:00:00+00:00,789.0011547822769
40697,SENTINEL 2A,2018-02-18 00:00:00+00:00,789.0011080304648
40697,SENTINEL 2A,2018-02-19 00:00:00+00:00,789.000303231528
40697,SENTINEL 2A,2018-02-20 00:00:00+00:00,788.9996052940442
40697,SENTINEL 2A,2018-02-21 00:00:00+00:00,788.9993698654102
40697,SENTINEL 2A,2018-02-22 00:00:00+00:00,788.9985867731411
40697,SENTINEL 2A,2018-02-23 00:00:00+00:00,788.9974814279153
40697,SENTINEL 2A,2018-02-24 00:00:00+00:00,788.997481427914
40697,SENTINEL 2A,2018-02-25 00:00:00+00:00,788.9976116649423
40697,SENTINEL 2A,2018-02-26 00:00:00+00:00,788.9970940562744
40697,SENTINEL 2A,2018-02-27 00:00:00+00:00,788.9969070492944
40697,SENTINEL 2A,2018-02-28 00:00:00+00:00,788.9969471222166
40697,SENTINEL 2A,2018-03-01 00:00:00+00:00,788.9967734728871
40697,SENTINEL 2A,2018-03-02 00:00:00+00:00,788.9968836734224
40697,SENTINEL 2A,2018-03-03 00:00:00+00:00,788.9970139104244
40697,SENTINEL 2A,2018-03-04 00:00:00+00:00,788.9965998235666
40697,SENTINEL 2A,2018-03-05 00:00:00+00:00,788.9956814859943
40697,SENTINEL 2A,2018-03-06 00:00:00+00:00,788.9951037683277
40697,SENTINEL 2A,2018-03-07 00:00:00+00:00,788.9947598093077
40697,SENTINEL 2A,2018-03-08 00:00:00+00:00,788.9940819096155
40697,SENTINEL 2A,2018-03-09 00:00:00+00:00,788.9936511261503
40697,SENTINEL 2A,2018-03-10 00:00:00+00:00,788.9937546477531
40697,SENTINEL 2A,2018-03-11 00:00:00+00:00,788.9931401970089
40697,SENTINEL 2A,2018-03-12 00:00:00+00:00,788.9928663657411
40697,SENTINEL 2A,2018-03-13 00:00:00+00:00,788.9931568940383
40697,SENTINEL 2A,2018-03-14 00:00:00+00:00,788.993016638995
40697,SENTINEL 2A,2018-03-15 00:00:00+00:00,788.9935275681146
40697,SENTINEL 2A,2018-03-16 00:00:00+00:00,788.9973979426422
40697,SENTINEL 2A,2018-03-17 00:00:00+00:00,789.0053958427134
40697,SENTINEL 2A,2018-03-18 00:00:00+00:00,789.0118943616635
40697,SENTINEL 2A,2018-03-19 00:00:00+00:00,789.0173927346787
40697,SENTINEL 2A,2018-03-20 00:00:00+00:00,789.0213683337215
40697,SENTINEL 2A,2018-03-21 00:00:00+00:00,789.0229612464427
40697,SENTINEL 2A,2018-03-22 00:00:00+00:00,789.0220429004266
40697,SENTINEL 2A,2018-03-23 00:00:00+00:00,789.0200559345958
40697,SENTINEL 2A,2018-03-24 00:00:00+00:00,789.0158749622542
40697,SENTINEL 2A,2018-03-25 00:00:00+00:00,789.0119511319353
40697,SENTINEL 2A,2018-03-26 00:00:00+00:00,789.0100343010354
40697,SENTINEL 2A,2018-03-27 00:00:00+00:00,789.0100176039077
40697,SENTINEL 2A,2018-03-28 00:00:00+00:00,789.0094064891027
40697,SENTINEL 2A,2018-03-29 00:00:00+00:00,789.0094198468023
40697,SENTINEL 2A,2018-03-30 00:00:00+00:00,789.0096168728733
40697,SENTINEL 2A,2018-03-31 00:00:00+00:00,789.0095567632234
40697,SENTINEL 2A,2018-04-01 00:00:00+00:00,789.0091927659232
40697,SENTINEL 2A,2018-04-02 00:00:00+00:00,789.0091526928281
40697,SENTINEL 2A,2018-04-03 00:00:00+00:00,789.0085182022412
40697,SENTINEL 2A,2018-04-04 00:00:00+00:00,789.007783529104
40697,SENTINEL 2A,2018-04-05 00:00:00+00:00,789.006903591302
40697,SENTINEL 2A,2018-04-06 00:00:00+00:00,789.0068284543104
40697,SENTINEL 2A,2018-04-07 00:00:00+00:00,789.0061371940792
40697,SENTINEL 2A,2018-04-08 00:00:00+00:00,789.0057030693815
40697,SENTINEL 2A,2018-04-09 00:00:00+00:00,789.0062373767114
40697,SENTINEL 2A,2018-04-10 00:00:00+00:00,789.0056763540188
40697,SENTINEL 2A,2018-04-11 00:00:00+00:00,789.0054125398137
40697,SENTINEL 2A,2018-04-12 00:00:00+00:00,789.0051637530228
40697,SENTINEL 2A,2018-04-13 00:00:00+00:00,789.0049516998697
40697,SENTINEL 2A,2018-04-14 00:00:00+00:00,789.0042103488095
40697,SENTINEL 2A,2018-04-15 00:00:00+00:00,789.0040567355518
40697,SENTINEL 2A,2018-04-16 00:00:00+00:00,789.0041068268301
40697,SENTINEL 2A,2018-04-17 00:00:00+00:00,789.0033754942424
40697,SENTINEL 2A,2018-04-18 00:00:00+00:00,789.0023369354994
40697,SENTINEL 2A,2018-04-19 00:00:00+00:00,789.0026641983432
40697,SENTINEL 2A,2018-04-20 00:00:00+00:00,789.0031884868531
40697,SENTINEL 2A,2018-04-21 00:00:00+00:00,789.0038997828824
40697,SENTINEL 2A,2018-04-22 00:00:00+00:00,789.0050418642004
40697,SENTINEL 2A,2018-04-23 00:00:00+00:00,789.0055160618413
40697,SENTINEL 2A,2018-04-24 00:00:00+00:00,789.0053591090918
40697,SENTINEL 2A,2018-04-25 00:00:00+00:00,789.0050452036203
40697,SENTINEL 2A,2018-04-26 00:00:00+00:00,789.0047346376023
40697,SENTINEL 2A,2018-04-27 00:00:00+00:00,789.0045008782563
40697,SENTINEL 2A,2018-04-28 00:00:00+00:00,789.0032652934588
40697,SENTINEL 2A,2018-04-29 00:00:00+00:00,789.0026808954271
40697,SENTINEL 2A,2018-04-30 00:00:00+00:00,789.0024805304156
40697,SENTINEL 2A,2018-05-01 00:00:00+00:00,789.0021365705124
40697,SENTINEL 2A,2018-05-02 00:00:00+00:00,789.0022334135883
40697,SENTINEL 2A,2018-05-03 00:00:00+00:00,789.001575548622
40697,SENTINEL 2A,2018-05-04 00:00:00+00:00,789.0006705671149
40697,SENTINEL 2A,2018-05-05 00:00:00+00:00,789.0004000745421
40697,SENTINEL 2A,2018-05-06 00:00:00+00:00,789.000096187855
40697,SENTINEL 2A,2018-05-07 00:00:00+00:00,788.9996386881794
40697,SENTINEL 2A,2018-05-08 00:00:00+00:00,788.9992145827046
40697,SENTINEL 2A,2018-05-09 00:00:00+00:00,788.9992646738992
40697,SENTINEL 2A,2018-05-10 00:00:00+00:00,788.9988004955294
40697,SENTINEL 2A,2018-05-11 00:00:00+00:00,788.9985617275497
40697,SENTINEL 2A,2018-05-12 00:00:00+00:00,788.9985166454853
40697,SENTINEL 2A,2018-05-13 00:00:00+00:00,788.9980658248842
40697,SENTINEL 2A,2018-05-14 00:00:00+00:00,788.9972810632662
40697,SENTINEL 2A,2018-05-15 00:00:00+00:00,788.9972109356431
40697,SENTINEL 2A,2018-05-16 00:00:00+00:00,788.9970556530538
40697,SENTINEL 2A,2018-05-17 00:00:00+00:00,788.9964462107173
40697,SENTINEL 2A,2018-05-18 00:00:00+00:00,788.9960788756716
40697,SENTINEL 2A,2018-05-19 00:00:00+00:00,788.9956814859943
40697,SENTINEL 2A,2018-05-20 00:00:00+00:00,788.9952807569643
40697,SENTINEL 2A,2018-05-21 00:00:00+00:00,788.9948933856203
40697,SENTINEL 2A,2018-05-22 00:00:00+00:00,788.9945160325524
40697,SENTINEL 2A,2018-05-23 00:00:00+00:00,788.9940318185118
40697,SENTINEL 2A,2018-05-24 00:00:00+00:00,788.9935509439583
40697,SENTINEL 2A,2018-05-25 00:00:00+00:00,788.9935242287074
40697,SENTINEL 2A,2018-05-26 00:00:00+00:00,788.9935409257396
40697,SENTINEL 2A,2018-05-27 00:00:00+00:00,788.9933138461183
40697,SENTINEL 2A,2018-05-28 00:00:00+00:00,788.99310680295
40697,SENTINEL 2A,2018-05-29 00:00:00+00:00,788.9934156980053
40697,SENTINEL 2A,2018-05-30 00:00:00+00:00,788.9933105067121
40697,SENTINEL 2A,2018-05-31 00:00:00+00:00,788.9930517027542
40697,SENTINEL 2A,2018-06-01 00:00:00+00:00,788.9930266572119
40697,SENTINEL 2A,2018-06-02 00:00:00+00:00,788.9921717694724
40697,SENTINEL 2A,2018-06-03 00:00:00+00:00,788.991280148547
40697,SENTINEL 2A,2018-06-04 00:00:00+00:00,788.9907291469908
40697,SENTINEL 2A,2018-06-05 00:00:00+00:00,788.9902716488086
40697,SENTINEL 2A,2018-06-06 00:00:00+00:00,788.9895169439387
40697,SENTINEL 2A,2018-06-07 00:00:00+00:00,788.9891629673875
40697,SENTINEL 2A,2018-06-08 00:00:00+00:00,788.9890694641545
40697,SENTINEL 2A,2018-06-09 00:00:00+00:00,788.989006015534
40697,SENTINEL 2A,2018-06-10 00:00:00+00:00,788.9888774485967
40697,SENTINEL 2A,2018-06-11 00:00:00+00:00,788.9890227125388
40697,SENTINEL 2A,2018-06-12 00:00:00+00:00,788.9888390454853
40697,SENTINEL 2A,2018-06-13 00:00:00+00:00,788.9882179169954
40697,SENTINEL 2A,2018-06-14 00:00:00+00:00,788.9896071077846
40697,SENTINEL 2A,2018-06-15 00:00:00+00:00,788.9950553469298
40697,SENTINEL 2A,2018-06-16 00:00:00+00:00,788.9991177397305
40697,SENTINEL 2A,2018-06-17 00:00:00+00:00,789.0057531608468
40697,SENTINEL 2A,2018-06-18 00:00:00+00:00,789.0104016378673
40697,SENTINEL 2A,2018-06-19 00:00:00+00:00,789.0138779824074
40697,SENTINEL 2A,2018-06-20 00:00:00+00:00,789.0150868563287
40697,SENTINEL 2A,2018-06-21 00:00:00+00:00,789.0151603238228
40697,SENTINEL 2A,2018-06-22 00:00:00+00:00,789.0123284872998
40697,SENTINEL 2A,2018-06-23 00:00:00+00:00,789.0089356302433
40697,SENTINEL 2A,2018-06-24 00:00:00+00:00,789.0055360983624
40697,SENTINEL 2A,2018-06-25 00:00:00+00:00,789.0041368815982
40697,SENTINEL 2A,2018-06-26 00:00:00+00:00,789.0035825381519
40697,SENTINEL 2A,2018-06-27 00:00:00+00:00,789.0035023921209
40697,SENTINEL 2A,2018-06-28 00:00:00+00:00,789.0037862426598
40697,SENTINEL 2A,2018-06-29 00:00:00+00:00,789.0035023921209
40697,SENTINEL 2A,2018-06-30 00:00:00+00:00,789.0030448919006
40697,SENTINEL 2A,2018-07-01 00:00:00+00:00,789.0029079757905
40697,SENTINEL 2A,2018-07-02 00:00:00+00:00,789.0021866617572
40697,SENTINEL 2A,2018-07-03 00:00:00+00:00,789.0014636782016
40697,SENTINEL 2A,2018-07-04 00:00:00+00:00,789.0010445815778
40697,SENTINEL 2A,2018-07-05 00:00:00+00:00,789.0008508955088
40697,SENTINEL 2A,2018-07-06 00:00:00+00:00,789.0001846823288
40697,SENTINEL 2A,2018-07-07 00:00:00+00:00,788.9999793083689
40697,SENTINEL 2A,2018-07-08 00:00:00+00:00,789.0003466439139
40697,SENTINEL 2A,2018-07-09 00:00:00+00:00,789.000229764416
40697,SENTINEL 2A,2018-07-10 00:00:00+00:00,789.000096187855
40697,SENTINEL 2A,2018-07-11 00:00:00+00:00,789.0003266074273
40697,SENTINEL 2A,2018-07-12 00:00:00+00:00,789.0002130673465
40697,SENTINEL 2A,2018-07-13 00:00:00+00:00,788.9998190165088
40697,SENTINEL 2A,2018-07-14 00:00:00+00:00,788.9996553852461
40697,SENTINEL 2A,2018-07-15 00:00:00+00:00,788.9994316445536
40697,SENTINEL 2A,2018-07-16 00:00:00+00:00,788.9990910244287
40697,SENTINEL 2A,2018-07-17 00:00:00+00:00,788.9983096019414
40697,SENTINEL 2A,2018-07-18 00:00:00+00:00,788.9978921754864
40697,SENTINEL 2A,2018-07-19 00:00:00+00:00,788.9973144573732
40697,SENTINEL 2A,2018-07-20 00:00:00+00:00,788.9969037098836
40697,SENTINEL 2A,2018-07-21 00:00:00+00:00,788.9966499147167
40697,SENTINEL 2A,2018-07-22 00:00:00+00:00,788.9962291490938
40697,SENTINEL 2A,2018-07-23 00:00:00+00:00,788.9959018869858
40697,SENTINEL 2A,2018-07-24 00:00:00+00:00,788.9960271148307
40697,SENTINEL 2A,2018-07-25 00:00:00+00:00,788.9963226525597
40697,SENTINEL 2A,2018-07-26 00:00:00+00:00,788.996172379133
40697,SENTINEL 2A,2018-07-27 00:00:00+00:00,788.9963360101983
40697,SENTINEL 2A,2018-07-28 00:00:00+00:00,788.9964194954391
40697,SENTINEL 2A,2018-07-29 00:00:00+00:00,788.9960254451244
40697,SENTINEL 2A,2018-07-30 00:00:00+00:00,788.9956814859943
40697,SENTINEL 2A,2018-07-31 00:00:00+00:00,788.9955512490542
40697,SENTINEL 2A,2018-08-01 00:00:00+00:00,788.9948232580555
40697,SENTINEL 2A,2018-08-02 00:00:00+00:00,788.9939667000808
40697,SENTINEL 2A,2018-08-03 00:00:00+00:00,788.9936177320869
40697,SENTINEL 2A,2018-08-04 00:00:00+00:00,788.9931234999785
40697,SENTINEL 2A,2018-08-05 00:00:00+00:00,788.992742807739
40697,SENTINEL 2A,2018-08-06 00:00:00+00:00,788.9923955095983
40697,SENTINEL 2A,2018-08-07 00:00:00+00:00,788.9927595047657
40697,SENTINEL 2A,2018-08-08 00:00:00+00:00,788.9926626620099
40697,SENTINEL 2A,2018-08-09 00:00:00+00:00,788.99247565532
40697,SENTINEL 2A,2018-08-10 00:00:00+00:00,788.9927010651718
40697,SENTINEL 2A,2018-08-11 00:00:00+00:00,788.9926960560633
40697,SENTINEL 2A,2018-08-12 00:00:00+00:00,788.9923337306077
40697,SENTINEL 2A,2018-08-13 00:00:00+00:00,788.993464119395
40697,SENTINEL 2A,2018-08-14 00:00:00+00:00,788.9944726202566
40697,SENTINEL 2A,2018-08-15 00:00:00+00:00,788.9960070783818
40697,SENTINEL 2A,2018-08-16 00:00:00+00:00,788.9977452413937
40697,SENTINEL 2A,2018-08-17 00:00:00+00:00,788.9989457599768
40697,SENTINEL 2A,2018-08-18 00:00:00+00:00,788.9993748745301
40697,SENTINEL 2A,2018-08-19 00:00:00+00:00,788.999421626314
40697,SENTINEL 2A,2018-08-20 00:00:00+00:00,788.9988439078925
40697,SENTINEL 2A,2018-08-21 00:00:00+00:00,788.9972443297493
40697,SENTINEL 2A,2018-08-22 00:00:00+00:00,788.9959252628628
40697,SENTINEL 2A,2018-08-23 00:00:00+00:00,788.9950202831251
40697,SENTINEL 2A,2018-08-24 00:00:00+00:00,788.9947881942753
40697,SENTINEL 2A,2018-08-25 00:00:00+00:00,788.994646269447
40697,SENTINEL 2A,2018-08-26 00:00:00+00:00,788.9947364334548
40697,SENTINEL 2A,2018-08-27 00:00:00+00:00,788.9939783880018
40697,SENTINEL 2A,2018-08-28 00:00:00+00:00,788.9906990923637
40697,SENTINEL 2A,2018-08-29 00:00:00+00:00,788.9958334291805
40697,SENTINEL 2A,2018-08-30 00:00:00+00:00,788.9940685519887
40697,SENTINEL 2A,2018-08-31 00:00:00+00:00,788.9931568940392
40697,SENTINEL 2A,2018-09-01 00:00:00+00:00,788.9922435666772
40697,SENTINEL 2A,2018-09-02 00:00:00+00:00,788.9917643621247
40697,SENTINEL 2A,2018-09-03 00:00:00+00:00,788.9914704945645
40697,SENTINEL 2A,2018-09-04 00:00:00+00:00,788.9909578961083
40697,SENTINEL 2A,2018-09-05 00:00:00+00:00,788.9907391652005
40697,SENTINEL 2A,2018-09-06 00:00:00+00:00,788.9908460261013
40697,SENTINEL 2A,2018-09-07 00:00:00+00:00,788.9906924135566
40697,SENTINEL 2A,2018-09-08 00:00:00+00:00,788.9905922314683
40697,SENTINEL 2A,2018-09-09 00:00:00+00:00,788.9908627231171
40697,SENTINEL 2A,2018-09-10 00:00:00+00:00,788.9908109623675
40697,SENTINEL 2A,2018-09-11 00:00:00+00:00,788.9905271131147
40697,SENTINEL 2A,2018-09-12 00:00:00+00:00,788.9903484550678
40697,SENTINEL 2A,2018-09-13 00:00:00+00:00,788.9901915031496
40697,SENTINEL 2A,2018-09-14 00:00:00+00:00,788.9892397736157
40697,SENTINEL 2A,2018-09-15 00:00:00+00:00,788.9885551964271
40697,SENTINEL 2A,2018-09-16 00:00:00+00:00,788.9881845229947
40697,SENTINEL 2A,2018-09-17 00:00:00+00:00,788.9877837950107
40697,SENTINEL 2A,2018-09-18 00:00:00+00:00,788.9875784219425
40697,SENTINEL 2A,2018-09-19 00:00:00+00:00,788.987600128039
40697,SENTINEL 2A,2018-09-20 00:00:00+00:00,788.9873997640816
40697,SENTINEL 2A,2018-09-21 00:00:00+00:00,788.9887204967608
40697,SENTINEL 2A,2018-09-22 00:00:00+00:00,788.9936678231825
40697,SENTINEL 2A,2018-09-23 00:00:00+00:00,788.9989073568318
40697,SENTINEL 2A,2018-09-24 00:00:00+00:00,789.0051921382178
40697,SENTINEL 2A,2018-09-25 00:00:00+00:00,789.0108090478652
40697,SENTINEL 2A,2018-09-26 00:00:00+00:00,789.0139714864499
40697,SENTINEL 2A,2018-09-27 00:00:00+00:00,789.0150868563287
40697,SENTINEL 2A,2018-09-28 00:00:00+00:00,789.0148998481754
40697,SENTINEL 2A,2018-09-29 00:00:00+00:00,789.0130698404582
40697,SENTINEL 2A,2018-09-30 00:00:00+00:00,789.0089924004569
40697,SENTINEL 2A,2018-10-01 00:00:00+00:00,789.0049884334858
40697,SENTINEL 2A,2018-10-02 00:00:00+00:00,789.0037294725498
40697,SENTINEL 2A,2018-10-03 00:00:00+00:00,789.0035107406661
40697,SENTINEL 2A,2018-10-04 00:00:00+00:00,789.002697592513
40697,SENTINEL 2A,2018-10-05 00:00:00+00:00,789.0026174465056
40697,SENTINEL 2A,2018-10-06 00:00:00+00:00,789.0024988972086
40697,SENTINEL 2A,2018-10-07 00:00:00+00:00,789.0024571544991
40697,SENTINEL 2A,2018-10-08 00:00:00+00:00,789.0022133770894
40697,SENTINEL 2A,2018-10-09 00:00:00+00:00,789.002582382629
40697,SENTINEL 2A,2018-10-10 00:00:00+00:00,789.0025439793353
40697,SENTINEL 2A,2018-10-11 00:00:00+00:00,789.0020013241538
40697,SENTINEL 2A,2018-10-12 00:00:00+00:00,789.0015722092076
40697,SENTINEL 2A,2018-10-13 00:00:00+00:00,789.0010679574825
40697,SENTINEL 2A,2018-10-14 00:00:00+00:00,788.9999893266104
40697,SENTINEL 2A,2018-10-15 00:00:00+00:00,788.999081006189
40697,SENTINEL 2A,2018-10-16 00:00:00+00:00,788.9988205320051
40697,SENTINEL 2A,2018-10-17 00:00:00+00:00,788.9983062625297
40697,SENTINEL 2A,2018-10-18 00:00:00+00:00,788.9980591460608
40697,SENTINEL 2A,2018-10-19 00:00:00+00:00,788.9981292737057
40697,SENTINEL 2A,2018-10-20 00:00:00+00:00,788.9980658248842
40697,SENTINEL 2A,2018-10-21 00:00:00+00:00,788.9975649131884
40697,SENTINEL 2A,2018-10-22 00:00:00+00:00,788.9973779061775
40697,SENTINEL 2A,2018-10-23 00:00:00+00:00,788.99725100857
40697,SENTINEL 2A,2018-10-24 00:00:00+00:00,788.996598153863
40697,SENTINEL 2A,2018-10-25 00:00:00+00:00,788.9966298782556
40697,SENTINEL 2A,2018-10-26 00:00:00+00:00,788.9963694042945
40697,SENTINEL 2A,2018-10-27 00:00:00+00:00,788.9960705271506
40697,SENTINEL 2A,2018-10-28 00:00:00+00:00,788.995768310625
40697,SENTINEL 2A,2018-10-29 00:00:00+00:00,788.9955145155582
40697,SENTINEL 2A,2018-10-30 00:00:00+00:00,788.9950269619403
40697,SENTINEL 2A,2018-10-31 00:00:00+00:00,788.9941436886456
40697,SENTINEL 2A,2018-11-01 00:00:00+00:00,788.9937963903349
40697,SENTINEL 2A,2018-11-02 00:00:00+00:00,788.9933856433504
40697,SENTINEL 2A,2018-11-03 00:00:00+00:00,788.9928596869304
40697,SENTINEL 2A,2018-11-04 00:00:00+00:00,788.9924255642445
40697,SENTINEL 2A,2018-11-05 00:00:00+00:00,788.9925190675858
40697,SENTINEL 2A,2018-11-06 00:00:00+00:00,788.9919947810276
40697,SENTINEL 2A,2018-11-07 00:00:00+00:00,788.9916942346354
40697,SENTINEL 2A,2018-11-08 00:00:00+00:00,788.9917894076561
40697,SENTINEL 2A,2018-11-09 00:00:00+00:00,788.9917176104636
40697,SENTINEL 2A,2018-11-10 00:00:00+00:00,788.9911198571745
40697,SENTINEL 2A,2018-11-11 00:00:00+00:00,788.9908593837126
40697,SENTINEL 2A,2018-11-12 00:00:00+00:00,788.9902282365765
40697,SENTINEL 2A,2018-11-13 00:00:00+00:00,788.9895369803498
40697,SENTINEL 2A,2018-11-14 00:00:00+00:00,788.9890494277479
40697,SENTINEL 2A,2018-11-15 00:00:00+00:00,788.9887839453731
40697,SENTINEL 2A,2018-11-16 00:00:00+00:00,788.9880442681942
40697,SENTINEL 2A,2018-11-17 00:00:00+00:00,788.9876034674371
40697,SENTINEL 2A,2018-11-18 00:00:00+00:00,788.9877136676205
40697,SENTINEL 2A,2018-11-19 00:00:00+00:00,788.9874198004754
40697,SENTINEL 2A,2018-11-20 00:00:00+00:00,788.9871159151644
40697,SENTINEL 2A,2018-11-21 00:00:00+00:00,788.9870958787724
40697,SENTINEL 2A,2018-11-22 00:00:00+00:00,788.9871860425401
40697,SENTINEL 2A,2018-11-23 00:00:00+00:00,788.9863378353402
40697,SENTINEL 2A,2018-11-24 00:00:00+00:00,788.9860640047227
40697,SENTINEL 2A,2018-11-25 00:00:00+00:00,788.9859604833973
40697,SENTINEL 2A,2018-11-26 00:00:00+00:00,788.9853493737219
40697,SENTINEL 2A,2018-11-27 00:00:00+00:00,788.9846948520262
40697,SENTINEL 2A,2018-11-28 00:00:00+00:00,788.984397645796
40697,SENTINEL 2A,2018-11-29 00:00:00+00:00,788.9848818582095
40697,SENTINEL 2A,2018-11-30 00:00:00+00:00,788.9878105102089
40697,SENTINEL 2A,2018-12-01 00:00:00+00:00,788.992742807739
40697,SENTINEL 2A,2018-12-02 00:00:00+00:00,788.9992880497903
40697,SENTINEL 2A,2018-12-03 00:00:00+00:00,789.0038764069532
40697,SENTINEL 2A,2018-12-04 00:00:00+00:00,789.0073594224268
40697,SENTINEL 2A,2018-12-05 00:00:00+00:00,789.0094832958739
40697,SENTINEL 2A,2018-12-06 00:00:00+00:00,789.0092194813205
40697,SENTINEL 2A,2018-12-07 00:00:00+00:00,789.0072575700806
40697,SENTINEL 2A,2018-12-08 00:00:00+00:00,789.0048348201863
40697,SENTINEL 2A,2018-12-09 00:00:00+00:00,789.0012750012256
40697,SENTINEL 2A,2018-12-10 00:00:00+00:00,788.9983663719454
40697,SENTINEL 2A,2018-12-11 00:00:00+00:00,788.997965642538
40697,SENTINEL 2A,2018-12-12 00:00:00+00:00,788.9973495211862
40697,SENTINEL 2A,2018-12-13 00:00:00+00:00,788.9965797871087
40697,SENTINEL 2A,2018-12-14 00:00:00+00:00,788.9961039212421
40697,SENTINEL 2A,2018-12-15 00:00:00+00:00,788.9959319416689
40697,SENTINEL 2A,2018-12-16 00:00:00+00:00,788.9955729552112
40697,SENTINEL 2A,2018-12-17 00:00:00+00:00,788.9951989414599
40697,SENTINEL 2A,2018-12-18 00:00:00+00:00,788.9953826089209
40697,SENTINEL 2A,2018-12-19 00:00:00+00:00,788.9950336407564
40697,SENTINEL 2A,2018-12-20 00:00:00+00:00,788.9964328530777
40697,SENTINEL 2A,2018-12-21 00:00:00+00:00,788.999835714214
40697,SENTINEL 2A,2018-12-22 00:00:00+00:00,789.0052388899703
40697,SENTINEL 2A,2018-12-23 00:00:00+00:00,789.0114235023975
40697,SENTINEL 2A,2018-12-24 00:00:00+00:00,789.0164426658084
40697,SENTINEL 2A,2018-12-25 00:00:00+00:00,789.019835531748
40697,SENTINEL 2A,2018-12-26 00:00:00+00:00,789.020743858744
40697,SENTINEL 2A,2018-12-27 00:00:00+00:00,789.0200425768471
40697,SENTINEL 2A,2018-12-28 00:00:00+00:00,789.0181791714967
40697,SENTINEL 2A,2018-12-29 00:00:00+00:00,789.0138245515282
40697,SENTINEL 2A,2018-12-30 00:00:00+00:00,789.0108891941009
40697,SENTINEL 2A,2018-12-31 00:00:00+00:00,789.009510011274
40697,SENTINEL 2A,2019-01-01 00:00:00+00:00,789.0094933141481
40697,SENTINEL 2A,2019-01-02 00:00:00+00:00,789.0089823821818
40697,SENTINEL 2A,2019-01-03 00:00:00+00:00,789.0087252465228
40697,SENTINEL 2A,2019-01-04 00:00:00+00:00,789.0091293168562
40697,SENTINEL 2A,2019-01-05 00:00:00+00:00,789.0090558495194
40697,SENTINEL 2A,2019-01-06 00:00:00+00:00,789.0086050272603
40697,SENTINEL 2A,2019-01-07 00:00:00+00:00,789.0085883301417
40697,SENTINEL 2A,2019-01-08 00:00:00+00:00,789.0082076358467
40697,SENTINEL 2A,2019-01-09 00:00:00+00:00,789.0073627618494
40697,SENTINEL 2A,2019-01-10 00:00:00+00:00,789.006931976387
40697,SENTINEL 2A,2019-01-11 00:00:00+00:00,789.006340898768
40697,SENTINEL 2A,2019-01-12 00:00:00+00:00,789.005542777204
40697,SENTINEL 2A,2019-01-13 00:00:00+00:00,789.0047580135383
40697,SENTINEL 2A,2019-01-14 00:00:00+00:00,789.0048047654109
40697,SENTINEL 2A,2019-01-15 00:00:00+00:00,789.0044775023225
40697,SENTINEL 2A,2019-01-16 00:00:00+00:00,789.0043105313753
40697,SENTINEL 2A,2019-01-17 00:00:00+00:00,789.0044290807468
40697,SENTINEL 2A,2019-01-18 00:00:00+00:00,789.0044507869698
40697,SENTINEL 2A,2019-01-19 00:00:00+00:00,789.0040200019466
40697,SENTINEL 2A,2019-01-20 00:00:00+00:00,789.0040033048545
40697,SENTINEL 2A,2019-01-21 00:00:00+00:00,789.0041635969474
40697,SENTINEL 2A,2019-01-22 00:00:00+00:00,789.0034806859057
40697,SENTINEL 2A,2019-01-23 00:00:00+00:00,789.0028712422018
40697,SENTINEL 2A,2019-01-24 00:00:00+00:00,789.0026909136795
40697,SENTINEL 2A,2019-01-25 00:00:00+00:00,789.0020731216027
40697,SENTINEL 2A,2019-01-26 00:00:00+00:00,789.0013918807654
40697,SENTINEL 2A,2019-01-27 00:00:00+00:00,789.0012349282433
40697,SENTINEL 2A,2019-01-28 00:00:00+00:00,789.0005870817495
40697,SENTINEL 2A,2019-01-29 00:00:00+00:00,788.9999592718859
43013,JPSS 1,2017-12-02 00:00:00+00:00,819.2783599976565
43013,JPSS 1,2017-12-03 00:00:00+00:00,819.2784831776767
43013,JPSS 1,2017-12-04 00:00:00+00:00,819.278582734135
43013,JPSS 1,2017-12-05 00:00:00+00:00,819.278596233316
43013,JPSS 1,2017-12-06 00:00:00+00:00,819.2786333560639
43013,JPSS 1,2017-12-07 00:00:00+00:00,819.2783414362848
43013,JPSS 1,2017-12-08 00:00:00+00:00,819.2783279371042
43013,JPSS 1,2017-12-09 00:00:00+00:00,819.2783127505281
43013,JPSS 1,2017-12-10 00:00:00+00:00,819.2782975639516
43013,JPSS 1,2017-12-12 00:00:00+00:00,819.3688464227398
43013,JPSS 1,2017-12-13 00:00:00+00:00,819.369268285403
43013,JPSS 1,2017-12-14 00:00:00+00:00,820.4134617710893
43013,JPSS 1,2017-12-15 00:00:00+00:00,821.4608940786566
43013,JPSS 1,2017-12-16 00:00:00+00:00,821.460997087956
43013,JPSS 1,2017-12-17 00:00:00+00:00,821.4610122860486
43013,JPSS 1,2017-12-18 00:00:00+00:00,823.64246405021
43013,JPSS 1,2017-12-19 00:00:00+00:00,823.6418522860185
43013,JPSS 1,2017-12-20 00:00:00+00:00,823.6418590458434
43013,JPSS 1,2017-12-21 00:00:00+00:00,823.6546503524046
43013,JPSS 1,2017-12-22 00:00:00+00:00,823.6543360191581
43013,JPSS 1,2017-12-23 00:00:00+00:00,825.0223363770338
43013,JPSS 1,2017-12-24 00:00:00+00:00,825.0229805589984
43013,JPSS 1,2017-12-25 00:00:00+00:00,825.0228554422797
43013,JPSS 1,2017-12-26 00:00:00+00:00,825.0227861208573
43013,JPSS 1,2017-12-27 00:00:00+00:00,826.8463151922065
43013,JPSS 1,2017-12-28 00:00:00+00:00,826.8460292718237
43013,JPSS 1,2017-12-29 00:00:00+00:00,826.8459040759262
43013,JPSS 1,2017-12-30 00:00:00+00:00,826.8457332004527
43013,JPSS 1,2017-12-31 00:00:00+00:00,826.8455809351876
43013,JPSS 1,2018-01-01 00:00:00+00:00,826.8454557393102
43013,JPSS 1,2018-01-02 00:00:00+00:00,826.8452138067496
43013,JPSS 1,2018-01-03 00:00:00+00:00,826.8449684905372
43013,JPSS 1,2018-01-04 00:00:00+00:00,826.8446927213026
43013,JPSS 1,2018-01-05 00:00:00+00:00,826.8445032357104
43013,JPSS 1,2018-01-06 00:00:00+00:00,826.8443661970296
43013,JPSS 1,2018-01-07 00:00:00+00:00,826.8787055871171
43013,JPSS 1,2018-01-08 00:00:00+00:00,826.8784348902241
43013,JPSS 1,2018-01-09 00:00:00+00:00,826.8782183327235
43013,JPSS 1,2018-01-10 00:00:00+00:00,826.8781286643889
43013,JPSS 1,2018-01-11 00:00:00+00:00,826.8780186937947
43013,JPSS 1,2018-01-12 00:00:00+00:00,826.8778139793139
43013,JPSS 1,2018-01-13 00:00:00+00:00,826.877661712354
43013,JPSS 1,2018-01-14 00:00:00+00:00,826.8773639458777
43013,JPSS 1,2018-01-15 00:00:00+00:00,826.8771220106391
43013,JPSS 1,2018-01-16 00:00:00+00:00,826.8769291392045
43013,JPSS 1,2018-01-17 00:00:00+00:00,826.8767244248011
43013,JPSS 1,2018-01-18 00:00:00+00:00,826.8765332452472
43013,NOAA 20,2018-01-19 00:00:00+00:00,826.8762422463042
43013,NOAA 20,2018-01-20 00:00:00+00:00,826.8760020030145
43013,NOAA 20,2018-01-21 00:00:00+00:00,826.8758395850259
43013,NOAA 20,2018-01-22 00:00:00+00:00,826.8756433299695
43013,NOAA 20,2018-01-23 00:00:00+00:00,826.8754606097568
43013,NOAA 20,2018-01-24 00:00:00+00:00,826.8752000642871
43013,NOAA 20,2018-01-25 00:00:00+00:00,826.8749310595754
43013,NOAA 20,2018-01-26 00:00:00+00:00,826.8747297290206
43013,NOAA 20,2018-01-27 00:00:00+00:00,826.8745250147731
43013,NOAA 20,2018-01-28 00:00:00+00:00,826.8743236842465
43013,NOAA 20,2018-01-29 00:00:00+00:00,826.8740597551737
43013,NOAA 20,2018-01-30 00:00:00+00:00,826.8738347387416
43013,NOAA 20,2018-01-31 00:00:00+00:00,826.8736164897355
43013,NOAA 20,2018-02-01 00:00:00+00:00,826.8734168511251
43013,NOAA 20,2018-02-02 00:00:00+00:00,826.8732053695617
43013,NOAA 20,2018-02-03 00:00:00+00:00,826.8729837368996
43013,NOAA 20,2018-02-04 00:00:00+00:00,826.8727367264705
43013,NOAA 20,2018-02-05 00:00:00+00:00,826.8725150938458
43013,NOAA 20,2018-02-06 00:00:00+00:00,826.8723425249423
43013,NOAA 20,2018-02-07 00:00:00+00:00,826.8721462701242
43013,NOAA 20,2018-02-08 00:00:00+00:00,826.8719449397631
43013,NOAA 20,2018-02-09 00:00:00+00:00,826.8716860864643
43013,NOAA 20,2018-02-10 00:00:00+00:00,826.8714492272561
43013,NOAA 20,2018-02-11 00:00:00+00:00,826.8712783502674
43013,NOAA 20,2018-02-12 00:00:00+00:00,826.871061793307
43013,NOAA 20,2018-02-13 00:00:00+00:00,826.8708553874694
43013,NOAA 20,2018-02-14 00:00:00+00:00,826.8706422142432
43013,NOAA 20,2018-02-15 00:00:00+00:00,826.8703444484922
43013,NOAA 20,2018-02-16 00:00:00+00:00,826.8701278916024
43013,NOAA 20,2018-02-17 00:00:00+00:00,826.869950247291
43013,NOAA 20,2018-02-18 00:00:00+00:00,826.8696829349178
43013,NOAA 20,2018-02-19 00:00:00+00:00,826.869451151425
43013,NOAA 20,2018-02-20 00:00:00+00:00,826.8690823280958
43013,NOAA 20,2018-02-21 00:00:00+00:00,826.8687777951063
43013,NOAA 20,2018-02-22 00:00:00+00:00,826.868684743366
43013,NOAA 20,2018-02-23 00:00:00+00:00,826.8684935643473
43013,NOAA 20,2018-02-24 00:00:00+00:00,826.8683006934889
43013,NOAA 20,2018-02-25 00:00:00+00:00,826.8679877013365
43013,NOAA 20,2018-02-26 00:00:00+00:00,826.8677186972964
43013,NOAA 20,2018-02-27 00:00:00+00:00,826.867512291698
43013,NOAA 20,2018-02-28 00:00:00+00:00,826.8672771246816
43013,NOAA 20,2018-03-01 00:00:00+00:00,826.8670656435679
43013,NOAA 20,2018-03-02 00:00:00+00:00,826.866827092892
43013,NOAA 20,2018-03-03 00:00:00+00:00,826.8664988742621
43013,NOAA 20,2018-03-04 00:00:00+00:00,826.8662484806928
43013,NOAA 20,2018-03-05 00:00:00+00:00,826.8660454588962
43013,NOAA 20,2018-03-06 00:00:00+00:00,826.8658069083044
43013,NOAA 20,2018-03-07 00:00:00+00:00,826.8656140376265
43013,NOAA 20,2018-03-08 00:00:00+00:00,826.8653331908727
43013,NOAA 20,2018-03-09 00:00:00+00:00,826.8650540359954
43013,NOAA 20,2018-03-10 00:00:00+00:00,826.8648510142834
43013,NOAA 20,2018-03-11 00:00:00+00:00,826.864629382264
43013,NOAA 20,2018-03-12 00:00:00+00:00,826.8644128258029
43013,NOAA 20,2018-03-13 00:00:00+00:00,826.8641793508868
43013,NOAA 20,2018-03-14 00:00:00+00:00,826.8638257548537
43013,NOAA 20,2018-03-15 00:00:00+00:00,826.863600739221
43013,NOAA 20,2018-03-16 00:00:00+00:00,826.8633604969837
43013,NOAA 20,2018-03-17 00:00:00+00:00,826.8631117955338
43013,NOAA 20,2018-03-18 00:00:00+00:00,826.8627988039452
43013,NOAA 20,2018-03-19 00:00:00+00:00,826.8624841205419
43013,NOAA 20,2018-03-20 00:00:00+00:00,826.8621863556336
43013,NOAA 20,2018-03-21 00:00:00+00:00,826.8619055092158
43013,NOAA 20,2018-03-22 00:00:00+00:00,826.8616686508112
43013,NOAA 20,2018-03-23 00:00:00+00:00,826.8614284087357
43013,NOAA 20,2018-03-24 00:00:00+00:00,826.8611204928648
43013,NOAA 20,2018-03-25 00:00:00+00:00,826.8608396465497
43013,NOAA 20,2018-03-26 00:00:00+00:00,826.8606230903738
43013,NOAA 20,2018-03-27 00:00:00+00:00,826.860355778867
43013,NOAA 20,2018-03-28 00:00:00+00:00,826.8600766244717
43013,NOAA 20,2018-03-29 00:00:00+00:00,826.859789010879
43013,NOAA 20,2018-03-30 00:00:00+00:00,826.8594861707174
43013,NOAA 20,2018-03-31 00:00:00+00:00,826.8592188593148
43013,NOAA 20,2018-04-01 00:00:00+00:00,826.8589955358839
43013,NOAA 20,2018-04-02 00:00:00+00:00,826.8587180734639
43013,NOAA 20,2018-04-03 00:00:00+00:00,826.8584338436958
43013,NOAA 20,2018-04-04 00:00:00+00:00,826.8581732997663
43013,NOAA 20,2018-04-05 00:00:00+00:00,826.8578755353037
43013,NOAA 20,2018-04-06 00:00:00+00:00,826.8577503388915
43013,NOAA 20,2018-04-07 00:00:00+00:00,826.8574491907866
43013,NOAA 20,2018-04-08 00:00:00+00:00,826.8572292511799
43013,NOAA 20,2018-04-09 00:00:00+00:00,826.8569619399868
43013,NOAA 20,2018-04-10 00:00:00+00:00,826.856572816143
43013,NOAA 20,2018-04-11 00:00:00+00:00,826.855665988608
43013,NOAA 20,2018-04-12 00:00:00+00:00,826.8553851428233
43013,NOAA 20,2018-04-13 00:00:00+00:00,826.8551855054757
43013,NOAA 20,2018-04-14 00:00:00+00:00,826.8550027865604
43013,NOAA 20,2018-04-15 00:00:00+00:00,826.8548065329223
43013,NOAA 20,2018-04-16 00:00:00+00:00,826.8545392219539
43013,NOAA 20,2018-04-17 00:00:00+00:00,826.8542549925978
43013,NOAA 20,2018-04-18 00:00:00+00:00,826.8538692528018
43013,NOAA 20,2018-04-19 00:00:00+00:00,826.8535951745571
43013,NOAA 20,2018-04-20 00:00:00+00:00,826.8533278637024
43013,NOAA 20,2018-04-21 00:00:00+00:00,826.8529370485085
43013,NOAA 20,2018-04-22 00:00:00+00:00,826.8525766864941
43013,NOAA 20,2018-04-23 00:00:00+00:00,826.8522112490045
43013,NOAA 20,2018-04-24 00:00:00+00:00,826.8519642403562
43013,NOAA 20,2018-04-25 00:00:00+00:00,826.851713848052
43013,NOAA 20,2018-04-26 00:00:00+00:00,826.851531129355
43013,NOAA 20,2018-04-27 00:00:00+00:00,826.8511132449753
43013,NOAA 20,2018-04-28 00:00:00+00:00,826.8509559039057
43013,NOAA 20,2018-04-29 00:00:00+00:00,826.8508949976895
43013,NOAA 20,2018-04-30 00:00:00+00:00,826.850695360652
43013,NOAA 20,2018-05-01 00:00:00+00:00,826.8503840622507
43013,NOAA 20,2018-05-02 00:00:00+00:00,826.8500829149143
43013,NOAA 20,2018-05-03 00:00:00+00:00,826.8498528248374
43013,NOAA 20,2018-05-04 00:00:00+00:00,826.8496125837455
43013,NOAA 20,2018-05-05 00:00:00+00:00,826.8493757263523
43013,NOAA 20,2018-05-06 00:00:00+00:00,826.8490441260337
43013,NOAA 20,2018-05-07 00:00:00+00:00,826.8486956073721
43013,NOAA 20,2018-05-08 00:00:00+00:00,826.8483775418354
43013,NOAA 20,2018-05-09 00:00:00+00:00,826.8479850354752
43013,NOAA 20,2018-05-10 00:00:00+00:00,826.8476669700158
43013,NOAA 20,2018-05-11 00:00:00+00:00,826.8475316230224
43013,NOAA 20,2018-05-12 00:00:00+00:00,826.8473319862196
43013,NOAA 20,2018-05-13 00:00:00+00:00,826.8470646759438
43013,NOAA 20,2018-05-14 00:00:00+00:00,826.8465977289425
43013,NOAA 20,2018-05-15 00:00:00+00:00,826.8464336207753
43013,NOAA 20,2018-05-16 00:00:00+00:00,826.8462272167008
43013,NOAA 20,2018-05-17 00:00:00+00:00,826.8460546493725
43013,NOAA 20,2018-05-18 00:00:00+00:00,826.8455843188613
43013,NOAA 20,2018-05-19 00:00:00+00:00,826.8453000903874
43013,NOAA 20,2018-05-20 00:00:00+00:00,826.8450530823316
43013,NOAA 20,2018-05-21 00:00:00+00:00,826.84484160285
43013,NOAA 20,2018-05-22 00:00:00+00:00,826.8445066193826
43013,NOAA 20,2018-05-23 00:00:00+00:00,826.84427991342
43013,NOAA 20,2018-05-24 00:00:00+00:00,826.8439483136885
43013,NOAA 20,2018-05-25 00:00:00+00:00,826.8437368342861
43013,NOAA 20,2018-05-26 00:00:00+00:00,826.8435744181161
43013,NOAA 20,2018-05-27 00:00:00+00:00,826.8434847508597
43013,NOAA 20,2018-05-28 00:00:00+00:00,826.8433494040637
43013,NOAA 20,2018-05-29 00:00:00+00:00,826.8430854778276
43013,NOAA 20,2018-05-30 00:00:00+00:00,826.842667594673
43013,NOAA 20,2018-05-31 00:00:00+00:00,826.842591462118
43013,NOAA 20,2018-06-01 00:00:00+00:00,826.8424375051854
43013,NOAA 20,2018-06-02 00:00:00+00:00,826.8420280812925
43013,NOAA 20,2018-06-03 00:00:00+00:00,826.8416474186351
43013,NOAA 20,2018-06-04 00:00:00+00:00,826.8413936435577
43013,NOAA 20,2018-06-05 00:00:00+00:00,826.8411720133417
43013,NOAA 20,2018-06-06 00:00:00+00:00,826.8408776343035
43013,NOAA 20,2018-06-07 00:00:00+00:00,826.8405832552949
43013,NOAA 20,2018-06-08 00:00:00+00:00,826.8403345558113
43013,NOAA 20,2018-06-09 00:00:00+00:00,826.840178907164
43013,NOAA 20,2018-06-10 00:00:00+00:00,826.8399014465567
43013,NOAA 20,2018-06-11 00:00:00+00:00,826.839766099928
43013,NOAA 20,2018-06-12 00:00:00+00:00,826.8396442879675
43013,NOAA 20,2018-06-13 00:00:00+00:00,826.8972280995695
43013,NOAA 20,2018-06-14 00:00:00+00:00,826.9066230328513
43013,NOAA 20,2018-06-15 00:00:00+00:00,826.906271123486
43013,NOAA 20,2018-06-16 00:00:00+00:00,826.9060934769436
43013,NOAA 20,2018-06-17 00:00:00+00:00,826.9059141385442
43013,NOAA 20,2018-06-18 00:00:00+00:00,826.9056654334231
43013,NOAA 20,2018-06-19 00:00:00+00:00,826.9053304428849
43013,NOAA 20,2018-06-20 00:00:00+00:00,826.9050529760034
43013,NOAA 20,2018-06-21 00:00:00+00:00,826.9047822766329
43013,NOAA 20,2018-06-22 00:00:00+00:00,826.90459447896
43013,NOAA 20,2018-06-23 00:00:00+00:00,826.9043829951083
43013,NOAA 20,2018-06-24 00:00:00+00:00,826.9042764072528
43013,NOAA 20,2018-06-25 00:00:00+00:00,826.9041072201894
43013,NOAA 20,2018-06-26 00:00:00+00:00,826.9037705379619
43013,NOAA 20,2018-06-27 00:00:00+00:00,826.9035522866893
43013,NOAA 20,2018-06-28 00:00:00+00:00,826.9034541582159
43013,NOAA 20,2018-06-29 00:00:00+00:00,826.9032900468119
43013,NOAA 20,2018-06-30 00:00:00+00:00,826.903076871185
43013,NOAA 20,2018-07-01 00:00:00+00:00,826.9027621833852
43013,NOAA 20,2018-07-02 00:00:00+00:00,826.9025253216232
43013,NOAA 20,2018-07-03 00:00:00+00:00,826.9022884598808
43013,NOAA 20,2018-07-04 00:00:00+00:00,826.9020786680671
43013,NOAA 20,2018-07-05 00:00:00+00:00,826.9018722600081
43013,NOAA 20,2018-07-06 00:00:00+00:00,826.9016675438329
43013,NOAA 20,2018-07-07 00:00:00+00:00,826.901405304126
43013,NOAA 20,2018-07-08 00:00:00+00:00,826.9011667506056
43013,NOAA 20,2018-07-09 00:00:00+00:00,826.9011836692944
43013,NOAA 20,2018-07-10 00:00:00+00:00,826.9010517035249
43013,NOAA 20,2018-07-11 00:00:00+00:00,826.900770853319
43013,NOAA 20,2018-07-12 00:00:00+00:00,826.9005339917212
43013,NOAA 20,2018-07-13 00:00:00+00:00,826.9004324796133
43013,NOAA 20,2018-07-14 00:00:00+00:00,826.9002768277214
43013,NOAA 20,2018-07-15 00:00:00+00:00,826.9001076408922
43013,NOAA 20,2018-07-16 00:00:00+00:00,826.8998775468208
43013,NOAA 20,2018-07-17 00:00:00+00:00,826.899576394314
43013,NOAA 20,2018-07-18 00:00:00+00:00,826.8993598352272
43013,NOAA 20,2018-07-19 00:00:00+00:00,826.8991331249517
43013,NOAA 20,2018-07-20 00:00:00+00:00,826.8989368683078
43013,NOAA 20,2018-07-21 00:00:00+00:00,826.8986830881859
43013,NOAA 20,2018-07-22 00:00:00+00:00,826.8984969827779
43013,NOAA 20,2018-07-23 00:00:00+00:00,826.8981890629475
43013,NOAA 20,2018-07-24 00:00:00+00:00,826.8979995738364
43013,NOAA 20,2018-07-25 00:00:00+00:00,826.8978608407451
43013,NOAA 20,2018-07-26 00:00:00+00:00,826.8977187239279
43013,NOAA 20,2018-07-27 00:00:00+00:00,826.8975867583167
43013,NOAA 20,2018-07-28 00:00:00+00:00,826.8974023448459
43013,NOAA 20,2018-07-29 00:00:00+00:00,826.8972653036503
43013,NOAA 20,2018-07-30 00:00:00+00:00,826.8970690471342
43013,NOAA 20,2018-07-31 00:00:00+00:00,826.8968084997123
43013,NOAA 20,2018-08-01 00:00:00+00:00,826.8965800977717
43013,NOAA 20,2018-08-02 00:00:00+00:00,826.8962366489591
43013,NOAA 20,2018-08-03 00:00:00+00:00,826.8961046834156
43013,NOAA 20,2018-08-04 00:00:00+00:00,826.895789996378
43013,NOAA 20,2018-08-05 00:00:00+00:00,826.8956935600345
43013,NOAA 20,2018-08-06 00:00:00+00:00,826.8965378011289
43013,NOAA 20,2018-08-07 00:00:00+00:00,826.8952790529793
43013,NOAA 20,2018-08-08 00:00:00+00:00,826.8950591104849
43013,NOAA 20,2018-08-09 00:00:00+00:00,826.8949508311089
43013,NOAA 20,2018-08-10 00:00:00+00:00,826.894778260863
43013,NOAA 20,2018-08-11 00:00:00+00:00,826.8946412197929
43013,NOAA 20,2018-08-12 00:00:00+00:00,826.8944788007543
43013,NOAA 20,2018-08-13 00:00:00+00:00,826.8941488871105
43013,NOAA 20,2018-08-14 00:00:00+00:00,826.8939187935148
43013,NOAA 20,2018-08-15 00:00:00+00:00,826.893695467395
43013,NOAA 20,2018-08-16 00:00:00+00:00,826.893585496206
43013,NOAA 20,2018-08-17 00:00:00+00:00,826.893316489779
43013,NOAA 20,2018-08-18 00:00:00+00:00,826.8929324366177
43013,NOAA 20,2018-08-19 00:00:00+00:00,826.8927108024373
43013,NOAA 20,2018-08-20 00:00:00+00:00,826.8925196218238
43013,NOAA 20,2018-08-22 00:00:00+00:00,826.8921389524967
43013,NOAA 20,2018-08-23 00:00:00+00:00,826.8919799173264
43013,NOAA 20,2018-08-24 00:00:00+00:00,826.8917142947739
43013,NOAA 20,2018-08-25 00:00:00+00:00,826.8915197304996
43013,NOAA 20,2018-08-26 00:00:00+00:00,826.8913742302675
43013,NOAA 20,2018-08-27 00:00:00+00:00,826.8911576717983
43013,NOAA 20,2018-08-28 00:00:00+00:00,826.8908649795167
43013,NOAA 20,2018-08-29 00:00:00+00:00,826.8905925896152
43013,NOAA 20,2018-08-30 00:00:00+00:00,826.8903506532665
43013,NOAA 20,2018-08-31 00:00:00+00:00,826.8901324030094
43013,NOAA 20,2018-09-01 00:00:00+00:00,826.8898447864194
43013,NOAA 20,2018-09-02 00:00:00+00:00,826.889489495376
43013,NOAA 20,2018-09-03 00:00:00+00:00,826.8892357160858
43013,NOAA 20,2018-09-04 00:00:00+00:00,826.8890293089466
43013,NOAA 20,2018-09-05 00:00:00+00:00,826.8888838088415
43013,NOAA 20,2018-09-06 00:00:00+00:00,826.8886875528951
43013,NOAA 20,2018-09-07 00:00:00+00:00,826.8884777620724
43013,NOAA 20,2018-09-08 00:00:00+00:00,826.8882087561205
43013,NOAA 20,2018-09-09 00:00:00+00:00,826.8879938897503
43013,NOAA 20,2018-09-10 00:00:00+00:00,826.887794250144
43013,NOAA 20,2018-09-11 00:00:00+00:00,826.8875743082217
43013,NOAA 20,2018-09-12 00:00:00+00:00,826.887354366314
43013,NOAA 20,2018-09-13 00:00:00+00:00,826.8870667499996
43013,NOAA 20,2018-09-14 00:00:00+00:00,826.886741912786
43013,NOAA 20,2018-09-15 00:00:00+00:00,826.8864745988558
43013,NOAA 20,2018-09-16 00:00:00+00:00,826.8861531454286
43013,NOAA 20,2018-09-17 00:00:00+00:00,826.8858621455156
43013,NOAA 20,2018-09-18 00:00:00+00:00,826.8856235932822
43013,NOAA 20,2018-09-19 00:00:00+00:00,826.885280145777
43013,NOAA 20,2018-09-20 00:00:00+00:00,826.8849789947944
43013,NOAA 20,2018-09-21 00:00:00+00:00,826.8847928902705
43013,NOAA 20,2018-09-22 00:00:00+00:00,826.8847201403241
43013,NOAA 20,2018-09-23 00:00:00+00:00,826.8844172975419
43013,NOAA 20,2018-09-24 00:00:00+00:00,826.8841415245333
43013,NOAA 20,2018-09-25 00:00:00+00:00,826.8838082283546
43013,NOAA 20,2018-09-26 00:00:00+00:00,826.8836610366552
43013,NOAA 20,2018-09-27 00:00:00+00:00,826.8834867752257
43013,NOAA 20,2018-09-28 00:00:00+00:00,826.8831534791248
43013,NOAA 20,2018-09-29 00:00:00+00:00,826.8827880377576
43013,NOAA 20,2018-09-30 00:00:00+00:00,826.8824073697156
43013,NOAA 20,2018-10-01 00:00:00+00:00,826.8821248294698
43013,NOAA 20,2018-10-02 00:00:00+00:00,826.8819082716932
43013,NOAA 20,2018-10-03 00:00:00+00:00,826.8816409582123
43013,NOAA 20,2018-10-04 00:00:00+00:00,826.8812772088932
43013,NOAA 20,2018-10-05 00:00:00+00:00,826.8809675990465
43013,NOAA 20,2018-10-06 00:00:00+00:00,826.8807222797905
43013,NOAA 20,2018-10-07 00:00:00+00:00,826.8804854198388
43013,NOAA 20,2018-10-08 00:00:00+00:00,826.8804414315646
43013,NOAA 20,2018-10-09 00:00:00+00:00,826.8801842693583
43013,NOAA 20,2018-10-10 00:00:00+00:00,826.8796834798654
43013,NOAA 20,2018-10-11 00:00:00+00:00,826.8792842018174
43013,NOAA 20,2018-10-12 00:00:00+00:00,826.8791623881871
43013,NOAA 20,2018-10-13 00:00:00+00:00,826.878886615682
43013,NOAA 20,2018-10-14 00:00:00+00:00,826.8785059481543
43013,NOAA 20,2018-10-15 00:00:00+00:00,826.8780897517172
43013,NOAA 20,2018-10-16 00:00:00+00:00,826.8776938576002
43013,NOAA 20,2018-10-17 00:00:00+00:00,826.8773537947491
43013,NOAA 20,2018-10-18 00:00:00+00:00,826.8770797142729
43013,NOAA 20,2018-10-19 00:00:00+00:00,826.8768022501108
43013,NOAA 20,2018-10-20 00:00:00+00:00,826.8764520362383
43013,NOAA 20,2018-10-21 00:00:00+00:00,826.8762456300137
43013,NOAA 20,2018-10-22 00:00:00+00:00,826.8760104622847
43013,NOAA 20,2018-10-23 00:00:00+00:00,826.8758226664859
43013,NOAA 20,2018-10-24 00:00:00+00:00,826.8755147490797
43013,NOAA 20,2018-10-25 00:00:00+00:00,826.8751510005345
43013,NOAA 20,2018-10-26 00:00:00+00:00,826.8748109379826
43013,NOAA 20,2018-10-27 00:00:00+00:00,826.874624834114
43013,NOAA 20,2018-10-28 00:00:00+00:00,826.8743507538957
43013,NOAA 20,2018-10-29 00:00:00+00:00,826.8740360692327
43013,NOAA 20,2018-10-30 00:00:00+00:00,826.8736351001171
43013,NOAA 20,2018-10-31 00:00:00+00:00,826.8732645843988
43013,NOAA 20,2018-11-01 00:00:00+00:00,826.8728805339115
43013,NOAA 20,2018-11-02 00:00:00+00:00,826.8726081457094
43013,NOAA 20,2018-11-03 00:00:00+00:00,826.8723069960515
43013,NOAA 20,2018-11-04 00:00:00+00:00,826.8720633693865
43013,NOAA 20,2018-11-05 00:00:00+00:00,826.8718468123666
43013,NOAA 20,2018-11-06 00:00:00+00:00,826.8714559946629
43013,NOAA 20,2018-11-07 00:00:00+00:00,826.8712546643492
43013,NOAA 20,2018-11-08 00:00:00+00:00,826.8709585903875
43013,NOAA 20,2018-11-09 00:00:00+00:00,826.8707386497495
43013,NOAA 20,2018-11-10 00:00:00+00:00,826.8702835418653
43013,NOAA 20,2018-11-11 00:00:00+00:00,826.8699536309928
43013,NOAA 20,2018-11-12 00:00:00+00:00,826.8696203364543
43013,NOAA 20,2018-11-13 00:00:00+00:00,826.8693293382103
43013,NOAA 20,2018-11-14 00:00:00+00:00,826.868957131197
43013,NOAA 20,2018-11-15 00:00:00+00:00,826.8685781568342
43013,NOAA 20,2018-11-16 00:00:00+00:00,826.868283774993
43013,NOAA 20,2018-11-17 00:00:00+00:00,826.8679284866075
43013,NOAA 20,2018-11-18 00:00:00+00:00,826.867579965663
43013,NOAA 20,2018-11-19 00:00:00+00:00,826.8674192399994
43013,NOAA 20,2018-11-20 00:00:00+00:00,826.8670741028127
43013,NOAA 20,2018-11-21 00:00:00+00:00,826.8668118662545
43013,NOAA 20,2018-11-22 00:00:00+00:00,826.8665141009001
43013,NOAA 20,2018-11-23 00:00:00+00:00,826.8662383296041
43013,NOAA 20,2018-11-24 00:00:00+00:00,826.8660539181374
43013,NOAA 20,2018-11-25 00:00:00+00:00,826.8657764550389
43013,NOAA 20,2018-11-26 00:00:00+00:00,826.8654516202232
43013,NOAA 20,2018-11-27 00:00:00+00:00,826.8649795946994
43013,NOAA 20,2018-11-28 00:00:00+00:00,826.8647105909413
43013,NOAA 20,2018-11-29 00:00:00+00:00,826.8644280524295
43013,NOAA 20,2018-11-30 00:00:00+00:00,826.8641167525448
43013,NOAA 20,2018-12-01 00:00:00+00:00,826.8638375977835
43013,NOAA 20,2018-12-02 00:00:00+00:00,826.8634450893182
43013,NOAA 20,2018-12-03 00:00:00+00:00,826.8631405569263
43013,NOAA 20,2018-12-04 00:00:00+00:00,826.8629375353471
43013,NOAA 20,2018-12-05 00:00:00+00:00,826.8627683507107
43013,NOAA 20,2018-12-06 00:00:00+00:00,826.862575480237
43013,NOAA 20,2018-12-07 00:00:00+00:00,826.8621880474811
43013,NOAA 20,2018-12-08 00:00:00+00:00,826.8619105847533
43013,NOAA 20,2018-12-09 00:00:00+00:00,826.8616686508117
43013,NOAA 20,2018-12-10 00:00:00+00:00,826.86132520616
43013,NOAA 20,2018-12-11 00:00:00+00:00,826.861052819052
43013,NOAA 20,2018-12-12 00:00:00+00:00,826.8606603109656
43013,NOAA 20,2018-12-13 00:00:00+00:00,826.9282570821488
43013,NOAA 20,2018-12-14 00:00:00+00:00,826.927636160508
43013,NOAA 20,2018-12-15 00:00:00+00:00,826.9272707135005
43013,NOAA 20,2018-12-16 00:00:00+00:00,826.9270456929125
43013,NOAA 20,2018-12-17 00:00:00+00:00,826.9267208511928
43013,NOAA 20,2018-12-18 00:00:00+00:00,826.9264129283465
43013,NOAA 20,2018-12-19 00:00:00+00:00,826.926148994502
43013,NOAA 20,2018-12-20 00:00:00+00:00,826.9260136438234
43013,NOAA 20,2018-12-21 00:00:00+00:00,826.9257750882666
43013,NOAA 20,2018-12-22 00:00:00+00:00,826.925563602862
43013,NOAA 20,2018-12-23 00:00:00+00:00,826.9252218424795
43013,NOAA 20,2018-12-24 00:00:00+00:00,826.9249917464012
43013,NOAA 20,2018-12-25 00:00:00+00:00,826.9247092019796
43013,NOAA 20,2018-12-26 00:00:00+00:00,826.9243995874658
43013,NOAA 20,2018-12-27 00:00:00+00:00,826.9241424213383
43013,NOAA 20,2018-12-28 00:00:00+00:00,826.9238818714666
43013,NOAA 20,2018-12-29 00:00:00+00:00,826.923543495046
43013,NOAA 20,2018-12-30 00:00:00+00:00,826.9231780485588
43013,NOAA 20,2018-12-31 00:00:00+00:00,826.9229310338287
43013,NOAA 20,2019-01-01 00:00:00+00:00,826.9227821482491
43013,NOAA 20,2019-01-02 00:00:00+00:00,826.9224539232455
43013,NOAA 20,2019-01-03 00:00:00+00:00,826.9221899897675
43013,NOAA 20,2019-01-04 00:00:00+00:00,826.9219260563109
43013,NOAA 20,2019-01-05 00:00:00+00:00,826.9218245434495
43013,NOAA 20,2019-01-06 00:00:00+00:00,826.9215284642924
43013,NOAA 20,2019-01-07 00:00:00+00:00,826.9212932928676
43013,NOAA 20,2019-01-08 00:00:00+00:00,826.9209989056453
43013,NOAA 20,2019-01-09 00:00:00+00:00,826.9207095940928
43013,NOAA 20,2019-01-10 00:00:00+00:00,826.9205251791436
43013,NOAA 20,2019-01-11 00:00:00+00:00,826.9201428142378
43013,NOAA 20,2019-01-12 00:00:00+00:00,826.9197722925414
43013,NOAA 20,2019-01-13 00:00:00+00:00,826.919462678557
43013,NOAA 20,2019-01-14 00:00:00+00:00,826.919222431663
43013,NOAA 20,2019-01-15 00:00:00+00:00,826.9189804929101
43013,NOAA 20,2019-01-16 00:00:00+00:00,826.9188569857215
43013,NOAA 20,2019-01-17 00:00:00+00:00,826.9187385541773
43013,NOAA 20,2019-01-18 00:00:00+00:00,826.9184035621201
43013,NOAA 20,2019-01-19 00:00:00+00:00,826.9181633153148
43013,NOAA 20,2019-01-20 00:00:00+00:00,826.9177640319358
43013,NOAA 20,2019-01-21 00:00:00+00:00,826.9177707994504
43013,NOAA 20,2019-01-22 00:00:00+00:00,826.9176337572871
43013,NOAA 20,2019-01-23 00:00:00+00:00,826.9173207597755
43013,NOAA 20,2019-01-24 00:00:00+00:00,826.91689779022
43013,NOAA 20,2019-01-25 00:00:00+00:00,826.9165661821321
43013,NOAA 20,2019-01-26 00:00:00+00:00,826.9165018907725
43013,NOAA 20,2019-01-27 00:00:00+00:00,826.9162007365276
43013,NOAA 20,2019-01-28 00:00:00+00:00,826.9159249604786
43013,NOAA 20,2019-01-29 00:00:00+00:00,826.9155984281347
43205,TBA - TO BE ASSIGNED,2018-02-06 00:00:00+00:00,3566.89213965191
43205,TESLA ROADSTER/FALCON 9H,2018-02-07 00:00:00+00:00,3559.6925231397827
