norad_id,object_name,date,daily_median_altitude_km,daily_max_kp,time_difference_days,altitude_change_km,orbital_decay_km_day,storm_day
25544,ISS (ZARYA),2017-12-02 00:00:00+00:00,404.8703357449922,2.333,,,,False
25544,ISS (ZARYA),2017-12-03 00:00:00+00:00,404.8547422234397,0.667,1.0,-0.015593521552489165,0.015593521552489165,False
25544,ISS (ZARYA),2017-12-04 00:00:00+00:00,404.83958525643175,4.0,1.0,-0.015156967007953881,0.015156967007953881,False
25544,ISS (ZARYA),2017-12-05 00:00:00+00:00,404.8281993984592,5.0,1.0,-0.011385857972527447,0.011385857972527447,True
25544,ISS (ZARYA),2017-12-06 00:00:00+00:00,404.78947969619367,4.0,1.0,-0.03871970226555277,0.03871970226555277,False
25544,ISS (ZARYA),2017-12-07 00:00:00+00:00,404.7546231256634,3.333,1.0,-0.03485657053028035,0.03485657053028035,False
25544,ISS (ZARYA),2017-12-08 00:00:00+00:00,404.7223827605367,2.0,1.0,-0.03224036512671091,0.03224036512671091,False
25544,ISS (ZARYA),2017-12-09 00:00:00+00:00,404.7038892047558,1.667,1.0,-0.018493555780878523,0.018493555780878523,False
25544,ISS (ZARYA),2017-12-10 00:00:00+00:00,404.6955691827561,1.333,1.0,-0.008320021999679739,0.008320021999679739,False
25544,ISS (ZARYA),2017-12-11 00:00:00+00:00,404.6953320498769,3.333,1.0,-0.00023713287919235881,0.00023713287919235881,False
25544,ISS (ZARYA),2017-12-12 00:00:00+00:00,404.6879009354575,4.0,1.0,-0.007431114419432561,0.007431114419432561,False
25544,ISS (ZARYA),2017-12-13 00:00:00+00:00,404.66970439079887,2.667,1.0,-0.01819654465862186,0.01819654465862186,False
25544,ISS (ZARYA),2017-12-14 00:00:00+00:00,404.6516243509741,2.667,1.0,-0.018080039824781124,0.018080039824781124,False
25544,ISS (ZARYA),2017-12-15 00:00:00+00:00,404.56021346759553,1.333,1.0,-0.09141088337855763,0.09141088337855763,False
25544,ISS (ZARYA),2017-12-16 00:00:00+00:00,404.5596897652513,2.0,1.0,-0.0005237023442532518,0.0005237023442532518,False
25544,ISS (ZARYA),2017-12-17 00:00:00+00:00,404.55106032896583,4.667,1.0,-0.00862943628544599,0.00862943628544599,False
25544,ISS (ZARYA),2017-12-18 00:00:00+00:00,404.4810337304607,4.333,1.0,-0.07002659850513737,0.07002659850513737,False
25544,ISS (ZARYA),2017-12-19 00:00:00+00:00,404.4960054043841,2.333,1.0,0.014971673923412254,-0.014971673923412254,False
25544,ISS (ZARYA),2017-12-20 00:00:00+00:00,404.4707229327664,2.0,1.0,-0.025282471617686042,0.025282471617686042,False
25544,ISS (ZARYA),2017-12-21 00:00:00+00:00,404.4674353559085,1.0,1.0,-0.003287576857928798,0.003287576857928798,False
25544,ISS (ZARYA),2017-12-22 00:00:00+00:00,404.4776443132241,1.0,1.0,0.010208957315626321,-0.010208957315626321,False
25544,ISS (ZARYA),2017-12-23 00:00:00+00:00,404.46558500468745,2.667,1.0,-0.012059308536663593,0.012059308536663593,False
25544,ISS (ZARYA),2017-12-24 00:00:00+00:00,404.459300802424,3.333,1.0,-0.006284202263429961,0.006284202263429961,False
25544,ISS (ZARYA),2017-12-25 00:00:00+00:00,404.4522892791165,3.0,1.0,-0.007011523307539846,0.007011523307539846,False
25544,ISS (ZARYA),2017-12-26 00:00:00+00:00,404.4368770843139,3.667,1.0,-0.015412194802593149,0.015412194802593149,False
25544,ISS (ZARYA),2017-12-27 00:00:00+00:00,404.41701373655815,2.667,1.0,-0.019863347755745053,0.019863347755745053,False
25544,ISS (ZARYA),2017-12-28 00:00:00+00:00,404.4014490038244,1.667,1.0,-0.015564732733764686,0.015564732733764686,False
25544,ISS (ZARYA),2017-12-29 00:00:00+00:00,404.3944463578664,2.333,1.0,-0.007002645957982168,0.007002645957982168,False
25544,ISS (ZARYA),2017-12-30 00:00:00+00:00,404.38183174918504,1.667,1.0,-0.01261460868136055,0.01261460868136055,False
25544,ISS (ZARYA),2017-12-31 00:00:00+00:00,404.3767841765784,2.0,1.0,-0.0050475726066565585,0.0050475726066565585,False
25544,ISS (ZARYA),2018-01-01 00:00:00+00:00,404.3615178730552,3.667,1.0,-0.015266303523162605,0.015266303523162605,False
25544,ISS (ZARYA),2018-01-02 00:00:00+00:00,404.3455854405338,2.0,1.0,-0.01593243252142429,0.01593243252142429,False
25544,ISS (ZARYA),2018-01-03 00:00:00+00:00,404.3269519021992,1.0,1.0,-0.018633538334597688,0.018633538334597688,False
25544,ISS (ZARYA),2018-01-04 00:00:00+00:00,404.31714498070505,1.333,1.0,-0.009806921494146081,0.009806921494146081,False
25544,ISS (ZARYA),2018-01-05 00:00:00+00:00,404.3034077868215,2.0,1.0,-0.013737193883571308,0.013737193883571308,False
25544,ISS (ZARYA),2018-01-06 00:00:00+00:00,404.29318784844054,1.333,1.0,-0.01021993838094204,0.01021993838094204,False
25544,ISS (ZARYA),2018-01-07 00:00:00+00:00,404.2816471900406,1.0,1.0,-0.011540658399951553,0.011540658399951553,False
25544,ISS (ZARYA),2018-01-08 00:00:00+00:00,404.27052549788,3.667,1.0,-0.011121692160600105,0.011121692160600105,False
25544,ISS (ZARYA),2018-01-09 00:00:00+00:00,404.2498459047092,3.667,1.0,-0.02067959317076884,0.02067959317076884,False
25544,ISS (ZARYA),2018-01-10 00:00:00+00:00,404.22519410387304,1.667,1.0,-0.024651800836181792,0.024651800836181792,False
25544,ISS (ZARYA),2018-01-11 00:00:00+00:00,404.2071810141592,1.0,1.0,-0.018013089713861064,0.018013089713861064,False
25544,ISS (ZARYA),2018-01-12 00:00:00+00:00,404.1921309348067,1.333,1.0,-0.015050079352477042,0.015050079352477042,False
25544,ISS (ZARYA),2018-01-13 00:00:00+00:00,404.1846953795748,3.0,1.0,-0.0074355552318934315,0.0074355552318934315,False
25544,ISS (ZARYA),2018-01-14 00:00:00+00:00,404.17002505470145,4.667,1.0,-0.014670324873350182,0.014670324873350182,False
25544,ISS (ZARYA),2018-01-15 00:00:00+00:00,404.1476720884075,3.667,1.0,-0.022352966293965437,0.022352966293965437,False
25544,ISS (ZARYA),2018-01-16 00:00:00+00:00,404.1345553698393,2.0,1.0,-0.013116718568198849,0.013116718568198849,False
25544,ISS (ZARYA),2018-01-17 00:00:00+00:00,404.1250589517403,0.667,1.0,-0.009496418098990489,0.009496418098990489,False
25544,ISS (ZARYA),2018-01-18 00:00:00+00:00,404.4648867592723,0.333,1.0,0.3398278075320036,-0.3398278075320036,False
25544,ISS (ZARYA),2018-01-19 00:00:00+00:00,404.5293472059484,2.667,1.0,0.06446044667609385,-0.06446044667609385,False
25544,ISS (ZARYA),2018-01-20 00:00:00+00:00,404.511931448781,3.0,1.0,-0.017415757167384527,0.017415757167384527,False
25544,ISS (ZARYA),2018-01-21 00:00:00+00:00,404.4986136734501,3.0,1.0,-0.013317775330904169,0.013317775330904169,False
25544,ISS (ZARYA),2018-01-22 00:00:00+00:00,404.4848755625844,3.333,1.0,-0.013738110865688213,0.013738110865688213,False
25544,ISS (ZARYA),2018-01-23 00:00:00+00:00,404.47276094399695,2.0,1.0,-0.012114618587474979,0.012114618587474979,False
25544,ISS (ZARYA),2018-01-24 00:00:00+00:00,404.4514688479908,4.0,1.0,-0.021292096006163774,0.021292096006163774,False
25544,ISS (ZARYA),2018-01-25 00:00:00+00:00,404.43556643601687,3.0,1.0,-0.015902411973911512,0.015902411973911512,False
25544,ISS (ZARYA),2018-01-26 00:00:00+00:00,404.4196466625308,3.0,1.0,-0.015919773486075428,0.015919773486075428,False
25544,ISS (ZARYA),2018-01-27 00:00:00+00:00,404.4054216422842,2.667,1.0,-0.014225020246612985,0.014225020246612985,False
25544,ISS (ZARYA),2018-01-28 00:00:00+00:00,404.3880008573633,1.667,1.0,-0.017420784920886945,0.017420784920886945,False
25544,ISS (ZARYA),2018-01-29 00:00:00+00:00,404.37825771940834,1.0,1.0,-0.009743137954956183,0.009743137954956183,False
25544,ISS (ZARYA),2018-01-30 00:00:00+00:00,404.6871435908065,2.333,1.0,0.3088858713981608,-0.3088858713981608,False
25544,ISS (ZARYA),2018-01-31 00:00:00+00:00,404.94682068852035,2.667,1.0,0.2596770977138476,-0.2596770977138476,False
25544,ISS (ZARYA),2018-02-01 00:00:00+00:00,404.95149247139307,2.667,1.0,0.004671782872719632,-0.004671782872719632,False
25544,ISS (ZARYA),2018-02-02 00:00:00+00:00,404.9384577070209,2.0,1.0,-0.013034764372150676,0.013034764372150676,False
25544,ISS (ZARYA),2018-02-03 00:00:00+00:00,404.9162046151778,1.667,1.0,-0.022253091843140282,0.022253091843140282,False
25544,ISS (ZARYA),2018-02-04 00:00:00+00:00,404.9017238374895,2.333,1.0,-0.014480777688277158,0.014480777688277158,False
25544,ISS (ZARYA),2018-02-05 00:00:00+00:00,404.8899914501594,3.0,1.0,-0.011732387330084748,0.011732387330084748,False
25544,ISS (ZARYA),2018-02-06 00:00:00+00:00,404.8804356477949,2.333,1.0,-0.009555802364502597,0.009555802364502597,False
25544,ISS (ZARYA),2018-02-07 00:00:00+00:00,404.8619613813544,1.667,1.0,-0.018474266440534848,0.018474266440534848,False
25544,ISS (ZARYA),2018-02-08 00:00:00+00:00,404.85018843157104,1.333,1.0,-0.011772949783335207,0.011772949783335207,False
25544,ISS (ZARYA),2018-02-09 00:00:00+00:00,404.8432530069854,2.667,1.0,-0.006935424585662986,0.006935424585662986,False
25544,ISS (ZARYA),2018-02-10 00:00:00+00:00,404.8347448787418,2.333,1.0,-0.008508128243590818,0.008508128243590818,False
25544,ISS (ZARYA),2018-02-11 00:00:00+00:00,404.8224730264601,0.667,1.0,-0.01227185228168537,0.01227185228168537,False
25544,ISS (ZARYA),2018-02-12 00:00:00+00:00,404.815710801216,1.667,1.0,-0.006762225244074216,0.006762225244074216,False
25544,ISS (ZARYA),2018-02-13 00:00:00+00:00,404.80098178205935,0.667,1.0,-0.01472901915667535,0.01472901915667535,False
25544,ISS (ZARYA),2018-02-14 00:00:00+00:00,404.7880306644861,1.333,1.0,-0.012951117573265947,0.012951117573265947,False
25544,ISS (ZARYA),2018-02-15 00:00:00+00:00,404.78125834110506,4.667,1.0,-0.0067723233810284,0.0067723233810284,False
25544,ISS (ZARYA),2018-02-16 00:00:00+00:00,404.7736451358191,2.333,1.0,-0.007613205285963431,0.007613205285963431,False
25544,ISS (ZARYA),2018-02-17 00:00:00+00:00,404.7626203550881,3.667,1.0,-0.0110247807310202,0.0110247807310202,False
25544,ISS (ZARYA),2018-02-18 00:00:00+00:00,404.7386971234064,4.0,1.0,-0.023923231681692414,0.023923231681692414,False
25544,ISS (ZARYA),2018-02-19 00:00:00+00:00,404.72127128858256,4.0,1.0,-0.017425834823825426,0.017425834823825426,False
25544,ISS (ZARYA),2018-02-20 00:00:00+00:00,404.6946861181659,2.667,1.0,-0.026585170416637993,0.026585170416637993,False
25544,ISS (ZARYA),2018-02-21 00:00:00+00:00,404.6803272705165,2.0,1.0,-0.014358847649418749,0.014358847649418749,False
25544,ISS (ZARYA),2018-02-22 00:00:00+00:00,404.6693276010787,3.667,1.0,-0.01099966943780828,0.01099966943780828,False
25544,ISS (ZARYA),2018-02-23 00:00:00+00:00,404.6547186682524,4.333,1.0,-0.014608932826263299,0.014608932826263299,False
25544,ISS (ZARYA),2018-02-24 00:00:00+00:00,404.6398930474543,3.333,1.0,-0.014825620798148975,0.014825620798148975,False
25544,ISS (ZARYA),2018-02-25 00:00:00+00:00,404.62324324012206,2.0,1.0,-0.01664980733221455,0.01664980733221455,False
25544,ISS (ZARYA),2018-02-26 00:00:00+00:00,404.6043299375033,3.0,1.0,-0.018913302618784655,0.018913302618784655,False
25544,ISS (ZARYA),2018-02-27 00:00:00+00:00,404.5934062197339,5.333,1.0,-0.010923717769401264,0.010923717769401264,True
25544,ISS (ZARYA),2018-02-28 00:00:00+00:00,404.5809274315816,2.333,1.0,-0.012478788152293419,0.012478788152293419,False
25544,ISS (ZARYA),2018-03-01 00:00:00+00:00,404.5711530507742,2.667,1.0,-0.009774380807357375,0.009774380807357375,False
25544,ISS (ZARYA),2018-03-02 00:00:00+00:00,404.5567861316763,2.667,1.0,-0.01436691909793808,0.01436691909793808,False
25544,ISS (ZARYA),2018-03-03 00:00:00+00:00,404.5427858719554,2.667,1.0,-0.014000259720887698,0.014000259720887698,False
25544,ISS (ZARYA),2018-03-04 00:00:00+00:00,404.53242974372733,2.667,1.0,-0.010356128228067973,0.010356128228067973,False
25544,ISS (ZARYA),2018-03-05 00:00:00+00:00,404.5178608242036,1.333,1.0,-0.01456891952375372,0.01456891952375372,False
25544,ISS (ZARYA),2018-03-06 00:00:00+00:00,404.5045779326246,2.0,1.0,-0.013282891578967337,0.013282891578967337,False
25544,ISS (ZARYA),2018-03-07 00:00:00+00:00,404.4932531238892,2.667,1.0,-0.01132480873542363,0.01132480873542363,False
25544,ISS (ZARYA),2018-03-08 00:00:00+00:00,404.4807413397716,1.667,1.0,-0.012511784117577918,0.012511784117577918,False
25544,ISS (ZARYA),2018-03-09 00:00:00+00:00,404.4660592318132,4.333,1.0,-0.014682107958435608,0.014682107958435608,False
25544,ISS (ZARYA),2018-03-10 00:00:00+00:00,404.45404506815703,4.0,1.0,-0.012014163656147048,0.012014163656147048,False
25544,ISS (ZARYA),2018-03-11 00:00:00+00:00,404.4427612007594,2.333,1.0,-0.011283867397651193,0.011283867397651193,False
25544,ISS (ZARYA),2018-03-12 00:00:00+00:00,404.4229399956539,1.0,1.0,-0.019821205105472472,0.019821205105472472,False
25544,ISS (ZARYA),2018-03-13 00:00:00+00:00,404.40808509671206,1.0,1.0,-0.01485489894184866,0.01485489894184866,False
25544,ISS (ZARYA),2018-03-14 00:00:00+00:00,404.70971134426145,4.0,1.0,0.30162624754939316,-0.30162624754939316,False
25544,ISS (ZARYA),2018-03-15 00:00:00+00:00,404.79320411937533,4.0,1.0,0.08349277511388209,-0.08349277511388209,False
25544,ISS (ZARYA),2018-03-16 00:00:00+00:00,404.7834624357938,4.333,1.0,-0.00974168358152383,0.00974168358152383,False
25544,ISS (ZARYA),2018-03-17 00:00:00+00:00,404.765209966904,4.333,1.0,-0.018252468889784268,0.018252468889784268,False
25544,ISS (ZARYA),2018-03-18 00:00:00+00:00,404.74435347813414,6.0,1.0,-0.02085648876987989,0.02085648876987989,True
25544,ISS (ZARYA),2018-03-19 00:00:00+00:00,404.7292087649903,4.333,1.0,-0.01514471314385446,0.01514471314385446,False
25544,ISS (ZARYA),2018-03-20 00:00:00+00:00,404.7184663992066,3.0,1.0,-0.010742365783698915,0.010742365783698915,False
25544,ISS (ZARYA),2018-03-21 00:00:00+00:00,404.70538765525816,2.0,1.0,-0.013078743948426563,0.013078743948426563,False
25544,ISS (ZARYA),2018-03-22 00:00:00+00:00,404.6919103593209,3.0,1.0,-0.013477295937263989,0.013477295937263989,False
25544,ISS (ZARYA),2018-03-23 00:00:00+00:00,404.6863704885227,4.0,1.0,-0.005539870798202173,0.005539870798202173,False
25544,ISS (ZARYA),2018-03-24 00:00:00+00:00,404.6769696097099,2.667,1.0,-0.009400878812812152,0.009400878812812152,False
25544,ISS (ZARYA),2018-03-25 00:00:00+00:00,404.7108868302157,4.0,1.0,0.03391722050582757,-0.03391722050582757,False
25544,ISS (ZARYA),2018-03-26 00:00:00+00:00,404.6961060042904,3.0,1.0,-0.014780825925299723,0.014780825925299723,False
25544,ISS (ZARYA),2018-03-27 00:00:00+00:00,404.67266924950945,3.0,1.0,-0.023436754780959745,0.023436754780959745,False
25544,ISS (ZARYA),2018-03-28 00:00:00+00:00,404.65069329328617,0.667,1.0,-0.02197595622328663,0.02197595622328663,False
25544,ISS (ZARYA),2018-03-29 00:00:00+00:00,404.6149292816999,1.667,1.0,-0.03576401158625231,0.03576401158625231,False
25544,ISS (ZARYA),2018-03-30 00:00:00+00:00,404.5636320825997,2.333,1.0,-0.05129719910019048,0.05129719910019048,False
25544,ISS (ZARYA),2018-03-31 00:00:00+00:00,404.55171204538055,2.667,1.0,-0.011920037219169899,0.011920037219169899,False
25544,ISS (ZARYA),2018-04-01 00:00:00+00:00,404.54193049672176,1.333,1.0,-0.009781548658793326,0.009781548658793326,False
25544,ISS (ZARYA),2018-04-02 00:00:00+00:00,404.53492166929664,1.667,1.0,-0.007008827425124764,0.007008827425124764,False
25544,ISS (ZARYA),2018-04-03 00:00:00+00:00,404.52159360034693,2.0,1.0,-0.013328068949704175,0.013328068949704175,False
25544,ISS (ZARYA),2018-04-04 00:00:00+00:00,404.5052776437197,1.667,1.0,-0.016315956627238393,0.016315956627238393,False
25544,ISS (ZARYA),2018-04-05 00:00:00+00:00,404.4870794139488,3.0,1.0,-0.018198229770916896,0.018198229770916896,False
25544,ISS (ZARYA),2018-04-06 00:00:00+00:00,404.46669346965245,1.667,1.0,-0.020385944296322123,0.020385944296322123,False
25544,ISS (ZARYA),2018-04-07 00:00:00+00:00,404.45350247500573,2.0,1.0,-0.013190994646720355,0.013190994646720355,False
25544,ISS (ZARYA),2018-04-08 00:00:00+00:00,404.44016898736936,2.333,1.0,-0.01333348763637332,0.01333348763637332,False
25544,ISS (ZARYA),2018-04-09 00:00:00+00:00,404.420554362061,4.333,1.0,-0.019614625308349787,0.019614625308349787,False
25544,ISS (ZARYA),2018-04-10 00:00:00+00:00,404.39746619713515,4.0,1.0,-0.023088164925866295,0.023088164925866295,False
25544,ISS (ZARYA),2018-04-11 00:00:00+00:00,404.37594630952754,4.333,1.0,-0.021519887607610144,0.021519887607610144,False
25544,ISS (ZARYA),2018-04-12 00:00:00+00:00,404.35015584092616,3.0,1.0,-0.025790468601371686,0.025790468601371686,False
25544,ISS (ZARYA),2018-04-13 00:00:00+00:00,404.3111898607958,3.667,1.0,-0.03896598013034236,0.03896598013034236,False
25544,ISS (ZARYA),2018-04-14 00:00:00+00:00,404.29585701453107,2.0,1.0,-0.015332846264755062,0.015332846264755062,False
25544,ISS (ZARYA),2018-04-15 00:00:00+00:00,404.2909826974146,2.333,1.0,-0.004874317116446036,0.004874317116446036,False
25544,ISS (ZARYA),2018-04-16 00:00:00+00:00,404.28039334278856,1.0,1.0,-0.010589354626063141,0.010589354626063141,False
25544,ISS (ZARYA),2018-04-17 00:00:00+00:00,404.2715029714818,1.0,1.0,-0.008890371306733869,0.008890371306733869,False
25544,ISS (ZARYA),2018-04-18 00:00:00+00:00,404.63196455383513,2.0,1.0,0.3604615823533095,-0.3604615823533095,False
25544,ISS (ZARYA),2018-04-19 00:00:00+00:00,404.66684427992095,1.0,1.0,0.03487972608581913,-0.03487972608581913,False
25544,ISS (ZARYA),2018-04-20 00:00:00+00:00,404.6678742686381,6.0,1.0,0.0010299887171640876,-0.0010299887171640876,True
25544,ISS (ZARYA),2018-04-21 00:00:00+00:00,404.6594161525272,3.333,1.0,-0.008458116110887204,0.008458116110887204,False
25544,ISS (ZARYA),2018-04-22 00:00:00+00:00,404.6407600914645,1.667,1.0,-0.018656061062756635,0.018656061062756635,False
25544,ISS (ZARYA),2018-04-23 00:00:00+00:00,404.62005876400144,3.0,1.0,-0.020701327463029884,0.020701327463029884,False
25544,ISS (ZARYA),2018-04-24 00:00:00+00:00,404.60154262966535,2.0,1.0,-0.018516134336096002,0.018516134336096002,False
25544,ISS (ZARYA),2018-04-25 00:00:00+00:00,404.5908560496209,2.0,1.0,-0.010686580044421135,0.010686580044421135,False
25544,ISS (ZARYA),2018-04-26 00:00:00+00:00,404.5815224198086,1.667,1.0,-0.009333629812317668,0.009333629812317668,False
25544,ISS (ZARYA),2018-04-27 00:00:00+00:00,404.5658956445231,2.667,1.0,-0.015626775285511485,0.015626775285511485,False
25544,ISS (ZARYA),2018-04-28 00:00:00+00:00,404.5514880178657,1.667,1.0,-0.014407626657373385,0.014407626657373385,False
25544,ISS (ZARYA),2018-04-29 00:00:00+00:00,404.54391182481777,1.333,1.0,-0.007576193047952984,0.007576193047952984,False
25544,ISS (ZARYA),2018-04-30 00:00:00+00:00,404.5323322772765,2.333,1.0,-0.011579547541259672,0.011579547541259672,False
25544,ISS (ZARYA),2018-05-01 00:00:00+00:00,404.5189373045414,1.0,1.0,-0.013394972735113697,0.013394972735113697,False
25544,ISS (ZARYA),2018-05-02 00:00:00+00:00,404.5084168858475,2.0,1.0,-0.010520418693886313,0.010520418693886313,False
25544,ISS (ZARYA),2018-05-03 00:00:00+00:00,404.497260806128,1.333,1.0,-0.01115607971951249,0.01115607971951249,False
25544,ISS (ZARYA),2018-05-04 00:00:00+00:00,404.48613386583565,1.333,1.0,-0.011126940292342624,0.011126940292342624,False
25544,ISS (ZARYA),2018-05-05 00:00:00+00:00,404.4700654170419,5.667,1.0,-0.016068448793760126,0.016068448793760126,True
25544,ISS (ZARYA),2018-05-06 00:00:00+00:00,404.4490715487591,5.667,1.0,-0.02099386828280103,0.02099386828280103,True
25544,ISS (ZARYA),2018-05-07 00:00:00+00:00,404.42273052530345,4.0,1.0,-0.026341023455643153,0.026341023455643153,False
25544,ISS (ZARYA),2018-05-08 00:00:00+00:00,404.3934397471794,3.667,1.0,-0.02929077812405012,0.02929077812405012,False
25544,ISS (ZARYA),2018-05-09 00:00:00+00:00,404.3653682602617,4.0,1.0,-0.028071486917724542,0.028071486917724542,False
25544,ISS (ZARYA),2018-05-10 00:00:00+00:00,404.34918561207087,3.333,1.0,-0.016182648190806503,0.016182648190806503,False
25544,ISS (ZARYA),2018-05-11 00:00:00+00:00,404.3356766296292,3.667,1.0,-0.013508982441692297,0.013508982441692297,False
25544,ISS (ZARYA),2018-05-12 00:00:00+00:00,404.32644715442984,3.667,1.0,-0.009229475199333592,0.009229475199333592,False
25544,ISS (ZARYA),2018-05-13 00:00:00+00:00,404.848351075309,2.333,1.0,0.5219039208791401,-0.5219039208791401,False
25544,ISS (ZARYA),2018-05-14 00:00:00+00:00,404.888277571471,2.0,1.0,0.039926496162024705,-0.039926496162024705,False
25544,ISS (ZARYA),2018-05-15 00:00:00+00:00,404.8873027858776,1.333,1.0,-0.000974785593427896,0.000974785593427896,False
25544,ISS (ZARYA),2018-05-16 00:00:00+00:00,404.8780088737449,1.333,1.0,-0.009293912132704918,0.009293912132704918,False
25544,ISS (ZARYA),2018-05-17 00:00:00+00:00,404.865176692284,3.0,1.0,-0.012832181460851189,0.012832181460851189,False
25544,ISS (ZARYA),2018-05-18 00:00:00+00:00,404.8588028163399,1.667,1.0,-0.006373875944120755,0.006373875944120755,False
25544,ISS (ZARYA),2018-05-19 00:00:00+00:00,404.8431177037533,1.0,1.0,-0.01568511258659555,0.01568511258659555,False
25544,ISS (ZARYA),2018-05-20 00:00:00+00:00,404.82741231319415,1.0,1.0,-0.015705390559162424,0.015705390559162424,False
25544,ISS (ZARYA),2018-05-21 00:00:00+00:00,404.82260978420754,1.0,1.0,-0.004802528986601828,0.004802528986601828,False
25544,ISS (ZARYA),2018-05-22 00:00:00+00:00,404.7836884063754,2.0,1.0,-0.038921377832139115,0.038921377832139115,False
25544,ISS (ZARYA),2018-05-23 00:00:00+00:00,404.808103318278,3.333,1.0,0.024414911902567837,-0.024414911902567837,False
25544,ISS (ZARYA),2018-05-24 00:00:00+00:00,404.7469449736632,1.333,1.0,-0.06115834461479608,0.06115834461479608,False
25544,ISS (ZARYA),2018-05-25 00:00:00+00:00,404.7860869863198,1.333,1.0,0.03914201265661177,-0.03914201265661177,False
25544,ISS (ZARYA),2018-05-26 00:00:00+00:00,404.77824099050986,1.333,1.0,-0.007845995809930173,0.007845995809930173,False
25544,ISS (ZARYA),2018-05-27 00:00:00+00:00,404.7699672939262,1.333,1.0,-0.008273696583671608,0.008273696583671608,False
25544,ISS (ZARYA),2018-05-28 00:00:00+00:00,404.7565115007683,1.667,1.0,-0.013455793157902463,0.013455793157902463,False
25544,ISS (ZARYA),2018-05-29 00:00:00+00:00,404.7439606806038,1.667,1.0,-0.012550820164506149,0.012550820164506149,False
25544,ISS (ZARYA),2018-05-30 00:00:00+00:00,404.7393066871614,1.667,1.0,-0.004653993442389037,0.004653993442389037,False
25544,ISS (ZARYA),2018-05-31 00:00:00+00:00,404.7256968394977,4.333,1.0,-0.013609847663701657,0.013609847663701657,False
25544,ISS (ZARYA),2018-06-01 00:00:00+00:00,404.7099164918559,4.667,1.0,-0.015780347641793924,0.015780347641793924,False
25544,ISS (ZARYA),2018-06-02 00:00:00+00:00,404.7022801921448,4.0,1.0,-0.0076362997110663855,0.0076362997110663855,False
25544,ISS (ZARYA),2018-06-03 00:00:00+00:00,404.6812001486205,2.667,1.0,-0.021080043524307257,0.021080043524307257,False
25544,ISS (ZARYA),2018-06-04 00:00:00+00:00,404.664416243655,1.333,1.0,-0.01678390496550719,0.01678390496550719,False
25544,ISS (ZARYA),2018-06-05 00:00:00+00:00,404.6563974821229,1.667,1.0,-0.008018761532127883,0.008018761532127883,False
25544,ISS (ZARYA),2018-06-06 00:00:00+00:00,404.64850094483427,3.667,1.0,-0.007896537288615946,0.007896537288615946,False
25544,ISS (ZARYA),2018-06-07 00:00:00+00:00,404.6429757103565,2.667,1.0,-0.005525234477772756,0.005525234477772756,False
25544,ISS (ZARYA),2018-06-08 00:00:00+00:00,404.6116299190935,2.0,1.0,-0.03134579126299286,0.03134579126299286,False
25544,ISS (ZARYA),2018-06-09 00:00:00+00:00,404.60986381833663,1.333,1.0,-0.0017661007568676723,0.0017661007568676723,False
25544,ISS (ZARYA),2018-06-10 00:00:00+00:00,404.5862736057843,1.0,1.0,-0.023590212552335288,0.023590212552335288,False
25544,ISS (ZARYA),2018-06-11 00:00:00+00:00,404.5892092784361,1.333,1.0,0.002935672651801724,-0.002935672651801724,False
25544,ISS (ZARYA),2018-06-12 00:00:00+00:00,404.56299927552664,1.667,1.0,-0.026210002909465402,0.026210002909465402,False
25544,ISS (ZARYA),2018-06-13 00:00:00+00:00,404.56305748351,2.0,1.0,5.8207983386182605e-05,-5.8207983386182605e-05,False
25544,ISS (ZARYA),2018-06-14 00:00:00+00:00,404.5473522406032,1.333,1.0,-0.01570524290684716,0.01570524290684716,False
25544,ISS (ZARYA),2018-06-15 00:00:00+00:00,404.5342350456435,1.0,1.0,-0.013117194959647804,0.013117194959647804,False
25544,ISS (ZARYA),2018-06-16 00:00:00+00:00,404.5171494707529,0.667,1.0,-0.01708557489064333,0.01708557489064333,False
25544,ISS (ZARYA),2018-06-17 00:00:00+00:00,404.5091195065047,1.667,1.0,-0.008029964248180477,0.008029964248180477,False
25544,ISS (ZARYA),2018-06-18 00:00:00+00:00,404.4960083196861,4.0,1.0,-0.013111186818605347,0.013111186818605347,False
25544,ISS (ZARYA),2018-06-19 00:00:00+00:00,404.4802685655968,2.333,1.0,-0.015739754089281632,0.015739754089281632,False
25544,ISS (ZARYA),2018-06-20 00:00:00+00:00,404.46747899637967,2.333,1.0,-0.0127895692171478,0.0127895692171478,False
25544,ISS (ZARYA),2018-06-21 00:00:00+00:00,404.4525351200059,1.0,1.0,-0.014943876373763487,0.014943876373763487,False
25544,ISS (ZARYA),2018-06-22 00:00:00+00:00,404.3972810027571,1.333,1.0,-0.05525411724880769,0.05525411724880769,False
25544,ISS (ZARYA),2018-06-23 00:00:00+00:00,405.23258510564665,4.0,1.0,0.8353041028895518,-0.8353041028895518,False
25544,ISS (ZARYA),2018-06-24 00:00:00+00:00,405.1498093627592,2.667,1.0,-0.08277574288746337,0.08277574288746337,False
25544,ISS (ZARYA),2018-06-25 00:00:00+00:00,405.1554199716357,5.0,1.0,0.0056106088765091044,-0.0056106088765091044,True
25544,ISS (ZARYA),2018-06-26 00:00:00+00:00,405.1449552854601,4.667,1.0,-0.01046468617556684,0.01046468617556684,False
25544,ISS (ZARYA),2018-06-27 00:00:00+00:00,405.1247826645654,2.667,1.0,-0.0201726208947548,0.0201726208947548,False
25544,ISS (ZARYA),2018-06-28 00:00:00+00:00,405.1056490562323,1.667,1.0,-0.01913360833304978,0.01913360833304978,False
25544,ISS (ZARYA),2018-06-29 00:00:00+00:00,405.0918336619552,1.333,1.0,-0.013815394277116866,0.013815394277116866,False
25544,ISS (ZARYA),2018-06-30 00:00:00+00:00,405.0823207966105,1.0,1.0,-0.009512865344731836,0.009512865344731836,False
25544,ISS (ZARYA),2018-07-01 00:00:00+00:00,405.0697320902127,0.667,1.0,-0.012588706397764327,0.012588706397764327,False
25544,ISS (ZARYA),2018-07-02 00:00:00+00:00,405.0577356243962,1.0,1.0,-0.011996465816537238,0.011996465816537238,False
25544,ISS (ZARYA),2018-07-03 00:00:00+00:00,405.04624118259335,1.667,1.0,-0.01149444180282444,0.01149444180282444,False
25544,ISS (ZARYA),2018-07-04 00:00:00+00:00,405.03690744173946,1.333,1.0,-0.009333740853890049,0.009333740853890049,False
25544,ISS (ZARYA),2018-07-05 00:00:00+00:00,405.027447148439,4.667,1.0,-0.009460293300435296,0.009460293300435296,False
25544,ISS (ZARYA),2018-07-06 00:00:00+00:00,405.0229163458853,3.667,1.0,-0.004530802553745161,0.004530802553745161,False
25544,ISS (ZARYA),2018-07-07 00:00:00+00:00,405.01662066783,2.0,1.0,-0.006295678055266762,0.006295678055266762,False
25544,ISS (ZARYA),2018-07-08 00:00:00+00:00,405.0093254399035,1.333,1.0,-0.007295227926533698,0.007295227926533698,False
25544,ISS (ZARYA),2018-07-09 00:00:00+00:00,405.000549076899,0.667,1.0,-0.008776363004471932,0.008776363004471932,False
25544,ISS (ZARYA),2018-07-10 00:00:00+00:00,404.99103071264017,2.333,1.0,-0.009518364258838119,0.009518364258838119,False
25544,ISS (ZARYA),2018-07-11 00:00:00+00:00,405.1367895990061,2.667,1.0,0.14575888636591117,-0.14575888636591117,False
25544,ISS (ZARYA),2018-07-12 00:00:00+00:00,405.1370282252583,2.667,1.0,0.00023862625221227063,-0.00023862625221227063,False
25544,ISS (ZARYA),2018-07-13 00:00:00+00:00,405.1518580148713,2.667,1.0,0.014829789613031608,-0.014829789613031608,False
25544,ISS (ZARYA),2018-07-14 00:00:00+00:00,405.14365447721593,1.667,1.0,-0.008203537655390392,0.008203537655390392,False
25544,ISS (ZARYA),2018-07-15 00:00:00+00:00,405.1331141753881,1.333,1.0,-0.010540301827859366,0.010540301827859366,False
25544,ISS (ZARYA),2018-07-16 00:00:00+00:00,405.123915452903,2.667,1.0,-0.009198722485052713,0.009198722485052713,False
25544,ISS (ZARYA),2018-07-17 00:00:00+00:00,405.10878026115824,3.0,1.0,-0.015135191744775511,0.015135191744775511,False
25544,ISS (ZARYA),2018-07-18 00:00:00+00:00,405.0965348149912,1.0,1.0,-0.01224544616707135,0.01224544616707135,False
25544,ISS (ZARYA),2018-07-19 00:00:00+00:00,405.082488122438,1.0,1.0,-0.014046692553165485,0.014046692553165485,False
25544,ISS (ZARYA),2018-07-20 00:00:00+00:00,405.0744288400556,2.0,1.0,-0.008059282382419042,0.008059282382419042,False
25544,ISS (ZARYA),2018-07-21 00:00:00+00:00,405.0708131559186,3.333,1.0,-0.0036156841370029724,0.0036156841370029724,False
25544,ISS (ZARYA),2018-07-22 00:00:00+00:00,405.05950489874976,1.333,1.0,-0.011308257168821001,0.011308257168821001,False
25544,ISS (ZARYA),2018-07-23 00:00:00+00:00,405.04771363189593,1.0,1.0,-0.011791266853833804,0.011791266853833804,False
25544,ISS (ZARYA),2018-07-24 00:00:00+00:00,405.0410410554159,4.0,1.0,-0.006672576480013959,0.006672576480013959,False
25544,ISS (ZARYA),2018-07-25 00:00:00+00:00,405.02381697676446,3.333,1.0,-0.017224078651452146,0.017224078651452146,False
25544,ISS (ZARYA),2018-07-26 00:00:00+00:00,405.0147001032792,1.333,1.0,-0.009116873485254473,0.009116873485254473,False
25544,ISS (ZARYA),2018-07-27 00:00:00+00:00,405.6934482197321,1.667,1.0,0.6787481164528799,-0.6787481164528799,False
25544,ISS (ZARYA),2018-07-28 00:00:00+00:00,405.699813869398,2.0,1.0,0.0063656496658950346,-0.0063656496658950346,False
25544,ISS (ZARYA),2018-07-29 00:00:00+00:00,405.70603108897785,1.333,1.0,0.006217219579866651,-0.006217219579866651,False
25544,ISS (ZARYA),2018-07-30 00:00:00+00:00,405.7037665757007,2.0,1.0,-0.0022645132771685894,0.0022645132771685894,False
25544,ISS (ZARYA),2018-07-31 00:00:00+00:00,405.69617261122585,2.333,1.0,-0.007593964474835957,0.007593964474835957,False
25544,ISS (ZARYA),2018-08-01 00:00:00+00:00,405.68413408160905,2.333,1.0,-0.012038529616802407,0.012038529616802407,False
25544,ISS (ZARYA),2018-08-02 00:00:00+00:00,405.6756727969705,2.667,1.0,-0.008461284638542566,0.008461284638542566,False
25544,ISS (ZARYA),2018-08-03 00:00:00+00:00,405.6646094233183,2.667,1.0,-0.011063373652177688,0.011063373652177688,False
25544,ISS (ZARYA),2018-08-04 00:00:00+00:00,405.6529494157608,2.0,1.0,-0.011660007557509289,0.011660007557509289,False
25544,ISS (ZARYA),2018-08-05 00:00:00+00:00,405.6357098105573,2.0,1.0,-0.017239605203542396,0.017239605203542396,False
25544,ISS (ZARYA),2018-08-06 00:00:00+00:00,405.6268149972284,1.0,1.0,-0.008894813328879536,0.008894813328879536,False
25544,ISS (ZARYA),2018-08-07 00:00:00+00:00,405.6166017151345,3.0,1.0,-0.010213282093900489,0.010213282093900489,False
25544,ISS (ZARYA),2018-08-08 00:00:00+00:00,405.6004945538379,1.667,1.0,-0.0161071612965884,0.0161071612965884,False
25544,ISS (ZARYA),2018-08-09 00:00:00+00:00,405.5962247459411,1.333,1.0,-0.0042698078968328446,0.0042698078968328446,False
25544,ISS (ZARYA),2018-08-10 00:00:00+00:00,405.58554006864233,1.333,1.0,-0.010684677298741008,0.010684677298741008,False
25544,ISS (ZARYA),2018-08-11 00:00:00+00:00,405.5710600841494,3.667,1.0,-0.014479984492936637,0.014479984492936637,False
25544,ISS (ZARYA),2018-08-12 00:00:00+00:00,405.55472617269334,2.0,1.0,-0.01633391145605856,0.01633391145605856,False
25544,ISS (ZARYA),2018-08-13 00:00:00+00:00,405.5447983918384,1.333,1.0,-0.009927780854923185,0.009927780854923185,False
25544,ISS (ZARYA),2018-08-14 00:00:00+00:00,405.5345752316816,1.333,1.0,-0.01022316015684055,0.01022316015684055,False
25544,ISS (ZARYA),2018-08-15 00:00:00+00:00,405.527015211328,4.0,1.0,-0.007560020353594155,0.007560020353594155,False
25544,ISS (ZARYA),2018-08-16 00:00:00+00:00,405.5266717729828,3.667,1.0,-0.0003434383451690337,0.0003434383451690337,False
25544,ISS (ZARYA),2018-08-17 00:00:00+00:00,405.5266048316143,4.0,1.0,-6.694136851592702e-05,6.694136851592702e-05,False
25544,ISS (ZARYA),2018-08-18 00:00:00+00:00,405.5165694661782,3.333,1.0,-0.010035365436067423,0.010035365436067423,False
25544,ISS (ZARYA),2018-08-19 00:00:00+00:00,405.49402204469607,2.667,1.0,-0.022547421482158825,0.022547421482158825,False
25544,ISS (ZARYA),2018-08-20 00:00:00+00:00,405.4791409074155,4.0,1.0,-0.014881137280553958,0.014881137280553958,False
25544,ISS (ZARYA),2018-08-21 00:00:00+00:00,405.4676999789603,2.667,1.0,-0.011440928455215271,0.011440928455215271,False
25544,ISS (ZARYA),2018-08-22 00:00:00+00:00,405.4597457826085,2.333,1.0,-0.007954196351818155,0.007954196351818155,False
25544,ISS (ZARYA),2018-08-23 00:00:00+00:00,405.4561252194526,1.667,1.0,-0.003620563155891432,0.003620563155891432,False
25544,ISS (ZARYA),2018-08-24 00:00:00+00:00,405.452348954072,2.667,1.0,-0.0037762653805657465,0.0037762653805657465,False
25544,ISS (ZARYA),2018-08-25 00:00:00+00:00,405.44942689931895,4.333,1.0,-0.0029220547530712793,0.0029220547530712793,False
25544,ISS (ZARYA),2018-08-26 00:00:00+00:00,405.4437152229166,7.333,1.0,-0.005711676402370358,0.005711676402370358,True
25544,ISS (ZARYA),2018-08-27 00:00:00+00:00,405.41907002284006,5.667,1.0,-0.02464520007652027,0.02464520007652027,True
25544,ISS (ZARYA),2018-08-28 00:00:00+00:00,405.3521204935832,3.667,1.0,-0.06694952925687403,0.06694952925687403,False
25544,ISS (ZARYA),2018-08-29 00:00:00+00:00,405.344964057992,2.333,1.0,-0.007156435591184618,0.007156435591184618,False
25544,ISS (ZARYA),2018-08-30 00:00:00+00:00,405.3310645037936,1.667,1.0,-0.013899554198417263,0.013899554198417263,False
25544,ISS (ZARYA),2018-08-31 00:00:00+00:00,405.31763939477514,2.333,1.0,-0.013425109018442072,0.013425109018442072,False
25544,ISS (ZARYA),2018-09-01 00:00:00+00:00,405.3028785451588,2.0,1.0,-0.014760849616322957,0.014760849616322957,False
25544,ISS (ZARYA),2018-09-02 00:00:00+00:00,405.29363850370373,2.0,1.0,-0.009240041455086612,0.009240041455086612,False
25544,ISS (ZARYA),2018-09-03 00:00:00+00:00,405.28293755643426,1.333,1.0,-0.010700947269469907,0.010700947269469907,False
25544,ISS (ZARYA),2018-09-04 00:00:00+00:00,405.2690659670561,3.0,1.0,-0.013871589378140925,0.013871589378140925,False
25544,ISS (ZARYA),2018-09-05 00:00:00+00:00,405.2564880345317,3.333,1.0,-0.01257793252443662,0.01257793252443662,False
25544,ISS (ZARYA),2018-09-06 00:00:00+00:00,405.5546694179179,2.0,1.0,0.2981813833862361,-0.2981813833862361,False
25544,ISS (ZARYA),2018-09-07 00:00:00+00:00,405.5524617852643,2.333,1.0,-0.002207632653608016,0.002207632653608016,False
25544,ISS (ZARYA),2018-09-08 00:00:00+00:00,405.5690911033184,2.333,1.0,0.016629318054071973,-0.016629318054071973,False
25544,ISS (ZARYA),2018-09-09 00:00:00+00:00,405.5625234782392,2.667,1.0,-0.006567625079185291,0.006567625079185291,False
25544,ISS (ZARYA),2018-09-10 00:00:00+00:00,405.5513121293443,5.0,1.0,-0.011211348894903495,0.011211348894903495,True
25544,ISS (ZARYA),2018-09-11 00:00:00+00:00,405.54486533365434,6.0,1.0,-0.006446795689953433,0.006446795689953433,True
25544,ISS (ZARYA),2018-09-12 00:00:00+00:00,405.5353014022139,4.0,1.0,-0.009563931440425222,0.009563931440425222,False
25544,ISS (ZARYA),2018-09-13 00:00:00+00:00,405.51834486165353,4.0,1.0,-0.016956540560386202,0.016956540560386202,False
25544,ISS (ZARYA),2018-09-14 00:00:00+00:00,405.5029455274271,4.333,1.0,-0.01539933422645845,0.01539933422645845,False
25544,ISS (ZARYA),2018-09-15 00:00:00+00:00,405.49049748083416,2.667,1.0,-0.012448046592908213,0.012448046592908213,False
25544,ISS (ZARYA),2018-09-16 00:00:00+00:00,405.4755843479943,2.333,1.0,-0.014913132839865284,0.014913132839865284,False
25544,ISS (ZARYA),2018-09-17 00:00:00+00:00,405.4657936472704,3.333,1.0,-0.009790700723897316,0.009790700723897316,False
25544,ISS (ZARYA),2018-09-18 00:00:00+00:00,405.45920444407966,2.333,1.0,-0.00658920319074241,0.00658920319074241,False
25544,ISS (ZARYA),2018-09-19 00:00:00+00:00,405.4519254886609,2.333,1.0,-0.007278955418769328,0.007278955418769328,False
25544,ISS (ZARYA),2018-09-20 00:00:00+00:00,405.4354962508232,0.667,1.0,-0.016429237837712662,0.016429237837712662,False
25544,ISS (ZARYA),2018-09-21 00:00:00+00:00,405.8044344569753,4.333,1.0,0.3689382061521087,-0.3689382061521087,False
25544,ISS (ZARYA),2018-09-22 00:00:00+00:00,405.8790216292223,4.667,1.0,0.07458717224699285,-0.07458717224699285,False
25544,ISS (ZARYA),2018-09-23 00:00:00+00:00,405.8622230356068,3.333,1.0,-0.01679859361547642,0.01679859361547642,False
25544,ISS (ZARYA),2018-09-24 00:00:00+00:00,405.8541672573819,2.333,1.0,-0.008055778224900223,0.008055778224900223,False
25544,ISS (ZARYA),2018-09-25 00:00:00+00:00,405.8380106528448,3.0,1.0,-0.01615660453711598,0.01615660453711598,False
25544,ISS (ZARYA),2018-09-26 00:00:00+00:00,405.83730041085073,2.667,1.0,-0.0007102419940565596,0.0007102419940565596,False
25544,ISS (ZARYA),2018-09-27 00:00:00+00:00,405.8218788909694,2.333,1.0,-0.015421519881329004,0.015421519881329004,False
25544,ISS (ZARYA),2018-09-28 00:00:00+00:00,405.8054794315803,3.0,1.0,-0.01639945938910614,0.01639945938910614,False
25544,ISS (ZARYA),2018-09-29 00:00:00+00:00,405.7881369803317,3.333,1.0,-0.017342451248566704,0.017342451248566704,False
25544,ISS (ZARYA),2018-09-30 00:00:00+00:00,405.7774282612363,2.333,1.0,-0.010708719095418928,0.010708719095418928,False
25544,ISS (ZARYA),2018-10-01 00:00:00+00:00,405.7644259129893,3.667,1.0,-0.01300234824702784,0.01300234824702784,False
25544,ISS (ZARYA),2018-10-02 00:00:00+00:00,405.7539035746913,3.667,1.0,-0.010522338297960232,0.010522338297960232,False
25544,ISS (ZARYA),2018-10-03 00:00:00+00:00,405.73559218367245,2.333,1.0,-0.018311391018869472,0.018311391018869472,False
25544,ISS (ZARYA),2018-10-04 00:00:00+00:00,405.7123531077559,1.667,1.0,-0.023239075916535512,0.023239075916535512,False
25544,ISS (ZARYA),2018-10-05 00:00:00+00:00,405.70503563431976,3.0,1.0,-0.007317473436160071,0.007317473436160071,False
25544,ISS (ZARYA),2018-10-06 00:00:00+00:00,405.6947056308299,3.0,1.0,-0.010330003489855244,0.010330003489855244,False
25544,ISS (ZARYA),2018-10-07 00:00:00+00:00,405.6804171672884,5.333,1.0,-0.01428846354150437,0.01428846354150437,True
25544,ISS (ZARYA),2018-10-08 00:00:00+00:00,405.67753561622885,4.333,1.0,-0.0028815510595450178,0.0028815510595450178,False
25544,ISS (ZARYA),2018-10-09 00:00:00+00:00,405.66851550799674,3.667,1.0,-0.009020108232107305,0.009020108232107305,False
25544,ISS (ZARYA),2018-10-10 00:00:00+00:00,405.6477830527838,4.667,1.0,-0.02073245521296485,0.02073245521296485,False
25544,ISS (ZARYA),2018-10-11 00:00:00+00:00,405.6186653247478,3.0,1.0,-0.02911772803599888,0.02911772803599888,False
25544,ISS (ZARYA),2018-10-12 00:00:00+00:00,405.6072383609089,1.667,1.0,-0.011426963838857773,0.011426963838857773,False
25544,ISS (ZARYA),2018-10-13 00:00:00+00:00,405.5946195713195,4.333,1.0,-0.012618789589396329,0.012618789589396329,False
25544,ISS (ZARYA),2018-10-14 00:00:00+00:00,405.5757140446076,2.0,1.0,-0.018905526711932907,0.018905526711932907,False
25544,ISS (ZARYA),2018-10-15 00:00:00+00:00,405.5710280681887,3.0,1.0,-0.004685976418898008,0.004685976418898008,False
25544,ISS (ZARYA),2018-10-16 00:00:00+00:00,405.5644298778434,2.0,1.0,-0.006598190345300736,0.006598190345300736,False
25544,ISS (ZARYA),2018-10-17 00:00:00+00:00,405.54809891639616,1.667,1.0,-0.016330961447238224,0.016330961447238224,False
25544,ISS (ZARYA),2018-10-18 00:00:00+00:00,405.5360726857589,0.333,1.0,-0.012026230637275148,0.012026230637275148,False
25544,ISS (ZARYA),2018-10-19 00:00:00+00:00,405.5299315285219,0.667,1.0,-0.006141157236982053,0.006141157236982053,False
25544,ISS (ZARYA),2018-10-20 00:00:00+00:00,405.5153004956983,0.333,1.0,-0.014631032823615442,0.014631032823615442,False
25544,ISS (ZARYA),2018-10-21 00:00:00+00:00,405.5084259457508,2.0,1.0,-0.006874549947497144,0.006874549947497144,False
25544,ISS (ZARYA),2018-10-22 00:00:00+00:00,405.50441531458,2.667,1.0,-0.004010631170785928,0.004010631170785928,False
25544,ISS (ZARYA),2018-10-23 00:00:00+00:00,405.4892125157117,1.0,1.0,-0.01520279886830167,0.01520279886830167,False
25544,ISS (ZARYA),2018-10-24 00:00:00+00:00,405.47171346636105,1.333,1.0,-0.017499049350647056,0.017499049350647056,False
25544,ISS (ZARYA),2018-10-25 00:00:00+00:00,405.4630927705294,2.0,1.0,-0.00862069583166658,0.00862069583166658,False
25544,ISS (ZARYA),2018-10-26 00:00:00+00:00,405.4554849276324,2.333,1.0,-0.0076078428969594825,0.0076078428969594825,False
25544,ISS (ZARYA),2018-10-27 00:00:00+00:00,405.4401849038586,1.667,1.0,-0.015300023773818339,0.015300023773818339,False
25544,ISS (ZARYA),2018-10-28 00:00:00+00:00,405.4329700279218,1.333,1.0,-0.007214875936824683,0.007214875936824683,False
25544,ISS (ZARYA),2018-10-29 00:00:00+00:00,405.4211858690942,0.333,1.0,-0.011784158827595093,0.011784158827595093,False
25544,ISS (ZARYA),2018-10-30 00:00:00+00:00,405.41309211125554,2.0,1.0,-0.008093757838651072,0.008093757838651072,False
25544,ISS (ZARYA),2018-10-31 00:00:00+00:00,405.40816922076465,1.667,1.0,-0.004922890490888676,0.004922890490888676,False
25544,ISS (ZARYA),2018-11-01 00:00:00+00:00,405.3969803383747,2.0,1.0,-0.011188882389944865,0.011188882389944865,False
25544,ISS (ZARYA),2018-11-02 00:00:00+00:00,405.3839769015285,2.667,1.0,-0.013003436846190652,0.013003436846190652,False
25544,ISS (ZARYA),2018-11-03 00:00:00+00:00,405.36981521812777,2.0,1.0,-0.014161683400743641,0.014161683400743641,False
25544,ISS (ZARYA),2018-11-04 00:00:00+00:00,405.3579047350122,5.333,1.0,-0.011910483115570969,0.011910483115570969,True
25544,ISS (ZARYA),2018-11-05 00:00:00+00:00,405.3455242912828,5.667,1.0,-0.012380443729398394,0.012380443729398394,True
25544,ISS (ZARYA),2018-11-06 00:00:00+00:00,405.3167022879761,3.667,1.0,-0.028822003306686383,0.028822003306686383,False
25544,ISS (ZARYA),2018-11-07 00:00:00+00:00,405.2886823621502,3.333,1.0,-0.028019925825901737,0.028019925825901737,False
25544,ISS (ZARYA),2018-11-08 00:00:00+00:00,405.2572403221011,4.0,1.0,-0.03144204004911444,0.03144204004911444,False
25544,ISS (ZARYA),2018-11-09 00:00:00+00:00,405.2335251628893,4.0,1.0,-0.023715159211803893,0.023715159211803893,False
25544,ISS (ZARYA),2018-11-10 00:00:00+00:00,405.2217986185515,4.333,1.0,-0.011726544337818723,0.011726544337818723,False
25544,ISS (ZARYA),2018-11-11 00:00:00+00:00,405.20645480500025,3.0,1.0,-0.015343813551226049,0.015343813551226049,False
25544,ISS (ZARYA),2018-11-12 00:00:00+00:00,405.183531643861,3.333,1.0,-0.022923161139260628,0.022923161139260628,False
25544,ISS (ZARYA),2018-11-13 00:00:00+00:00,405.1673659408243,2.0,1.0,-0.01616570303667686,0.01616570303667686,False
25544,ISS (ZARYA),2018-11-14 00:00:00+00:00,405.1572009495153,1.333,1.0,-0.010164991309011384,0.010164991309011384,False
25544,ISS (ZARYA),2018-11-15 00:00:00+00:00,405.14668678615135,0.667,1.0,-0.010514163363950502,0.010514163363950502,False
25544,ISS (ZARYA),2018-11-16 00:00:00+00:00,405.1362657853606,1.0,1.0,-0.010421000790756807,0.010421000790756807,False
25544,ISS (ZARYA),2018-11-17 00:00:00+00:00,405.12719509508406,0.667,1.0,-0.009070690276530513,0.009070690276530513,False
25544,ISS (ZARYA),2018-11-18 00:00:00+00:00,405.1189392509541,1.0,1.0,-0.008255844129962497,0.008255844129962497,False
25544,ISS (ZARYA),2018-11-19 00:00:00+00:00,405.1034054114179,1.667,1.0,-0.015533839536203686,0.015533839536203686,False
25544,ISS (ZARYA),2018-11-20 00:00:00+00:00,405.08774361977703,3.0,1.0,-0.01566179164086634,0.01566179164086634,False
25544,ISS (ZARYA),2018-11-21 00:00:00+00:00,405.071259842221,2.667,1.0,-0.016483777556004497,0.016483777556004497,False
25544,ISS (ZARYA),2018-11-22 00:00:00+00:00,405.0535772490621,1.0,1.0,-0.01768259315895193,0.01768259315895193,False
25544,ISS (ZARYA),2018-11-23 00:00:00+00:00,405.02961506856855,1.0,1.0,-0.02396218049352683,0.02396218049352683,False
25544,ISS (ZARYA),2018-11-24 00:00:00+00:00,405.0202464644126,1.667,1.0,-0.009368604155952198,0.009368604155952198,False
25544,ISS (ZARYA),2018-11-25 00:00:00+00:00,405.0109360921342,1.0,1.0,-0.009310372278378054,0.009310372278378054,False
25544,ISS (ZARYA),2018-11-26 00:00:00+00:00,404.995558551675,0.667,1.0,-0.015377540459212469,0.015377540459212469,False
25544,ISS (ZARYA),2018-11-27 00:00:00+00:00,404.98546986197744,2.333,1.0,-0.010088689697568043,0.010088689697568043,False
25544,ISS (ZARYA),2018-11-28 00:00:00+00:00,404.9698814981857,1.0,1.0,-0.015588363791721349,0.015588363791721349,False
25544,ISS (ZARYA),2018-11-29 00:00:00+00:00,404.96140789110177,2.0,1.0,-0.008473607083942625,0.008473607083942625,False
25544,ISS (ZARYA),2018-11-30 00:00:00+00:00,404.9472091298844,1.333,1.0,-0.01419876121735797,0.01419876121735797,False
25544,ISS (ZARYA),2018-12-01 00:00:00+00:00,404.93925791406673,3.0,1.0,-0.007951215817683988,0.007951215817683988,False
25544,ISS (ZARYA),2018-12-02 00:00:00+00:00,404.92637888549143,3.667,1.0,-0.012879028575298435,0.012879028575298435,False
25544,ISS (ZARYA),2018-12-03 00:00:00+00:00,404.91073266483545,3.0,1.0,-0.01564622065598087,0.01564622065598087,False
25544,ISS (ZARYA),2018-12-04 00:00:00+00:00,404.9053523877492,3.0,1.0,-0.005380277086260321,0.005380277086260321,False
25544,ISS (ZARYA),2018-12-05 00:00:00+00:00,404.9157579522053,2.0,1.0,0.010405564456107186,-0.010405564456107186,False
25544,ISS (ZARYA),2018-12-06 00:00:00+00:00,404.9126502458894,2.0,1.0,-0.003107706315915948,0.003107706315915948,False
25544,ISS (ZARYA),2018-12-07 00:00:00+00:00,404.8867906591886,3.333,1.0,-0.025859586700789805,0.025859586700789805,False
25544,ISS (ZARYA),2018-12-08 00:00:00+00:00,404.85978050191943,3.333,1.0,-0.027010157269160118,0.027010157269160118,False
25544,ISS (ZARYA),2018-12-09 00:00:00+00:00,404.8437025669018,3.667,1.0,-0.016077935017619893,0.016077935017619893,False
25544,ISS (ZARYA),2018-12-10 00:00:00+00:00,404.83211300849143,3.0,1.0,-0.011589558410378231,0.011589558410378231,False
25544,ISS (ZARYA),2018-12-11 00:00:00+00:00,404.8255020660563,2.667,1.0,-0.006610942435145262,0.006610942435145262,False
25544,ISS (ZARYA),2018-12-12 00:00:00+00:00,404.8693056794109,2.0,1.0,0.043803613354612025,-0.043803613354612025,False
25544,ISS (ZARYA),2018-12-13 00:00:00+00:00,404.8591825415924,1.0,1.0,-0.010123137818482064,0.010123137818482064,False
25544,ISS (ZARYA),2018-12-14 00:00:00+00:00,404.86254624746834,0.667,1.0,0.0033637058759268257,-0.0033637058759268257,False
25544,ISS (ZARYA),2018-12-15 00:00:00+00:00,404.85429993788694,0.333,1.0,-0.00824630958140915,0.00824630958140915,False
25544,ISS (ZARYA),2018-12-16 00:00:00+00:00,404.8402544993469,0.667,1.0,-0.014045438540051691,0.014045438540051691,False
25544,ISS (ZARYA),2018-12-17 00:00:00+00:00,404.8459285335093,2.333,1.0,0.005674034162439057,-0.005674034162439057,False
25544,ISS (ZARYA),2018-12-18 00:00:00+00:00,404.8414154930633,2.667,1.0,-0.00451304044599965,0.00451304044599965,False
25544,ISS (ZARYA),2018-12-19 00:00:00+00:00,404.83572110006753,2.0,1.0,-0.005694392995792441,0.005694392995792441,False
25544,ISS (ZARYA),2018-12-20 00:00:00+00:00,404.8256097265221,3.0,1.0,-0.010111373545441893,0.010111373545441893,False
25544,ISS (ZARYA),2018-12-21 00:00:00+00:00,404.81794547598383,2.0,1.0,-0.007664250538255146,0.007664250538255146,False
25544,ISS (ZARYA),2018-12-22 00:00:00+00:00,404.81171283259846,1.0,1.0,-0.006232643385374104,0.006232643385374104,False
25544,ISS (ZARYA),2018-12-23 00:00:00+00:00,404.8055093007515,0.667,1.0,-0.0062035318469497724,0.0062035318469497724,False
25544,ISS (ZARYA),2018-12-24 00:00:00+00:00,404.8016422845585,1.333,1.0,-0.0038670161929985625,0.0038670161929985625,False
25544,ISS (ZARYA),2018-12-25 00:00:00+00:00,404.79237194312645,1.667,1.0,-0.009270341432056739,0.009270341432056739,False
25544,ISS (ZARYA),2018-12-26 00:00:00+00:00,404.7876742258354,1.0,1.0,-0.0046977172910374065,0.0046977172910374065,False
25544,ISS (ZARYA),2018-12-27 00:00:00+00:00,405.8707285593528,2.333,1.0,1.0830543335173957,-1.0830543335173957,False
25544,ISS (ZARYA),2018-12-28 00:00:00+00:00,405.918665079977,4.333,1.0,0.04793652062420506,-0.04793652062420506,False
25544,ISS (ZARYA),2018-12-29 00:00:00+00:00,405.9057173620622,3.0,1.0,-0.012947717914812529,0.012947717914812529,False
25544,ISS (ZARYA),2018-12-30 00:00:00+00:00,405.8853120237882,3.0,1.0,-0.020405338274031237,0.020405338274031237,False
25544,ISS (ZARYA),2018-12-31 00:00:00+00:00,405.8721723479448,3.0,1.0,-0.013139675843376608,0.013139675843376608,False
25544,ISS (ZARYA),2019-01-01 00:00:00+00:00,405.8591549914895,2.667,1.0,-0.013017356455293339,0.013017356455293339,False
25544,ISS (ZARYA),2019-01-02 00:00:00+00:00,405.8541672530223,0.333,1.0,-0.004987738467207237,0.004987738467207237,False
25544,ISS (ZARYA),2019-01-03 00:00:00+00:00,405.8485507823234,1.0,1.0,-0.005616470698896592,0.005616470698896592,False
25544,ISS (ZARYA),2019-01-04 00:00:00+00:00,405.8444901642133,3.333,1.0,-0.004060618110088399,0.004060618110088399,False
25544,ISS (ZARYA),2019-01-05 00:00:00+00:00,405.83619138581344,5.0,1.0,-0.008298778399876028,0.008298778399876028,True
25544,ISS (ZARYA),2019-01-06 00:00:00+00:00,405.8241667891125,3.0,1.0,-0.012024596700939583,0.012024596700939583,False
25544,ISS (ZARYA),2019-01-07 00:00:00+00:00,405.80150329080334,2.333,1.0,-0.02266349830915715,0.02266349830915715,False
25544,ISS (ZARYA),2019-01-08 00:00:00+00:00,405.79332107507435,2.333,1.0,-0.00818221572899347,0.00818221572899347,False
25544,ISS (ZARYA),2019-01-09 00:00:00+00:00,405.7790524676111,1.667,1.0,-0.014268607463236549,0.014268607463236549,False
25544,ISS (ZARYA),2019-01-10 00:00:00+00:00,405.7760514705733,1.333,1.0,-0.003000997037815978,0.003000997037815978,False
25544,ISS (ZARYA),2019-01-11 00:00:00+00:00,405.77025615008824,3.333,1.0,-0.00579532048504916,0.00579532048504916,False
25544,ISS (ZARYA),2019-01-12 00:00:00+00:00,405.76756079178995,1.0,1.0,-0.0026953582982969237,0.0026953582982969237,False
25544,ISS (ZARYA),2019-01-13 00:00:00+00:00,405.76624513190745,1.0,1.0,-0.0013156598824934918,0.0013156598824934918,False
25544,ISS (ZARYA),2019-01-14 00:00:00+00:00,405.7599462735216,2.667,1.0,-0.006298858385832773,0.006298858385832773,False
25544,ISS (ZARYA),2019-01-15 00:00:00+00:00,405.7534349459138,2.667,1.0,-0.006511327607825024,0.006511327607825024,False
25544,ISS (ZARYA),2019-01-16 00:00:00+00:00,405.74741554743014,2.667,1.0,-0.006019398483658733,0.006019398483658733,False
25544,ISS (ZARYA),2019-01-17 00:00:00+00:00,405.7402668013938,2.667,1.0,-0.007148746036364173,0.007148746036364173,False
25544,ISS (ZARYA),2019-01-18 00:00:00+00:00,405.7361466756338,2.0,1.0,-0.004120125759982329,0.004120125759982329,False
25544,ISS (ZARYA),2019-01-19 00:00:00+00:00,407.4599473679591,2.667,1.0,1.7238006923253124,-1.7238006923253124,False
25544,ISS (ZARYA),2019-01-20 00:00:00+00:00,407.489342623634,1.667,1.0,0.02939525567489909,-0.02939525567489909,False
25544,ISS (ZARYA),2019-01-21 00:00:00+00:00,407.49152124334296,1.667,1.0,0.0021786197089568304,-0.0021786197089568304,False
25544,ISS (ZARYA),2019-01-22 00:00:00+00:00,407.4903314455533,2.0,1.0,-0.0011897977896637713,0.0011897977896637713,False
25544,ISS (ZARYA),2019-01-23 00:00:00+00:00,407.4874377780261,4.0,1.0,-0.0028936675271893364,0.0028936675271893364,False
25544,ISS (ZARYA),2019-01-24 00:00:00+00:00,407.4820378269542,4.333,1.0,-0.00539995107192226,0.00539995107192226,False
25544,ISS (ZARYA),2019-01-25 00:00:00+00:00,407.4719224135397,3.333,1.0,-0.010115413414496288,0.010115413414496288,False
25544,ISS (ZARYA),2019-01-26 00:00:00+00:00,407.4230643033752,3.0,1.0,-0.048858110164474056,0.048858110164474056,False
25544,ISS (ZARYA),2019-01-27 00:00:00+00:00,407.39222371124833,2.0,1.0,-0.03084059212687862,0.03084059212687862,False
25544,ISS (ZARYA),2019-01-28 00:00:00+00:00,407.3651900608384,0.667,1.0,-0.02703365040991912,0.02703365040991912,False
25544,ISS (ZARYA),2019-01-29 00:00:00+00:00,407.3788786887817,1.667,1.0,0.013688627943281517,-0.013688627943281517,False
25994,TERRA,2017-12-02 00:00:00+00:00,702.4948352373813,2.333,,,,False
25994,TERRA,2017-12-03 00:00:00+00:00,702.4937451256928,0.667,1.0,-0.0010901116884269868,0.0010901116884269868,False
25994,TERRA,2017-12-04 00:00:00+00:00,702.493186301881,4.0,1.0,-0.0005588238118434674,0.0005588238118434674,False
25994,TERRA,2017-12-05 00:00:00+00:00,702.4968437652224,5.0,1.0,0.0036574633413692936,-0.0036574633413692936,True
25994,TERRA,2017-12-06 00:00:00+00:00,702.4930518602268,4.0,1.0,-0.0037919049955235096,0.0037919049955235096,False
25994,TERRA,2017-12-07 00:00:00+00:00,702.484546413878,3.333,1.0,-0.008505446348863188,0.008505446348863188,False
25994,TERRA,2017-12-08 00:00:00+00:00,702.4829428380144,2.0,1.0,-0.0016035758635553066,0.0016035758635553066,False
25994,TERRA,2017-12-09 00:00:00+00:00,702.4865678926244,1.667,1.0,0.0036250546099836356,-0.0036250546099836356,False
25994,TERRA,2017-12-10 00:00:00+00:00,702.4885083839954,1.333,1.0,0.0019404913709877292,-0.0019404913709877292,False
25994,TERRA,2017-12-11 00:00:00+00:00,702.4883755623396,3.333,1.0,-0.0001328216558249551,0.0001328216558249551,False
25994,TERRA,2017-12-12 00:00:00+00:00,702.4891044617443,4.0,1.0,0.0007288994047485176,-0.0007288994047485176,False
25994,TERRA,2017-12-13 00:00:00+00:00,702.4855603926198,2.667,1.0,-0.003544069124473026,0.003544069124473026,False
25994,TERRA,2017-12-14 00:00:00+00:00,702.4823078870158,2.667,1.0,-0.0032525056039958145,0.0032525056039958145,False
25994,TERRA,2017-12-15 00:00:00+00:00,702.5068702279223,1.333,1.0,0.024562340906413738,-0.024562340906413738,False
25994,TERRA,2017-12-16 00:00:00+00:00,702.539871956963,2.0,1.0,0.03300172904073406,-0.03300172904073406,False
25994,TERRA,2017-12-17 00:00:00+00:00,702.5584933044929,4.667,1.0,0.01862134752991551,-0.01862134752991551,False
25994,TERRA,2017-12-18 00:00:00+00:00,702.5416116288179,4.333,1.0,-0.016881675674994767,0.016881675674994767,False
25994,TERRA,2017-12-19 00:00:00+00:00,702.529777345836,2.333,1.0,-0.011834282981908473,0.011834282981908473,False
25994,TERRA,2017-12-20 00:00:00+00:00,702.5305451311051,2.0,1.0,0.0007677852690903819,-0.0007677852690903819,False
25994,TERRA,2017-12-21 00:00:00+00:00,702.5300932068453,1.0,1.0,-0.00045192425977802486,0.00045192425977802486,False
25994,TERRA,2017-12-22 00:00:00+00:00,702.5279113369361,1.0,1.0,-0.0021818699092364113,0.0021818699092364113,False
25994,TERRA,2017-12-23 00:00:00+00:00,702.5258930682776,2.667,1.0,-0.002018268658503075,0.002018268658503075,False
25994,TERRA,2017-12-24 00:00:00+00:00,702.5262721009658,3.333,1.0,0.00037903268821537495,-0.00037903268821537495,False
25994,TERRA,2017-12-25 00:00:00+00:00,702.5259951155554,3.0,1.0,-0.0002769854104371916,0.0002769854104371916,False
25994,TERRA,2017-12-26 00:00:00+00:00,702.5256889737739,3.667,1.0,-0.00030614178149335203,0.00030614178149335203,False
25994,TERRA,2017-12-27 00:00:00+00:00,702.5258055992035,2.667,1.0,0.00011662542965495959,-0.00011662542965495959,False
25994,TERRA,2017-12-28 00:00:00+00:00,702.5261133607746,1.667,1.0,0.0003077615710935788,-0.0003077615710935788,False
25994,TERRA,2017-12-29 00:00:00+00:00,702.5233078723222,2.333,1.0,-0.002805488452395366,0.002805488452395366,False
25994,TERRA,2017-12-30 00:00:00+00:00,702.5228834857426,1.667,1.0,-0.0004243865796524915,0.0004243865796524915,False
25994,TERRA,2017-12-31 00:00:00+00:00,702.5220217544102,2.0,1.0,-0.0008617313324066345,0.0008617313324066345,False
25994,TERRA,2018-01-01 00:00:00+00:00,702.5202756154104,3.667,1.0,-0.001746138999806135,0.001746138999806135,False
25994,TERRA,2018-01-02 00:00:00+00:00,702.5185780712909,2.0,1.0,-0.001697544119451777,0.001697544119451777,False
25994,TERRA,2018-01-03 00:00:00+00:00,702.5228365116636,1.0,1.0,0.004258440372723271,-0.004258440372723271,False
25994,TERRA,2018-01-04 00:00:00+00:00,702.5201525110306,1.333,1.0,-0.002684000633053074,0.002684000633053074,False
25994,TERRA,2018-01-05 00:00:00+00:00,702.5184938420298,2.0,1.0,-0.0016586690007898142,0.0016586690007898142,False
25994,TERRA,2018-01-06 00:00:00+00:00,702.517372945169,1.333,1.0,-0.0011208968608116265,0.0011208968608116265,False
25994,TERRA,2018-01-07 00:00:00+00:00,702.5188696341411,1.0,1.0,0.00149668897211086,-0.00149668897211086,False
25994,TERRA,2018-01-08 00:00:00+00:00,702.517881560163,3.667,1.0,-0.0009880739780783188,0.0009880739780783188,False
25994,TERRA,2018-01-09 00:00:00+00:00,702.5160155591002,3.667,1.0,-0.001866001062808209,0.001866001062808209,False
25994,TERRA,2018-01-10 00:00:00+00:00,702.511998477652,1.667,1.0,-0.00401708144818258,0.00401708144818258,False
25994,TERRA,2018-01-11 00:00:00+00:00,702.5106167973267,1.0,1.0,-0.0013816803252666432,0.0013816803252666432,False
25994,TERRA,2018-01-12 00:00:00+00:00,702.5145026737255,1.333,1.0,0.0038858763987263956,-0.0038858763987263956,False
25994,TERRA,2018-01-13 00:00:00+00:00,702.5170927211248,3.0,1.0,0.002590047399280593,-0.002590047399280593,False
25994,TERRA,2018-01-14 00:00:00+00:00,702.5158989340744,4.667,1.0,-0.0011937870503970771,0.0011937870503970771,False
25994,TERRA,2018-01-15 00:00:00+00:00,702.5100741680735,3.667,1.0,-0.005824766000841919,0.005824766000841919,False
25994,TERRA,2018-01-16 00:00:00+00:00,702.5094975233706,2.0,1.0,-0.0005766447029600386,0.0005766447029600386,False
25994,TERRA,2018-01-17 00:00:00+00:00,702.5102976989174,0.667,1.0,0.000800175546828541,-0.000800175546828541,False
25994,TERRA,2018-01-18 00:00:00+00:00,702.5095785130457,0.333,1.0,-0.0007191858717305877,0.0007191858717305877,False
25994,TERRA,2018-01-24 00:00:00+00:00,702.50647176039,4.0,6.0,-0.003106752655639866,0.000517792109273311,False
25994,TERRA,2018-01-25 00:00:00+00:00,702.50583518433,3.0,1.0,-0.0006365760600601789,0.0006365760600601789,False
25994,TERRA,2018-01-26 00:00:00+00:00,702.5042753306161,3.0,1.0,-0.0015598537138430402,0.0015598537138430402,False
25994,TERRA,2018-01-27 00:00:00+00:00,702.5139778614275,2.667,1.0,0.009702530811409815,-0.009702530811409815,False
25994,TERRA,2018-01-28 00:00:00+00:00,702.5275695597288,1.667,1.0,0.013591698301297583,-0.013591698301297583,False
25994,TERRA,2018-01-29 00:00:00+00:00,702.5287471532702,1.0,1.0,0.0011775935413425032,-0.0011775935413425032,False
25994,TERRA,2018-01-30 00:00:00+00:00,702.5280765564248,2.333,1.0,-0.0006705968453388778,0.0006705968453388778,False
25994,TERRA,2018-01-31 00:00:00+00:00,702.5231912469953,2.667,1.0,-0.0048853094294827315,0.0048853094294827315,False
25994,TERRA,2018-02-01 00:00:00+00:00,702.519741083277,2.667,1.0,-0.003450163718298427,0.003450163718298427,False
25994,TERRA,2018-02-02 00:00:00+00:00,702.5187562485844,2.0,1.0,-0.0009848346926446538,0.0009848346926446538,False
25994,TERRA,2018-02-03 00:00:00+00:00,702.5216637796902,1.667,1.0,0.0029075311058477382,-0.0029075311058477382,False
25994,TERRA,2018-02-04 00:00:00+00:00,702.519047811451,2.333,1.0,-0.0026159682392972172,0.0026159682392972172,False
25994,TERRA,2018-02-05 00:00:00+00:00,702.5190283740067,3.0,1.0,-1.9437444279901683e-05,1.9437444279901683e-05,False
25994,TERRA,2018-02-06 00:00:00+00:00,702.5189716811446,2.333,1.0,-5.6692862017371226e-05,5.6692862017371226e-05,False
25994,TERRA,2018-02-07 00:00:00+00:00,702.5196406560408,1.667,1.0,0.0006689748961434816,-0.0006689748961434816,False
25994,TERRA,2018-02-08 00:00:00+00:00,702.5178345861664,1.333,1.0,-0.001806069874419336,0.001806069874419336,False
25994,TERRA,2018-02-09 00:00:00+00:00,702.515328767352,2.667,1.0,-0.0025058188143702864,0.0025058188143702864,False
25994,TERRA,2018-02-10 00:00:00+00:00,702.5120827067294,2.333,1.0,-0.0032460606225868105,0.0032460606225868105,False
25994,TERRA,2018-02-11 00:00:00+00:00,702.5111399892103,0.667,1.0,-0.0009427175191376591,0.0009427175191376591,False
25994,TERRA,2018-02-12 00:00:00+00:00,702.5164496638749,1.667,1.0,0.0053096746646588144,-0.0053096746646588144,False
25994,TERRA,2018-02-13 00:00:00+00:00,702.5163200800425,0.667,1.0,-0.00012958383240402327,0.00012958383240402327,False
25994,TERRA,2018-02-14 00:00:00+00:00,702.5142354082072,1.333,1.0,-0.002084671835291374,0.002084671835291374,False
25994,TERRA,2018-02-15 00:00:00+00:00,702.5140296947375,4.667,1.0,-0.00020571346976794302,0.00020571346976794302,False
25994,TERRA,2018-02-16 00:00:00+00:00,702.511149707947,2.333,1.0,-0.002879986790503608,0.002879986790503608,False
25994,TERRA,2018-02-17 00:00:00+00:00,702.5116939571944,3.667,1.0,0.0005442492474685423,-0.0005442492474685423,False
25994,TERRA,2018-02-18 00:00:00+00:00,702.5096627417834,4.0,1.0,-0.0020312154110797564,0.0020312154110797564,False
25994,TERRA,2018-02-19 00:00:00+00:00,702.5093323049659,4.0,1.0,-0.00033043681742128683,0.00033043681742128683,False
25994,TERRA,2018-02-20 00:00:00+00:00,702.5113295045635,2.667,1.0,0.001997199597553845,-0.001997199597553845,False
25994,TERRA,2018-02-21 00:00:00+00:00,702.5060862512191,2.0,1.0,-0.00524325334436071,0.00524325334436071,False
25994,TERRA,2018-02-22 00:00:00+00:00,702.5049410624815,3.667,1.0,-0.0011451887376097147,0.0011451887376097147,False
25994,TERRA,2018-02-23 00:00:00+00:00,702.5183124280061,4.333,1.0,0.013371365524562862,-0.013371365524562862,False
25994,TERRA,2018-02-24 00:00:00+00:00,702.537539437717,3.333,1.0,0.019227009710903076,-0.019227009710903076,False
25994,TERRA,2018-02-25 00:00:00+00:00,702.5484747582418,2.0,1.0,0.0109353205248226,-0.0109353205248226,False
25994,TERRA,2018-02-26 00:00:00+00:00,702.5448026498034,3.0,1.0,-0.0036721084384225833,0.0036721084384225833,False
25994,TERRA,2018-02-27 00:00:00+00:00,702.5333068920913,5.333,1.0,-0.01149575771205491,0.01149575771205491,True
25994,TERRA,2018-02-28 00:00:00+00:00,702.529612126249,2.333,1.0,-0.003694765842283232,0.003694765842283232,False
25994,TERRA,2018-03-01 00:00:00+00:00,702.5304576619765,2.667,1.0,0.0008455357274215203,-0.0008455357274215203,False
25994,TERRA,2018-03-02 00:00:00+00:00,702.5307994399045,2.667,1.0,0.0003417779280425748,-0.0003417779280425748,False
25994,TERRA,2018-03-03 00:00:00+00:00,702.5315299698977,2.667,1.0,0.0007305299932340859,-0.0007305299932340859,False
25994,TERRA,2018-03-04 00:00:00+00:00,702.5317275856178,2.667,1.0,0.00019761572002607863,-0.00019761572002607863,False
25994,TERRA,2018-03-05 00:00:00+00:00,702.5277623154452,1.333,1.0,-0.0039652701725572115,0.0039652701725572115,False
25994,TERRA,2018-03-06 00:00:00+00:00,702.5280797960231,2.0,1.0,0.0003174805779053713,-0.0003174805779053713,False
25994,TERRA,2018-03-07 00:00:00+00:00,702.528912372808,2.667,1.0,0.0008325767848873511,-0.0008325767848873511,False
25994,TERRA,2018-03-08 00:00:00+00:00,702.5300462327255,1.667,1.0,0.0011338599174450792,-0.0011338599174450792,False
25994,TERRA,2018-03-09 00:00:00+00:00,702.528445870611,4.333,1.0,-0.0016003621144591307,0.0016003621144591307,False
25994,TERRA,2018-03-10 00:00:00+00:00,702.5246652618907,4.0,1.0,-0.003780608720262535,0.003780608720262535,False
25994,TERRA,2018-03-11 00:00:00+00:00,702.5254071290092,2.333,1.0,0.0007418671184495906,-0.0007418671184495906,False
25994,TERRA,2018-03-12 00:00:00+00:00,702.5256662966076,1.0,1.0,0.0002591675984149333,-0.0002591675984149333,False
25994,TERRA,2018-03-13 00:00:00+00:00,702.5245291989386,1.0,1.0,-0.0011370976690159296,0.0011370976690159296,False
25994,TERRA,2018-03-14 00:00:00+00:00,702.5227765792088,4.0,1.0,-0.0017526197298138868,0.0017526197298138868,False
25994,TERRA,2018-03-15 00:00:00+00:00,702.525044294408,4.0,1.0,0.0022677151991956634,-0.0022677151991956634,False
25994,TERRA,2018-03-16 00:00:00+00:00,702.5253488163016,4.333,1.0,0.00030452189366769744,-0.00030452189366769744,False
25994,TERRA,2018-03-17 00:00:00+00:00,702.5606832970434,4.333,1.0,0.03533448074176704,-0.03533448074176704,False
25994,TERRA,2018-03-18 00:00:00+00:00,702.6013377709742,6.0,1.0,0.04065447393077193,-0.04065447393077193,True
25994,TERRA,2018-03-19 00:00:00+00:00,702.6183396715878,4.333,1.0,0.017001900613649923,-0.017001900613649923,False
25994,TERRA,2018-03-20 00:00:00+00:00,702.6014479201531,3.0,1.0,-0.01689175143474131,0.01689175143474131,False
25994,TERRA,2018-03-21 00:00:00+00:00,702.5878526284341,2.0,1.0,-0.013595291718957014,0.013595291718957014,False
25994,TERRA,2018-03-22 00:00:00+00:00,702.5868434721169,3.0,1.0,-0.0010091563171954476,0.0010091563171954476,False
25994,TERRA,2018-03-23 00:00:00+00:00,702.5857063498852,4.0,1.0,-0.0011371222317393404,0.0011371222317393404,False
25994,TERRA,2018-03-24 00:00:00+00:00,702.5884892224776,2.667,1.0,0.002782872592433705,-0.002782872592433705,False
25994,TERRA,2018-03-25 00:00:00+00:00,702.5859169280411,4.0,1.0,-0.0025722944365043077,0.0025722944365043077,False
25994,TERRA,2018-03-26 00:00:00+00:00,702.5829753145981,3.0,1.0,-0.002941613442999369,0.002941613442999369,False
25994,TERRA,2018-03-27 00:00:00+00:00,702.5815838806689,3.0,1.0,-0.0013914339292568911,0.0013914339292568911,False
25994,TERRA,2018-03-28 00:00:00+00:00,702.5867657201543,0.667,1.0,0.005181839485430828,-0.005181839485430828,False
25994,TERRA,2018-03-29 00:00:00+00:00,702.5833268180359,1.667,1.0,-0.003438902118432452,0.003438902118432452,False
25994,TERRA,2018-03-30 00:00:00+00:00,702.5797162178078,2.333,1.0,-0.003610600228057592,0.003610600228057592,False
25994,TERRA,2018-03-31 00:00:00+00:00,702.5823889360718,2.667,1.0,0.0026727182639660896,-0.0026727182639660896,False
25994,TERRA,2018-04-01 00:00:00+00:00,702.5850875741626,1.333,1.0,0.0026986380908056162,-0.0026986380908056162,False
25994,TERRA,2018-04-02 00:00:00+00:00,702.5801665301633,1.667,1.0,-0.004921043999274843,0.004921043999274843,False
25994,TERRA,2018-04-03 00:00:00+00:00,702.5773269718479,2.0,1.0,-0.0028395583153724147,0.0028395583153724147,False
25994,TERRA,2018-04-04 00:00:00+00:00,702.5773123933541,1.667,1.0,-1.4578493846784113e-05,1.4578493846784113e-05,False
25994,TERRA,2018-04-05 00:00:00+00:00,702.577689813098,3.0,1.0,0.00037741974392702105,-0.00037741974392702105,False
25994,TERRA,2018-04-06 00:00:00+00:00,702.5798992584332,1.667,1.0,0.0022094453352110577,-0.0022094453352110577,False
25994,TERRA,2018-04-07 00:00:00+00:00,702.5785629012389,2.0,1.0,-0.0013363571943045827,0.0013363571943045827,False
25994,TERRA,2018-04-08 00:00:00+00:00,702.5728497731839,2.333,1.0,-0.00571312805504931,0.00571312805504931,False
25994,TERRA,2018-04-09 00:00:00+00:00,702.5734248109547,4.333,1.0,0.0005750377708864107,-0.0005750377708864107,False
25994,TERRA,2018-04-10 00:00:00+00:00,702.5757282028826,4.0,1.0,0.0023033919278532267,-0.0023033919278532267,False
25994,TERRA,2018-04-11 00:00:00+00:00,702.577338310588,4.333,1.0,0.0016101077053463086,-0.0016101077053463086,False
25994,TERRA,2018-04-12 00:00:00+00:00,702.5734928435995,3.0,1.0,-0.0038454669884231407,0.0038454669884231407,False
25994,TERRA,2018-04-13 00:00:00+00:00,702.5741148564412,3.667,1.0,0.0006220128416316584,-0.0006220128416316584,False
25994,TERRA,2018-04-14 00:00:00+00:00,702.5720933152088,2.0,1.0,-0.0020215412323523196,0.0020215412323523196,False
25994,TERRA,2018-04-15 00:00:00+00:00,702.5726829312525,2.333,1.0,0.0005896160437259823,-0.0005896160437259823,False
25994,TERRA,2018-04-16 00:00:00+00:00,702.5713708737403,1.0,1.0,-0.0013120575122229639,0.0013120575122229639,False
25994,TERRA,2018-04-17 00:00:00+00:00,702.5723233302442,1.0,1.0,0.0009524565039100708,-0.0009524565039100708,False
25994,TERRA,2018-04-18 00:00:00+00:00,702.5705058880098,2.0,1.0,-0.0018174422343690821,0.0018174422343690821,False
25994,TERRA,2018-04-19 00:00:00+00:00,702.5704475743746,1.0,1.0,-5.831363523611799e-05,5.831363523611799e-05,False
25994,TERRA,2018-04-20 00:00:00+00:00,702.5680405181438,6.0,1.0,-0.0024070562308224908,0.0024070562308224908,True
25994,TERRA,2018-04-21 00:00:00+00:00,702.5672079298556,3.333,1.0,-0.0008325882881763391,0.0008325882881763391,False
25994,TERRA,2018-04-22 00:00:00+00:00,702.565066526864,1.667,1.0,-0.0021414029915831634,0.0021414029915831634,False
25994,TERRA,2018-04-23 00:00:00+00:00,702.5641853449129,3.0,1.0,-0.0008811819511720387,0.0008811819511720387,False
25994,TERRA,2018-04-24 00:00:00+00:00,702.5640298421849,2.0,1.0,-0.0001555027279209753,0.0001555027279209753,False
25994,TERRA,2018-04-25 00:00:00+00:00,702.5664563328573,2.0,1.0,0.0024264906724056345,-0.0024264906724056345,False
25994,TERRA,2018-04-26 00:00:00+00:00,702.5652933016918,1.667,1.0,-0.0011630311655608239,0.0011630311655608239,False
25994,TERRA,2018-04-27 00:00:00+00:00,702.5635536152868,2.667,1.0,-0.0017396864050169825,0.0017396864050169825,False
25994,TERRA,2018-04-28 00:00:00+00:00,702.5616649066797,1.667,1.0,-0.0018887086071117665,0.0018887086071117665,False
25994,TERRA,2018-04-29 00:00:00+00:00,702.561195159451,1.333,1.0,-0.0004697472286352422,0.0004697472286352422,False
25994,TERRA,2018-04-30 00:00:00+00:00,702.5607869653713,2.333,1.0,-0.00040819407968228916,0.00040819407968228916,False
25994,TERRA,2018-05-01 00:00:00+00:00,702.5662327975815,1.0,1.0,0.00544583221017092,-0.00544583221017092,False
25994,TERRA,2018-05-02 00:00:00+00:00,702.5595947798238,2.0,1.0,-0.0066380177577229915,0.0066380177577229915,False
25994,TERRA,2018-05-03 00:00:00+00:00,702.5582551915068,1.333,1.0,-0.0013395883170232992,0.0013395883170232992,False
25994,TERRA,2018-05-04 00:00:00+00:00,702.55828920764,1.333,1.0,3.4016133213299327e-05,-3.4016133213299327e-05,False
25994,TERRA,2018-05-05 00:00:00+00:00,702.5608971129741,5.667,1.0,0.002607905334116367,-0.002607905334116367,True
25994,TERRA,2018-05-06 00:00:00+00:00,702.557709313488,5.667,1.0,-0.003187799486113363,0.003187799486113363,True
25994,TERRA,2018-05-07 00:00:00+00:00,702.5561575302809,4.0,1.0,-0.0015517832071054727,0.0015517832071054727,False
25994,TERRA,2018-05-08 00:00:00+00:00,702.5559177976693,3.667,1.0,-0.00023973261158971582,0.00023973261158971582,False
25994,TERRA,2018-05-09 00:00:00+00:00,702.5567584817209,4.0,1.0,0.0008406840515817748,-0.0008406840515817748,False
25994,TERRA,2018-05-10 00:00:00+00:00,702.5539545827205,3.333,1.0,-0.002803899000355159,0.002803899000355159,False
25994,TERRA,2018-05-11 00:00:00+00:00,702.5534492008746,3.667,1.0,-0.0005053818458691239,0.0005053818458691239,False
25994,TERRA,2018-05-12 00:00:00+00:00,702.5534103253513,3.667,1.0,-3.8875523387105204e-05,3.8875523387105204e-05,False
25994,TERRA,2018-05-13 00:00:00+00:00,702.5532580628924,2.333,1.0,-0.00015226245886879042,0.00015226245886879042,False
25994,TERRA,2018-05-14 00:00:00+00:00,702.5520010882151,2.0,1.0,-0.0012569746772896906,0.0012569746772896906,False
25994,TERRA,2018-05-15 00:00:00+00:00,702.5523023731748,1.333,1.0,0.00030128495973258396,-0.00030128495973258396,False
25994,TERRA,2018-05-16 00:00:00+00:00,702.5522942741113,1.333,1.0,-8.099063506961102e-06,8.099063506961102e-06,False
25994,TERRA,2018-05-17 00:00:00+00:00,702.5488327362646,3.0,1.0,-0.0034615378467606206,0.0034615378467606206,False
25994,TERRA,2018-05-18 00:00:00+00:00,702.5453987393994,1.667,1.0,-0.00343399686516932,0.00343399686516932,False
25994,TERRA,2018-05-19 00:00:00+00:00,702.5450877361154,1.0,1.0,-0.00031100328396860277,0.00031100328396860277,False
25994,TERRA,2018-05-20 00:00:00+00:00,702.546098496915,1.0,1.0,0.0010107607995450962,-0.0010107607995450962,False
25994,TERRA,2018-05-21 00:00:00+00:00,702.5451217521036,1.0,1.0,-0.0009767448113962018,0.0009767448113962018,False
25994,TERRA,2018-05-22 00:00:00+00:00,702.5457518577532,2.0,1.0,0.0006301056496340607,-0.0006301056496340607,False
25994,TERRA,2018-05-23 00:00:00+00:00,702.5464499955597,3.333,1.0,0.0006981378064665478,-0.0006981378064665478,False
25994,TERRA,2018-05-24 00:00:00+00:00,702.543490605206,1.333,1.0,-0.0029593903536806465,0.0029593903536806465,False
25994,TERRA,2018-05-25 00:00:00+00:00,702.5420927114606,1.333,1.0,-0.0013978937454339757,0.0013978937454339757,False
25994,TERRA,2018-05-26 00:00:00+00:00,702.5446633462734,1.333,1.0,0.0025706348128551326,-0.0025706348128551326,False
25994,TERRA,2018-05-27 00:00:00+00:00,702.543348062125,1.333,1.0,-0.0013152841484043165,0.0013152841484043165,False
25994,TERRA,2018-05-28 00:00:00+00:00,702.542978745998,1.667,1.0,-0.0003693161270348355,0.0003693161270348355,False
25994,TERRA,2018-05-29 00:00:00+00:00,702.5404178315684,1.667,1.0,-0.002560914429523109,0.002560914429523109,False
25994,TERRA,2018-05-30 00:00:00+00:00,702.5400938704288,1.667,1.0,-0.00032396113965660334,0.00032396113965660334,False
25994,TERRA,2018-05-31 00:00:00+00:00,702.5399885829756,4.333,1.0,-0.00010528745315241395,0.00010528745315241395,False
25994,TERRA,2018-06-01 00:00:00+00:00,702.5390798721091,4.667,1.0,-0.0009087108664971311,0.0009087108664971311,False
25994,TERRA,2018-06-02 00:00:00+00:00,702.5390426165668,4.0,1.0,-3.7255542338243686e-05,3.7255542338243686e-05,False
25994,TERRA,2018-06-03 00:00:00+00:00,702.538428710664,2.667,1.0,-0.0006139059028100746,0.0006139059028100746,False
25994,TERRA,2018-06-04 00:00:00+00:00,702.5344844883721,1.333,1.0,-0.003944222291920596,0.003944222291920596,False
25994,TERRA,2018-06-05 00:00:00+00:00,702.5332874544515,1.667,1.0,-0.0011970339205618075,0.0011970339205618075,False
25994,TERRA,2018-06-06 00:00:00+00:00,702.5333052722708,3.667,1.0,1.781781929821591e-05,-1.781781929821591e-05,False
25994,TERRA,2018-06-07 00:00:00+00:00,702.5367716505571,2.667,1.0,0.003466378286248073,-0.003466378286248073,False
25994,TERRA,2018-06-08 00:00:00+00:00,702.5377678302052,2.0,1.0,0.0009961796481547935,-0.0009961796481547935,False
25994,TERRA,2018-06-09 00:00:00+00:00,702.5347258395086,1.333,1.0,-0.003041990696601715,0.003041990696601715,False
25994,TERRA,2018-06-10 00:00:00+00:00,702.5312384057461,1.0,1.0,-0.0034874337625296903,0.0034874337625296903,False
25994,TERRA,2018-06-11 00:00:00+00:00,702.5302535670544,1.333,1.0,-0.0009848386916928575,0.0009848386916928575,False
25994,TERRA,2018-06-12 00:00:00+00:00,702.5321973279588,1.667,1.0,0.0019437609043961857,-0.0019437609043961857,False
25994,TERRA,2018-06-13 00:00:00+00:00,702.5315963817375,2.0,1.0,-0.0006009462213114602,0.0006009462213114602,False
25994,TERRA,2018-06-14 00:00:00+00:00,702.5321471141206,1.333,1.0,0.0005507323830897803,-0.0005507323830897803,False
25994,TERRA,2018-06-15 00:00:00+00:00,702.5318425914952,1.0,1.0,-0.000304522625356185,0.000304522625356185,False
25994,TERRA,2018-06-16 00:00:00+00:00,702.52958944905,0.667,1.0,-0.0022531424451699422,0.0022531424451699422,False
25994,TERRA,2018-06-17 00:00:00+00:00,702.5294857818635,1.667,1.0,-0.00010366718652221607,0.00010366718652221607,False
25994,TERRA,2018-06-18 00:00:00+00:00,702.5281996611484,4.0,1.0,-0.0012861207151217968,0.0012861207151217968,False
25994,TERRA,2018-06-19 00:00:00+00:00,702.5256209422769,2.333,1.0,-0.002578718871518504,0.002578718871518504,False
25994,TERRA,2018-06-20 00:00:00+00:00,702.5259270840329,2.333,1.0,0.0003061417560275004,-0.0003061417560275004,False
25994,TERRA,2018-06-21 00:00:00+00:00,702.5269378379899,1.0,1.0,0.0010107539569617074,-0.0010107539569617074,False
25994,TERRA,2018-06-22 00:00:00+00:00,702.5274691318823,1.333,1.0,0.0005312938924362243,-0.0005312938924362243,False
25994,TERRA,2018-06-23 00:00:00+00:00,702.5271629899671,4.0,1.0,-0.0003061419151890732,0.0003061419151890732,False
25994,TERRA,2018-06-24 00:00:00+00:00,702.5242311563206,2.667,1.0,-0.0029318336464712047,0.0029318336464712047,False
25994,TERRA,2018-06-25 00:00:00+00:00,702.5233256901074,5.0,1.0,-0.0009054662132257363,0.0009054662132257363,True
25994,TERRA,2018-06-26 00:00:00+00:00,702.5221869735551,4.667,1.0,-0.001138716552304686,0.001138716552304686,False
25994,TERRA,2018-06-27 00:00:00+00:00,702.5225967818687,2.667,1.0,0.00040980831363413017,-0.00040980831363413017,False
25994,TERRA,2018-06-28 00:00:00+00:00,702.52283813146,1.667,1.0,0.00024134959130606148,-0.00024134959130606148,False
25994,TERRA,2018-06-29 00:00:00+00:00,702.5219861189089,1.333,1.0,-0.000852012551149528,0.000852012551149528,False
25994,TERRA,2018-06-30 00:00:00+00:00,702.5196244580993,1.0,1.0,-0.0023616608095835545,0.0023616608095835545,False
25994,TERRA,2018-07-01 00:00:00+00:00,702.51916443665,0.667,1.0,-0.00046002144927115296,0.00046002144927115296,False
25994,TERRA,2018-07-02 00:00:00+00:00,702.5196050205836,1.0,1.0,0.0004405839335959172,-0.0004405839335959172,False
25994,TERRA,2018-07-03 00:00:00+00:00,702.52034364678,1.667,1.0,0.0007386261963802099,-0.0007386261963802099,False
25994,TERRA,2018-07-04 00:00:00+00:00,702.5173065336639,1.333,1.0,-0.0030371131160791265,0.0030371131160791265,False
25994,TERRA,2018-07-05 00:00:00+00:00,702.5176839454089,4.667,1.0,0.00037741174492111895,-0.00037741174492111895,False
25994,TERRA,2018-07-06 00:00:00+00:00,702.516584106173,3.667,1.0,-0.0010998392358487763,0.0010998392358487763,False
25994,TERRA,2018-07-07 00:00:00+00:00,702.5153320069358,2.0,1.0,-0.0012520992372628825,0.0012520992372628825,False
25994,TERRA,2018-07-08 00:00:00+00:00,702.5158147048951,1.333,1.0,0.0004826979593417491,-0.0004826979593417491,False
25994,TERRA,2018-07-09 00:00:00+00:00,702.5167930593943,0.667,1.0,0.000978354499238776,-0.000978354499238776,False
25994,TERRA,2018-07-10 00:00:00+00:00,702.5156851215415,2.333,1.0,-0.0011079378527938388,0.0011079378527938388,False
25994,TERRA,2018-07-11 00:00:00+00:00,702.5128310497103,2.667,1.0,-0.0028540718312797253,0.0028540718312797253,False
25994,TERRA,2018-07-12 00:00:00+00:00,702.5125200500038,2.667,1.0,-0.00031099970647119335,0.00031099970647119335,False
25994,TERRA,2018-07-13 00:00:00+00:00,702.5127047060741,2.667,1.0,0.00018465607035977882,-0.00018465607035977882,False
25994,TERRA,2018-07-14 00:00:00+00:00,702.5135502366657,1.667,1.0,0.0008455305915049394,-0.0008455305915049394,False
25994,TERRA,2018-07-15 00:00:00+00:00,702.5131874035842,1.333,1.0,-0.00036283308145357296,0.00036283308145357296,False
25994,TERRA,2018-07-16 00:00:00+00:00,702.5115838115044,2.667,1.0,-0.0016035920798458392,0.0016035920798458392,False
25994,TERRA,2018-07-17 00:00:00+00:00,702.5083474738922,3.0,1.0,-0.003236337612179341,0.003236337612179341,False
25994,TERRA,2018-07-18 00:00:00+00:00,702.5075958925117,1.0,1.0,-0.000751581380427524,0.000751581380427524,False
25994,TERRA,2018-07-19 00:00:00+00:00,702.5104240425221,1.0,1.0,0.002828150010373065,-0.002828150010373065,False
25994,TERRA,2018-07-20 00:00:00+00:00,702.5097502103608,2.0,1.0,-0.0006738321612829168,0.0006738321612829168,False
25994,TERRA,2018-07-21 00:00:00+00:00,702.5084349424269,3.333,1.0,-0.0013152679339327733,0.0013152679339327733,False
25994,TERRA,2018-07-22 00:00:00+00:00,702.5063486566123,1.333,1.0,-0.0020862858145846985,0.0020862858145846985,False
25994,TERRA,2018-07-23 00:00:00+00:00,702.5057331377993,1.0,1.0,-0.0006155188129923772,0.0006155188129923772,False
25994,TERRA,2018-07-24 00:00:00+00:00,702.5074079971987,4.0,1.0,0.001674859399372508,-0.001674859399372508,False
25994,TERRA,2018-07-25 00:00:00+00:00,702.5111367496329,3.333,1.0,0.003728752434199123,-0.003728752434199123,False
25994,TERRA,2018-07-26 00:00:00+00:00,702.5059858244531,1.333,1.0,-0.005150925179805199,0.005150925179805199,False
25994,TERRA,2018-07-27 00:00:00+00:00,702.5043466011721,1.667,1.0,-0.001639223281017621,0.001639223281017621,False
25994,TERRA,2018-07-28 00:00:00+00:00,702.5053119934701,2.0,1.0,0.0009653922979850904,-0.0009653922979850904,False
25994,TERRA,2018-07-29 00:00:00+00:00,702.5032354286186,1.333,1.0,-0.0020765648514498025,0.0020765648514498025,False
25994,TERRA,2018-07-30 00:00:00+00:00,702.5037343223648,2.0,1.0,0.0004988937462258036,-0.0004988937462258036,False
25994,TERRA,2018-07-31 00:00:00+00:00,702.5030410547356,2.333,1.0,-0.0006932676292308315,0.0006932676292308315,False
25994,TERRA,2018-08-01 00:00:00+00:00,702.5027575922709,2.333,1.0,-0.00028346246472210623,0.00028346246472210623,False
25994,TERRA,2018-08-02 00:00:00+00:00,702.5001643184105,2.667,1.0,-0.0025932738603842154,0.0025932738603842154,False
25994,TERRA,2018-08-03 00:00:00+00:00,702.5023801824018,2.667,1.0,0.002215863991295919,-0.002215863991295919,False
25994,TERRA,2018-08-04 00:00:00+00:00,702.499535842674,2.0,1.0,-0.0028443397277442273,0.0028443397277442273,False
25994,TERRA,2018-08-05 00:00:00+00:00,702.4983469224735,2.0,1.0,-0.0011889202005477273,0.0011889202005477273,False
25994,TERRA,2018-08-06 00:00:00+00:00,702.4980229661014,1.0,1.0,-0.00032395637208537664,0.00032395637208537664,False
25994,TERRA,2018-08-07 00:00:00+00:00,702.4984505885213,3.0,1.0,0.0004276224199202261,-0.0004276224199202261,False
25994,TERRA,2018-08-08 00:00:00+00:00,702.5007182843001,1.667,1.0,0.0022676957787552965,-0.0022676957787552965,False
25994,TERRA,2018-08-09 00:00:00+00:00,702.4993058335513,1.333,1.0,-0.0014124507488304516,0.0014124507488304516,False
25994,TERRA,2018-08-10 00:00:00+00:00,702.4993949215964,1.333,1.0,8.90880451152043e-05,-8.90880451152043e-05,False
25994,TERRA,2018-08-11 00:00:00+00:00,702.5002550262543,3.667,1.0,0.0008601046579315152,-0.0008601046579315152,False
25994,TERRA,2018-08-12 00:00:00+00:00,702.5059793457422,2.0,1.0,0.005724319487853791,-0.005724319487853791,False
25994,TERRA,2018-08-13 00:00:00+00:00,702.5118170612059,1.333,1.0,0.0058377154637128115,-0.0058377154637128115,False
25994,TERRA,2018-08-14 00:00:00+00:00,702.5111302704754,1.333,1.0,-0.0006867907304695109,0.0006867907304695109,False
25994,TERRA,2018-08-15 00:00:00+00:00,702.5076768818753,4.0,1.0,-0.0034533886000644998,0.0034533886000644998,False
25994,TERRA,2018-08-16 00:00:00+00:00,702.5050755046877,3.667,1.0,-0.0026013771876023384,0.0026013771876023384,False
25994,TERRA,2018-08-17 00:00:00+00:00,702.5047709849741,4.0,1.0,-0.0003045197136088973,0.0003045197136088973,False
25994,TERRA,2018-08-18 00:00:00+00:00,702.5042364557735,3.333,1.0,-0.0005345292006495583,0.0005345292006495583,False
25994,TERRA,2018-08-19 00:00:00+00:00,702.5033844488189,2.667,1.0,-0.0008520069545738806,0.0008520069545738806,False
25994,TERRA,2018-08-20 00:00:00+00:00,702.5035043128992,4.0,1.0,0.00011986408026132267,-0.00011986408026132267,False
25994,TERRA,2018-08-21 00:00:00+00:00,702.5061218865076,2.667,1.0,0.0026175736084042,-0.0026175736084042,False
25994,TERRA,2018-08-22 00:00:00+00:00,702.5033423344148,2.333,1.0,-0.0027795520927611506,0.0027795520927611506,False
25994,TERRA,2018-08-23 00:00:00+00:00,702.5002777032169,1.667,1.0,-0.0030646311979580787,0.0030646311979580787,False
25994,TERRA,2018-08-24 00:00:00+00:00,702.5000055796768,2.667,1.0,-0.000272123540071334,0.000272123540071334,False
25994,TERRA,2018-08-25 00:00:00+00:00,702.5035739637706,4.333,1.0,0.0035683840937963396,-0.0035683840937963396,False
25994,TERRA,2018-08-26 00:00:00+00:00,702.5030540127327,7.333,1.0,-0.0005199510378588457,0.0005199510378588457,True
25994,TERRA,2018-08-27 00:00:00+00:00,702.4984684061228,5.667,1.0,-0.0045856066099077,0.0045856066099077,True
25994,TERRA,2018-08-28 00:00:00+00:00,702.49737505347,3.667,1.0,-0.0010933526527878712,0.0010933526527878712,False
25994,TERRA,2018-08-29 00:00:00+00:00,702.4950101736213,2.333,1.0,-0.0023648798487556633,0.0023648798487556633,False
25994,TERRA,2018-08-30 00:00:00+00:00,702.495625690105,1.667,1.0,0.000615516483776446,-0.000615516483776446,False
25994,TERRA,2018-08-31 00:00:00+00:00,702.4962314880368,2.333,1.0,0.0006057979317120044,-0.0006057979317120044,False
25994,TERRA,2018-09-01 00:00:00+00:00,702.4964420595898,2.0,1.0,0.00021057155299786245,-0.00021057155299786245,False
25994,TERRA,2018-09-02 00:00:00+00:00,702.4969798268376,2.0,1.0,0.0005377672478061868,-0.0005377672478061868,False
25994,TERRA,2018-09-03 00:00:00+00:00,702.4952758175605,1.333,1.0,-0.0017040092770912452,0.0017040092770912452,False
25994,TERRA,2018-09-04 00:00:00+00:00,702.4960306352314,3.0,1.0,0.000754817670895136,-0.000754817670895136,False
25994,TERRA,2018-09-05 00:00:00+00:00,702.4962606440895,3.333,1.0,0.00023000885812507477,-0.00023000885812507477,False
25994,TERRA,2018-09-06 00:00:00+00:00,702.4904132415923,2.0,1.0,-0.005847402497238363,0.005847402497238363,False
25994,TERRA,2018-09-07 00:00:00+00:00,702.4910287570929,2.333,1.0,0.0006155155006126733,-0.0006155155006126733,False
25994,TERRA,2018-09-08 00:00:00+00:00,702.4922905642361,2.333,1.0,0.0012618071432370925,-0.0012618071432370925,False
25994,TERRA,2018-09-09 00:00:00+00:00,702.4929643922574,2.667,1.0,0.0006738280212630343,-0.0006738280212630343,False
25994,TERRA,2018-09-10 00:00:00+00:00,702.4922792257876,5.0,1.0,-0.0006851664697933302,0.0006851664697933302,True
25994,TERRA,2018-09-11 00:00:00+00:00,702.5003910880391,6.0,1.0,0.008111862251553248,-0.008111862251553248,True
25994,TERRA,2018-09-12 00:00:00+00:00,702.4943816993705,4.0,1.0,-0.006009388668644533,0.006009388668644533,False
25994,TERRA,2018-09-13 00:00:00+00:00,702.485408133808,4.0,1.0,-0.00897356556242812,0.00897356556242812,False
25994,TERRA,2018-09-14 00:00:00+00:00,702.4800175292339,4.333,1.0,-0.00539060457413143,0.00539060457413143,False
25994,TERRA,2018-09-15 00:00:00+00:00,702.4893198936606,2.667,1.0,0.009302364426730492,-0.009302364426730492,False
25994,TERRA,2018-09-16 00:00:00+00:00,702.4893733446834,2.333,1.0,5.345102272258373e-05,-5.345102272258373e-05,False
25994,TERRA,2018-09-17 00:00:00+00:00,702.4883982392075,3.333,1.0,-0.0009751054758453392,0.0009751054758453392,False
25994,TERRA,2018-09-18 00:00:00+00:00,702.4868108589153,2.333,1.0,-0.0015873802922214963,0.0015873802922214963,False
25994,TERRA,2018-09-19 00:00:00+00:00,702.4853255253065,2.333,1.0,-0.0014853336087981006,0.0014853336087981006,False
25994,TERRA,2018-09-20 00:00:00+00:00,702.4860301273038,0.667,1.0,0.0007046019973131479,-0.0007046019973131479,False
25994,TERRA,2018-09-21 00:00:00+00:00,702.4861856256994,4.333,1.0,0.0001554983955429634,-0.0001554983955429634,False
25994,TERRA,2018-09-22 00:00:00+00:00,702.4882395012687,4.667,1.0,0.0020538755693451094,-0.0020538755693451094,False
25994,TERRA,2018-09-23 00:00:00+00:00,702.4858746289701,3.333,1.0,-0.0023648722985853965,0.0023648722985853965,False
25994,TERRA,2018-09-24 00:00:00+00:00,702.4847699427246,2.333,1.0,-0.0011046862455259543,0.0011046862455259543,False
25994,TERRA,2018-09-25 00:00:00+00:00,702.4811384113109,3.0,1.0,-0.00363153141370276,0.00363153141370276,False
25994,TERRA,2018-09-26 00:00:00+00:00,702.4833574999693,2.667,1.0,0.002219088658421242,-0.002219088658421242,False
25994,TERRA,2018-09-27 00:00:00+00:00,702.4837527247018,2.333,1.0,0.0003952247325287317,-0.0003952247325287317,False
25994,TERRA,2018-09-28 00:00:00+00:00,702.4800434455756,3.0,1.0,-0.0037092791262693936,0.0037092791262693936,False
25994,TERRA,2018-09-29 00:00:00+00:00,702.4800402060346,3.333,1.0,-3.239541001676116e-06,3.239541001676116e-06,False
25994,TERRA,2018-09-30 00:00:00+00:00,702.4799964722342,2.333,1.0,-4.373380033939611e-05,4.373380033939611e-05,False
25994,TERRA,2018-10-01 00:00:00+00:00,702.4777660477903,3.667,1.0,-0.002230424443951051,0.002230424443951051,False
25994,TERRA,2018-10-02 00:00:00+00:00,702.4784236745563,3.667,1.0,0.0006576267660420854,-0.0006576267660420854,False
25994,TERRA,2018-10-03 00:00:00+00:00,702.479567232866,2.333,1.0,0.0011435583096499613,-0.0011435583096499613,False
25994,TERRA,2018-10-04 00:00:00+00:00,702.4800952782916,1.667,1.0,0.000528045425653545,-0.000528045425653545,False
25994,TERRA,2018-10-05 00:00:00+00:00,702.4803641603812,3.0,1.0,0.0002688820895855315,-0.0002688820895855315,False
25994,TERRA,2018-10-06 00:00:00+00:00,702.4785986099082,3.0,1.0,-0.0017655504730100802,0.0017655504730100802,False
25994,TERRA,2018-10-07 00:00:00+00:00,702.4751355422368,5.333,1.0,-0.0034630676714186848,0.0034630676714186848,True
25994,TERRA,2018-10-08 00:00:00+00:00,702.4714943045938,4.333,1.0,-0.003641237643023487,0.003641237643023487,False
25994,TERRA,2018-10-09 00:00:00+00:00,702.4764815703784,3.667,1.0,0.004987265784620831,-0.004987265784620831,False
25994,TERRA,2018-10-10 00:00:00+00:00,702.4762661411628,4.667,1.0,-0.00021542921558648231,0.00021542921558648231,False
25994,TERRA,2018-10-11 00:00:00+00:00,702.4771181397891,3.0,1.0,0.0008519986263308965,-0.0008519986263308965,False
25994,TERRA,2018-10-12 00:00:00+00:00,702.4812096812839,1.667,1.0,0.004091541494744888,-0.004091541494744888,False
25994,TERRA,2018-10-13 00:00:00+00:00,702.4763860039307,4.333,1.0,-0.0048236773532153165,0.0048236773532153165,False
25994,TERRA,2018-10-14 00:00:00+00:00,702.4642960710007,2.0,1.0,-0.012089932929939096,0.012089932929939096,False
25994,TERRA,2018-10-15 00:00:00+00:00,702.465991964174,3.0,1.0,0.0016958931732915516,-0.0016958931732915516,False
25994,TERRA,2018-10-16 00:00:00+00:00,702.4673639027933,2.0,1.0,0.0013719386192860838,-0.0013719386192860838,False
25994,TERRA,2018-10-17 00:00:00+00:00,702.4732809079678,1.667,1.0,0.005917005174524093,-0.005917005174524093,False
25994,TERRA,2018-10-18 00:00:00+00:00,702.4707103376713,0.333,1.0,-0.0025705702964842203,0.0025705702964842203,False
25994,TERRA,2018-10-19 00:00:00+00:00,702.4691942374602,0.667,1.0,-0.0015161002111199195,0.0015161002111199195,False
25994,TERRA,2018-10-20 00:00:00+00:00,702.4669265664843,0.333,1.0,-0.0022676709759252844,0.0022676709759252844,False
25994,TERRA,2018-10-21 00:00:00+00:00,702.4662397866396,2.0,1.0,-0.0006867798447274254,0.0006867798447274254,False
25994,TERRA,2018-10-22 00:00:00+00:00,702.4680328655131,2.667,1.0,0.0017930788735611713,-0.0017930788735611713,False
25994,TERRA,2018-10-23 00:00:00+00:00,702.4656501928089,1.0,1.0,-0.002382672704243305,0.002382672704243305,False
25994,TERRA,2018-10-24 00:00:00+00:00,702.4717064940278,1.333,1.0,0.006056301218904991,-0.006056301218904991,False
25994,TERRA,2018-10-25 00:00:00+00:00,702.4640790228377,2.0,1.0,-0.0076274711900623515,0.0076274711900623515,False
25994,TERRA,2018-10-26 00:00:00+00:00,702.4638830315998,2.333,1.0,-0.00019599123788793804,0.00019599123788793804,False
25994,TERRA,2018-10-27 00:00:00+00:00,702.4654882164341,1.667,1.0,0.0016051848342613084,-0.0016051848342613084,False
25994,TERRA,2018-10-28 00:00:00+00:00,702.4710942234756,1.333,1.0,0.005606007041478733,-0.005606007041478733,False
25994,TERRA,2018-10-29 00:00:00+00:00,702.4670496685494,0.333,1.0,-0.004044554926167621,0.004044554926167621,False
25994,TERRA,2018-10-30 00:00:00+00:00,702.4681057549078,2.0,1.0,0.0010560863584032631,-0.0010560863584032631,False
25994,TERRA,2018-10-31 00:00:00+00:00,702.4631492793997,1.667,1.0,-0.004956475508151925,0.004956475508151925,False
25994,TERRA,2018-11-01 00:00:00+00:00,702.4654930761444,2.0,1.0,0.00234379674475349,-0.00234379674475349,False
25994,TERRA,2018-11-02 00:00:00+00:00,702.4696639690032,2.667,1.0,0.00417089285883776,-0.00417089285883776,False
25994,TERRA,2018-11-03 00:00:00+00:00,702.4696218550316,2.0,1.0,-4.211397163089714e-05,4.211397163089714e-05,False
25994,TERRA,2018-11-04 00:00:00+00:00,702.4695813614858,5.333,1.0,-4.0493545839126455e-05,4.0493545839126455e-05,True
25994,TERRA,2018-11-05 00:00:00+00:00,702.467506442049,5.667,1.0,-0.0020749194368363533,0.0020749194368363533,True
25994,TERRA,2018-11-06 00:00:00+00:00,702.4686791522922,3.667,1.0,0.0011727102432814718,-0.0011727102432814718,False
25994,TERRA,2018-11-07 00:00:00+00:00,702.4666220508716,3.333,1.0,-0.0020571014206325344,0.0020571014206325344,False
25994,TERRA,2018-11-08 00:00:00+00:00,702.4655044140663,4.0,1.0,-0.0011176368052474572,0.0011176368052474572,False
25994,TERRA,2018-11-09 00:00:00+00:00,702.4684880195782,4.0,1.0,0.002983605511872156,-0.002983605511872156,False
25994,TERRA,2018-11-11 00:00:00+00:00,702.4702568031871,3.0,2.0,0.001768783608895319,-0.0008843918044476595,False
25994,TERRA,2018-11-12 00:00:00+00:00,702.4649796108479,3.333,1.0,-0.005277192339235626,0.005277192339235626,False
25994,TERRA,2018-11-13 00:00:00+00:00,702.4616137456087,2.0,1.0,-0.0033658652391750365,0.0033658652391750365,False
25994,TERRA,2018-11-14 00:00:00+00:00,702.4657441390245,1.333,1.0,0.0041303934158349875,-0.0041303934158349875,False
25994,TERRA,2018-11-15 00:00:00+00:00,702.4639818370979,0.667,1.0,-0.0017623019266466144,0.0017623019266466144,False
25994,TERRA,2018-11-16 00:00:00+00:00,702.4632545646868,1.0,1.0,-0.000727272411040758,0.000727272411040758,False
25994,TERRA,2018-11-17 00:00:00+00:00,702.4614712066495,0.667,1.0,-0.0017833580373007862,0.0017833580373007862,False
25994,TERRA,2018-11-18 00:00:00+00:00,702.4593315033694,1.0,1.0,-0.0021397032801360183,0.0021397032801360183,False
25994,TERRA,2018-11-19 00:00:00+00:00,702.4576615316664,1.667,1.0,-0.001669971702995099,0.001669971702995099,False
25994,TERRA,2018-11-20 00:00:00+00:00,702.4581247826882,3.0,1.0,0.0004632510217561503,-0.0004632510217561503,False
25994,TERRA,2018-11-21 00:00:00+00:00,702.4569391193863,2.667,1.0,-0.0011856633018396678,0.0011856633018396678,False
25994,TERRA,2018-11-22 00:00:00+00:00,702.4562507223013,1.0,1.0,-0.0006883970850140031,0.0006883970850140031,False
25994,TERRA,2018-11-23 00:00:00+00:00,702.4551379487639,1.0,1.0,-0.0011127735374429903,0.0011127735374429903,False
25994,TERRA,2018-11-24 00:00:00+00:00,702.4559510670247,1.667,1.0,0.0008131182607939991,-0.0008131182607939991,False
25994,TERRA,2018-11-25 00:00:00+00:00,702.4560660700331,1.0,1.0,0.00011500300843181321,-0.00011500300843181321,False
25994,TERRA,2018-11-26 00:00:00+00:00,702.4526240866453,0.667,1.0,-0.0034419833878018835,0.0034419833878018835,False
25994,TERRA,2018-11-27 00:00:00+00:00,702.4545742734067,2.333,1.0,0.001950186761405348,-0.001950186761405348,False
25994,TERRA,2018-11-28 00:00:00+00:00,702.4455522416447,1.0,1.0,-0.009022031762015104,0.009022031762015104,False
25994,TERRA,2018-11-29 00:00:00+00:00,702.4450144841121,2.0,1.0,-0.0005377575325837824,0.0005377575325837824,False
25994,TERRA,2018-11-30 00:00:00+00:00,702.4499288142742,1.333,1.0,0.004914330162137048,-0.004914330162137048,False
25994,TERRA,2018-12-01 00:00:00+00:00,702.4583159142494,3.0,1.0,0.008387099975152523,-0.008387099975152523,False
25994,TERRA,2018-12-02 00:00:00+00:00,702.4468205075959,3.667,1.0,-0.011495406653466489,0.011495406653466489,False
25994,TERRA,2018-12-03 00:00:00+00:00,702.4450080051065,3.0,1.0,-0.00181250248942888,0.00181250248942888,False
25994,TERRA,2018-12-04 00:00:00+00:00,702.4476838358692,3.0,1.0,0.002675830762655096,-0.002675830762655096,False
25994,TERRA,2018-12-05 00:00:00+00:00,702.4504989678298,2.0,1.0,0.0028151319606877223,-0.0028151319606877223,False
25994,TERRA,2018-12-06 00:00:00+00:00,702.4971353258334,2.0,1.0,0.04663635800352495,-0.04663635800352495,False
25994,TERRA,2018-12-07 00:00:00+00:00,702.5483127917464,3.333,1.0,0.0511774659130424,-0.0511774659130424,False
25994,TERRA,2018-12-08 00:00:00+00:00,702.5731785975813,3.333,1.0,0.024865805834906496,-0.024865805834906496,False
25994,TERRA,2018-12-09 00:00:00+00:00,702.5493478361541,3.667,1.0,-0.023830761427234393,0.023830761427234393,False
25994,TERRA,2018-12-10 00:00:00+00:00,702.5239655096657,3.0,1.0,-0.025382326488397666,0.025382326488397666,False
25994,TERRA,2018-12-11 00:00:00+00:00,702.5243736984385,2.667,1.0,0.0004081887727807043,-0.0004081887727807043,False
25994,TERRA,2018-12-12 00:00:00+00:00,702.5244093339688,2.0,1.0,3.563553036656231e-05,-3.563553036656231e-05,False
25994,TERRA,2018-12-13 00:00:00+00:00,702.5329359579105,1.0,1.0,0.00852662394163417,-0.00852662394163417,False
25994,TERRA,2018-12-14 00:00:00+00:00,702.5235184458379,0.667,1.0,-0.009417512072559475,0.009417512072559475,False
25994,TERRA,2018-12-15 00:00:00+00:00,702.5201492714423,0.333,1.0,-0.0033691743956296705,0.0033691743956296705,False
25994,TERRA,2018-12-16 00:00:00+00:00,702.5218954103657,0.667,1.0,0.00174613892340858,-0.00174613892340858,False
25994,TERRA,2018-12-17 00:00:00+00:00,702.5247073766068,2.333,1.0,0.0028119662410972524,-0.0028119662410972524,False
25994,TERRA,2018-12-18 00:00:00+00:00,702.5220233743948,2.667,1.0,-0.0026840022119358764,0.0026840022119358764,False
25994,TERRA,2018-12-19 00:00:00+00:00,702.5229709547266,2.0,1.0,0.0009475803317400278,-0.0009475803317400278,False
25994,TERRA,2018-12-20 00:00:00+00:00,702.522695589415,3.0,1.0,-0.0002753653116087662,0.0002753653116087662,False
25994,TERRA,2018-12-21 00:00:00+00:00,702.519093165678,2.0,1.0,-0.0036024237369929324,0.0036024237369929324,False
25994,TERRA,2018-12-22 00:00:00+00:00,702.5223586718921,1.0,1.0,0.0032655062141202507,-0.0032655062141202507,False
25994,TERRA,2018-12-23 00:00:00+00:00,702.5184258107047,0.667,1.0,-0.003932861187422532,0.003932861187422532,False
25994,TERRA,2018-12-24 00:00:00+00:00,702.5189052696828,1.333,1.0,0.0004794589781340619,-0.0004794589781340619,False
25994,TERRA,2018-12-25 00:00:00+00:00,702.5179657894068,1.667,1.0,-0.000939480275974347,0.000939480275974347,False
25994,TERRA,2018-12-26 00:00:00+00:00,702.5166634760435,1.0,1.0,-0.0013023133633396355,0.0013023133633396355,False
25994,TERRA,2018-12-27 00:00:00+00:00,702.5145140122718,2.333,1.0,-0.0021494637717296428,0.0021494637717296428,False
25994,TERRA,2018-12-28 00:00:00+00:00,702.5142435071466,4.333,1.0,-0.0002705051251723489,0.0002705051251723489,False
25994,TERRA,2018-12-29 00:00:00+00:00,702.5163038824735,3.0,1.0,0.002060375326891517,-0.002060375326891517,False
25994,TERRA,2018-12-30 00:00:00+00:00,702.5182281959133,3.0,1.0,0.0019243134397584072,-0.0019243134397584072,False
25994,TERRA,2018-12-31 00:00:00+00:00,702.5143633717385,3.0,1.0,-0.003864824174797832,0.003864824174797832,False
25994,TERRA,2019-01-01 00:00:00+00:00,702.5135243200157,2.667,1.0,-0.0008390517227780947,0.0008390517227780947,False
25994,TERRA,2019-01-02 00:00:00+00:00,702.5122576440253,0.333,1.0,-0.0012666759903368074,0.0012666759903368074,False
25994,TERRA,2019-01-03 00:00:00+00:00,702.5104467194901,1.0,1.0,-0.0018109245352206926,0.0018109245352206926,False
25994,TERRA,2019-01-04 00:00:00+00:00,702.5094699870451,3.333,1.0,-0.0009767324449967418,0.0009767324449967418,False
25994,TERRA,2019-01-05 00:00:00+00:00,702.5081757764028,5.0,1.0,-0.0012942106422997313,0.0012942106422997313,True
25994,TERRA,2019-01-06 00:00:00+00:00,702.5094003360728,3.0,1.0,0.001224559669935843,-0.001224559669935843,False
25994,TERRA,2019-01-07 00:00:00+00:00,702.5145609862084,2.333,1.0,0.005160650135621836,-0.005160650135621836,False
25994,TERRA,2019-01-08 00:00:00+00:00,702.5132392368778,2.333,1.0,-0.0013217493306001415,0.0013217493306001415,False
25994,TERRA,2019-01-09 00:00:00+00:00,702.5041263103685,1.667,1.0,-0.009112926509260433,0.009112926509260433,False
25994,TERRA,2019-01-10 00:00:00+00:00,702.5034605788028,1.333,1.0,-0.0006657315657321305,0.0006657315657321305,False
25994,TERRA,2019-01-11 00:00:00+00:00,702.5045636524228,3.333,1.0,0.0011030736200154934,-0.0011030736200154934,False
25994,TERRA,2019-01-12 00:00:00+00:00,702.5089241183596,1.0,1.0,0.004360465936770197,-0.004360465936770197,False
25994,TERRA,2019-01-13 00:00:00+00:00,702.506630499523,1.0,1.0,-0.002293618836574751,0.002293618836574751,False
25994,TERRA,2019-01-14 00:00:00+00:00,702.5062320319907,2.667,1.0,-0.00039846753224992426,0.00039846753224992426,False
25994,TERRA,2019-01-15 00:00:00+00:00,702.504158706075,2.667,1.0,-0.0020733259157168504,0.0020733259157168504,False
25994,TERRA,2019-01-16 00:00:00+00:00,702.5055225656042,2.667,1.0,0.0013638595291922684,-0.0013638595291922684,False
25994,TERRA,2019-01-17 00:00:00+00:00,702.5061737196729,2.667,1.0,0.0006511540686915396,-0.0006511540686915396,False
25994,TERRA,2019-01-18 00:00:00+00:00,702.5036209374148,2.0,1.0,-0.0025527822581352666,0.0025527822581352666,False
25994,TERRA,2019-01-19 00:00:00+00:00,702.5031544393823,2.667,1.0,-0.00046649803243781207,0.00046649803243781207,False
25994,TERRA,2019-01-20 00:00:00+00:00,702.5017419874766,1.667,1.0,-0.0014124519057077123,0.0014124519057077123,False
25994,TERRA,2019-01-21 00:00:00+00:00,702.5034265632257,1.667,1.0,0.0016845757490955293,-0.0016845757490955293,False
25994,TERRA,2019-01-22 00:00:00+00:00,702.5043692781692,2.0,1.0,0.0009427149434486637,-0.0009427149434486637,False
25994,TERRA,2019-01-23 00:00:00+00:00,702.5027786493565,4.0,1.0,-0.001590628812664363,0.001590628812664363,False
25994,TERRA,2019-01-24 00:00:00+00:00,702.4979533155001,4.333,1.0,-0.00482533385638817,0.00482533385638817,False
25994,TERRA,2019-01-25 00:00:00+00:00,702.4977038691309,3.333,1.0,-0.00024944636925283703,0.00024944636925283703,False
25994,TERRA,2019-01-26 00:00:00+00:00,702.4979549352684,3.0,1.0,0.00025106613747993833,-0.00025106613747993833,False
25994,TERRA,2019-01-27 00:00:00+00:00,702.5008770230106,2.0,1.0,0.002922087742263102,-0.002922087742263102,False
25994,TERRA,2019-01-28 00:00:00+00:00,702.4989640594954,0.667,1.0,-0.0019129635152239644,0.0019129635152239644,False
25994,TERRA,2019-01-29 00:00:00+00:00,702.4959302088337,1.667,1.0,-0.0030338506617226813,0.0030338506617226813,False
27424,AQUA,2017-12-02 00:00:00+00:00,702.5178524038874,2.333,,,,False
27424,AQUA,2017-12-03 00:00:00+00:00,702.5164561425745,0.667,1.0,-0.0013962613129478996,0.0013962613129478996,False
27424,AQUA,2017-12-04 00:00:00+00:00,702.5154016579845,4.0,1.0,-0.0010544845899858046,0.0010544845899858046,False
27424,AQUA,2017-12-05 00:00:00+00:00,702.5145285903836,5.0,1.0,-0.0008730676008781302,0.0008730676008781302,True
27424,AQUA,2017-12-06 00:00:00+00:00,702.51317120568,4.0,1.0,-0.0013573847036241204,0.0013573847036241204,False
27424,AQUA,2017-12-07 00:00:00+00:00,702.5121393993654,3.333,1.0,-0.0010318063145859924,0.0010318063145859924,False
27424,AQUA,2017-12-08 00:00:00+00:00,702.5112323172002,2.0,1.0,-0.000907082165213069,0.000907082165213069,False
27424,AQUA,2017-12-09 00:00:00+00:00,702.5102976989174,1.667,1.0,-0.0009346182828267047,0.0009346182828267047,False
27424,AQUA,2017-12-10 00:00:00+00:00,702.5087394625352,1.333,1.0,-0.001558236382152245,0.001558236382152245,False
27424,AQUA,2017-12-11 00:00:00+00:00,702.5076493454949,3.333,1.0,-0.0010901170403485594,0.0010901170403485594,False
27424,AQUA,2017-12-12 00:00:00+00:00,702.5065009165551,4.0,1.0,-0.001148428939814039,0.001148428939814039,False
27424,AQUA,2017-12-13 00:00:00+00:00,702.5059534287275,2.667,1.0,-0.000547487827589066,0.000547487827589066,False
27424,AQUA,2017-12-14 00:00:00+00:00,702.5582211753599,2.667,1.0,0.05226774663242395,-0.05226774663242395,False
27424,AQUA,2017-12-15 00:00:00+00:00,702.5570711060955,1.333,1.0,-0.0011500692644403898,0.0011500692644403898,False
27424,AQUA,2017-12-16 00:00:00+00:00,702.5561964058415,2.0,1.0,-0.0008747002539166715,0.0008747002539166715,False
27424,AQUA,2017-12-17 00:00:00+00:00,702.5547450519425,4.667,1.0,-0.0014513538990286179,0.0014513538990286179,False
27424,AQUA,2017-12-18 00:00:00+00:00,702.5538752118537,4.333,1.0,-0.0008698400888533797,0.0008698400888533797,False
27424,AQUA,2017-12-19 00:00:00+00:00,702.5527947963219,2.333,1.0,-0.0010804155317600816,0.0010804155317600816,False
27424,AQUA,2017-12-20 00:00:00+00:00,702.5519119983182,2.0,1.0,-0.0008827980036585359,0.0008827980036585359,False
27424,AQUA,2017-12-21 00:00:00+00:00,702.5506566438498,1.0,1.0,-0.0012553544684124063,0.0012553544684124063,False
27424,AQUA,2017-12-22 00:00:00+00:00,702.5497203927343,1.0,1.0,-0.0009362511154904496,0.0009362511154904496,False
27424,AQUA,2017-12-23 00:00:00+00:00,702.5482269270815,2.667,1.0,-0.0014934656528566848,0.0014934656528566848,False
27424,AQUA,2017-12-24 00:00:00+00:00,702.5473813861381,3.333,1.0,-0.0008455409433736349,0.0008455409433736349,False
27424,AQUA,2017-12-25 00:00:00+00:00,702.5461276534816,3.0,1.0,-0.00125373265655071,0.00125373265655071,False
27424,AQUA,2017-12-26 00:00:00+00:00,702.5453793016941,3.667,1.0,-0.0007483517874788959,0.0007483517874788959,False
27424,AQUA,2017-12-27 00:00:00+00:00,702.5441903622486,2.667,1.0,-0.0011889394454556168,0.0011889394454556168,False
27424,AQUA,2017-12-28 00:00:00+00:00,702.5430289600295,1.667,1.0,-0.0011614022191679396,0.0011614022191679396,False
27424,AQUA,2017-12-29 00:00:00+00:00,702.5420829926106,2.333,1.0,-0.0009459674188292411,0.0009459674188292411,False
27424,AQUA,2017-12-30 00:00:00+00:00,702.5411094887904,1.667,1.0,-0.0009735038202052237,0.0009735038202052237,False
27424,AQUA,2017-12-31 00:00:00+00:00,702.5403352214366,2.0,1.0,-0.000774267353790492,0.000774267353790492,False
27424,AQUA,2018-01-01 00:00:00+00:00,702.5396953981503,3.667,1.0,-0.000639823286292085,0.000639823286292085,False
27424,AQUA,2018-01-02 00:00:00+00:00,702.5389259905933,2.0,1.0,-0.0007694075570725545,0.0007694075570725545,False
27424,AQUA,2018-01-03 00:00:00+00:00,702.5382424328991,1.0,1.0,-0.0006835576941739419,0.0006835576941739419,False
27424,AQUA,2018-01-04 00:00:00+00:00,702.5369692666382,1.333,1.0,-0.0012731662609439809,0.0012731662609439809,False
27424,AQUA,2018-01-05 00:00:00+00:00,702.5358224456095,2.0,1.0,-0.0011468210286693648,0.0011468210286693648,False
27424,AQUA,2018-01-06 00:00:00+00:00,702.5350157836401,1.333,1.0,-0.0008066619693636312,0.0008066619693636312,False
27424,AQUA,2018-01-07 00:00:00+00:00,702.5346124527427,1.0,1.0,-0.00040333089737032424,0.00040333089737032424,False
27424,AQUA,2018-01-08 00:00:00+00:00,702.5334121792021,3.667,1.0,-0.0012002735406895226,0.0012002735406895226,False
27424,AQUA,2018-01-09 00:00:00+00:00,702.5327804564927,3.667,1.0,-0.0006317227093859401,0.0006317227093859401,False
27424,AQUA,2018-01-10 00:00:00+00:00,702.5320871814756,1.667,1.0,-0.000693275017056294,0.000693275017056294,False
27424,AQUA,2018-01-11 00:00:00+00:00,702.5310926236884,1.0,1.0,-0.0009945577871803835,0.0009945577871803835,False
27424,AQUA,2018-01-12 00:00:00+00:00,702.5301547592494,1.333,1.0,-0.0009378644390380941,0.0009378644390380941,False
27424,AQUA,2018-01-13 00:00:00+00:00,702.5292800673101,3.0,1.0,-0.0008746919393161079,0.0008746919393161079,False
27424,AQUA,2018-01-14 00:00:00+00:00,702.5280943742182,4.667,1.0,-0.001185693091883877,0.001185693091883877,False
27424,AQUA,2018-01-15 00:00:00+00:00,702.5274286369176,3.667,1.0,-0.0006657373005509726,0.0006657373005509726,False
27424,AQUA,2018-01-16 00:00:00+00:00,702.5268746658567,2.0,1.0,-0.0005539710609809845,0.0005539710609809845,False
27424,AQUA,2018-01-17 00:00:00+00:00,702.526285059354,0.667,1.0,-0.0005896065026718134,0.0005896065026718134,False
27424,AQUA,2018-01-18 00:00:00+00:00,702.5437546907187,0.333,1.0,0.01746963136474733,-0.01746963136474733,False
27424,AQUA,2018-01-19 00:00:00+00:00,702.5609586660494,2.667,1.0,0.017203975330630783,-0.017203975330630783,False
27424,AQUA,2018-01-20 00:00:00+00:00,702.559936561237,3.0,1.0,-0.0010221048123639775,0.0010221048123639775,False
27424,AQUA,2018-01-21 00:00:00+00:00,702.5589533323778,3.0,1.0,-0.0009832288592406258,0.0009832288592406258,False
27424,AQUA,2018-01-22 00:00:00+00:00,702.5582357537096,3.333,1.0,-0.0007175786681727914,0.0007175786681727914,False
27424,AQUA,2018-01-23 00:00:00+00:00,702.5573383756728,2.0,1.0,-0.0008973780368251028,0.0008973780368251028,False
27424,AQUA,2018-01-24 00:00:00+00:00,702.556580302034,4.0,1.0,-0.0007580736387353681,0.0007580736387353681,False
27424,AQUA,2018-01-25 00:00:00+00:00,702.5559226571158,3.0,1.0,-0.0006576449181920907,0.0006576449181920907,False
27424,AQUA,2018-01-26 00:00:00+00:00,702.5551905008883,3.0,1.0,-0.0007321562275137694,0.0007321562275137694,False
27424,AQUA,2018-01-27 00:00:00+00:00,702.5542056538688,2.667,1.0,-0.0009848470194810943,0.0009848470194810943,False
27424,AQUA,2018-01-28 00:00:00+00:00,702.5534475810655,1.667,1.0,-0.0007580728033644846,0.0007580728033644846,False
27424,AQUA,2018-01-29 00:00:00+00:00,702.5526376744542,1.0,1.0,-0.0008099066112663422,0.0008099066112663422,False
27424,AQUA,2018-01-30 00:00:00+00:00,702.5516722660764,2.333,1.0,-0.0009654083778514178,0.0009654083778514178,False
27424,AQUA,2018-01-31 00:00:00+00:00,702.5511069515755,2.667,1.0,-0.0005653145008182037,0.0005653145008182037,False
27424,AQUA,2018-02-01 00:00:00+00:00,702.5506193881697,2.667,1.0,-0.00048756340584077407,0.00048756340584077407,False
27424,AQUA,2018-02-02 00:00:00+00:00,702.5498937125612,2.0,1.0,-0.0007256756084643712,0.0007256756084643712,False
27424,AQUA,2018-02-03 00:00:00+00:00,702.5492133918374,1.667,1.0,-0.0006803207238590403,0.0006803207238590403,False
27424,AQUA,2018-02-04 00:00:00+00:00,702.5485962438988,2.333,1.0,-0.0006171479385557177,0.0006171479385557177,False
27424,AQUA,2018-02-05 00:00:00+00:00,702.5476243576572,3.0,1.0,-0.000971886241586617,0.000971886241586617,False
27424,AQUA,2018-02-06 00:00:00+00:00,702.5465795803161,2.333,1.0,-0.0010447773411215167,0.0010447773411215167,False
27424,AQUA,2018-02-07 00:00:00+00:00,702.545826368977,1.667,1.0,-0.0007532113390880113,0.0007532113390880113,False
27424,AQUA,2018-02-08 00:00:00+00:00,702.544799410186,1.333,1.0,-0.0010269587910443079,0.0010269587910443079,False
27424,AQUA,2018-02-09 00:00:00+00:00,702.5442810715103,2.667,1.0,-0.0005183386756471009,0.0005183386756471009,False
27424,AQUA,2018-02-10 00:00:00+00:00,702.5437513942716,2.333,1.0,-0.0005296772387737292,0.0005296772387737292,False
27424,AQUA,2018-02-11 00:00:00+00:00,702.5431488257905,0.667,1.0,-0.0006025684810992971,0.0006025684810992971,False
27424,AQUA,2018-02-12 00:00:00+00:00,702.5424555482327,1.667,1.0,-0.0006932775577297434,0.0006932775577297434,False
27424,AQUA,2018-02-13 00:00:00+00:00,702.541676421089,0.667,1.0,-0.0007791271436872194,0.0007791271436872194,False
27424,AQUA,2018-02-14 00:00:00+00:00,702.5407660898532,1.333,1.0,-0.0009103312359002302,0.0009103312359002302,False
27424,AQUA,2018-02-15 00:00:00+00:00,702.5490595239944,4.667,1.0,0.008293434141251055,-0.008293434141251055,False
27424,AQUA,2018-02-16 00:00:00+00:00,702.551790512377,2.333,1.0,0.002730988382609212,-0.002730988382609212,False
27424,AQUA,2018-02-17 00:00:00+00:00,702.5509757467985,3.667,1.0,-0.0008147655785251118,0.0008147655785251118,False
27424,AQUA,2018-02-18 00:00:00+00:00,702.5501626012683,4.0,1.0,-0.0008131455301736423,0.0008131455301736423,False
27424,AQUA,2018-02-19 00:00:00+00:00,702.5494660823706,4.0,1.0,-0.0006965188977119396,0.0006965188977119396,False
27424,AQUA,2018-02-20 00:00:00+00:00,702.5485703269242,2.667,1.0,-0.0008957554464359418,0.0008957554464359418,False
27424,AQUA,2018-02-21 00:00:00+00:00,702.5475563256223,2.0,1.0,-0.0010140013018826721,0.0010140013018826721,False
27424,AQUA,2018-02-22 00:00:00+00:00,702.5467431810798,3.667,1.0,-0.0008131445424623962,0.0008131445424623962,False
27424,AQUA,2018-02-23 00:00:00+00:00,702.5458976405785,4.333,1.0,-0.0008455405013592099,0.0008455405013592099,False
27424,AQUA,2018-02-24 00:00:00+00:00,702.5451363303773,3.333,1.0,-0.000761310201141896,0.000761310201141896,False
27424,AQUA,2018-02-25 00:00:00+00:00,702.5441417680081,2.0,1.0,-0.000994562369214691,0.000994562369214691,False
27424,AQUA,2018-02-26 00:00:00+00:00,702.543817806396,3.0,1.0,-0.0003239616121391009,0.0003239616121391009,False
27424,AQUA,2018-02-27 00:00:00+00:00,702.5431958002114,5.333,1.0,-0.0006220061845851887,0.0006220061845851887,True
27424,AQUA,2018-02-28 00:00:00+00:00,702.5422854684894,2.333,1.0,-0.0009103317220251483,0.0009103317220251483,False
27424,AQUA,2018-03-01 00:00:00+00:00,702.5416602230189,2.667,1.0,-0.000625245470473601,0.000625245470473601,False
27424,AQUA,2018-03-02 00:00:00+00:00,702.5452626754768,2.667,1.0,0.0036024524579261197,-0.0036024524579261197,False
27424,AQUA,2018-03-03 00:00:00+00:00,702.5441676849405,2.667,1.0,-0.0010949905363304424,0.0010949905363304424,False
27424,AQUA,2018-03-04 00:00:00+00:00,702.5433707394341,2.667,1.0,-0.0007969455064085196,0.0007969455064085196,False
27424,AQUA,2018-03-05 00:00:00+00:00,702.5430645958027,1.333,1.0,-0.00030614363140557543,0.00030614363140557543,False
27424,AQUA,2018-03-06 00:00:00+00:00,702.5422579317715,2.0,1.0,-0.0008066640311881201,0.0008066640311881201,False
27424,AQUA,2018-03-07 00:00:00+00:00,702.5415533157811,2.667,1.0,-0.000704615990343882,0.000704615990343882,False
27424,AQUA,2018-03-08 00:00:00+00:00,702.5412617505935,1.667,1.0,-0.0002915651875809999,0.0002915651875809999,False
27424,AQUA,2018-03-09 00:00:00+00:00,702.5607610483326,4.333,1.0,0.01949929773900294,-0.01949929773900294,False
27424,AQUA,2018-03-10 00:00:00+00:00,702.5599430405,4.0,1.0,-0.0008180078325494833,0.0008180078325494833,False
27424,AQUA,2018-03-11 00:00:00+00:00,702.5592643371801,2.333,1.0,-0.0006787033198634163,0.0006787033198634163,False
27424,AQUA,2018-03-12 00:00:00+00:00,702.5584641477981,1.0,1.0,-0.0008001893820619443,0.0008001893820619443,False
27424,AQUA,2018-03-13 00:00:00+00:00,702.5573173180705,1.0,1.0,-0.0011468297275314399,0.0011468297275314399,False
27424,AQUA,2018-03-14 00:00:00+00:00,702.5566321361202,4.0,1.0,-0.0006851819503026491,0.0006851819503026491,False
27424,AQUA,2018-03-15 00:00:00+00:00,702.5196876301602,4.0,1.0,-0.03694450596003662,0.03694450596003662,False
27424,AQUA,2018-03-16 00:00:00+00:00,702.5187449100372,4.333,1.0,-0.0009427201230209903,0.0009427201230209903,False
27424,AQUA,2018-03-17 00:00:00+00:00,702.5177843725778,4.333,1.0,-0.0009605374593775196,0.0009605374593775196,False
27424,AQUA,2018-03-18 00:00:00+00:00,702.5168416531696,6.0,1.0,-0.0009427194081581547,0.0009427194081581547,True
27424,AQUA,2018-03-19 00:00:00+00:00,702.5158406215633,4.333,1.0,-0.0010010316063926439,0.0010010316063926439,False
27424,AQUA,2018-03-20 00:00:00+00:00,702.5150372048683,3.0,1.0,-0.0008034166949073551,0.0008034166949073551,False
27424,AQUA,2018-03-21 00:00:00+00:00,702.5142726633867,2.0,1.0,-0.0007645414816579432,0.0007645414816579432,False
27424,AQUA,2018-03-22 00:00:00+00:00,702.5133072680792,3.0,1.0,-0.0009653953075030586,0.0009653953075030586,False
27424,AQUA,2018-03-23 00:00:00+00:00,702.5122479252868,4.0,1.0,-0.00105934279235953,0.00105934279235953,False
27424,AQUA,2018-03-24 00:00:00+00:00,702.5114056346638,2.667,1.0,-0.0008422906230407534,0.0008422906230407534,False
27424,AQUA,2018-03-25 00:00:00+00:00,702.5103187561781,4.0,1.0,-0.0010868784856938873,0.0010868784856938873,False
27424,AQUA,2018-03-26 00:00:00+00:00,702.5093938569189,3.0,1.0,-0.0009248992591892602,0.0009248992591892602,False
27424,AQUA,2018-03-27 00:00:00+00:00,702.5085337494847,3.0,1.0,-0.0008601074341640924,0.0008601074341640924,False
27424,AQUA,2018-03-28 00:00:00+00:00,702.5078388606089,0.667,1.0,-0.0006948888758415706,0.0006948888758415706,False
27424,AQUA,2018-03-29 00:00:00+00:00,702.5196747003688,1.667,1.0,0.011835839759896771,-0.011835839759896771,False
27424,AQUA,2018-03-30 00:00:00+00:00,702.5322702190197,2.333,1.0,0.012595518650869053,-0.012595518650869053,False
27424,AQUA,2018-03-31 00:00:00+00:00,702.5313161561835,2.667,1.0,-0.0009540628361719428,0.0009540628361719428,False
27424,AQUA,2018-04-01 00:00:00+00:00,702.5304609014875,1.333,1.0,-0.0008552546960345353,0.0008552546960345353,False
27424,AQUA,2018-04-02 00:00:00+00:00,702.5297919240411,1.667,1.0,-0.0006689774463666254,0.0006689774463666254,False
27424,AQUA,2018-04-03 00:00:00+00:00,702.5291002695476,2.0,1.0,-0.0006916544934938429,0.0006916544934938429,False
27424,AQUA,2018-04-04 00:00:00+00:00,702.5279032379481,1.667,1.0,-0.0011970315995313285,0.0011970315995313285,False
27424,AQUA,2018-04-05 00:00:00+00:00,702.5270398852845,3.0,1.0,-0.0008633526636003808,0.0008633526636003808,False
27424,AQUA,2018-04-06 00:00:00+00:00,702.5261619547091,1.667,1.0,-0.0008779305753705557,0.0008779305753705557,False
27424,AQUA,2018-04-07 00:00:00+00:00,702.525548051392,2.0,1.0,-0.0006139033171166375,0.0006139033171166375,False
27424,AQUA,2018-04-08 00:00:00+00:00,702.5249211898217,2.333,1.0,-0.0006268615702538227,0.0006268615702538227,False
27424,AQUA,2018-04-09 00:00:00+00:00,702.5243445420956,4.333,1.0,-0.0005766477261204273,0.0005766477261204273,False
27424,AQUA,2018-04-10 00:00:00+00:00,702.5231361739261,4.0,1.0,-0.0012083681695003179,0.0012083681695003179,False
27424,AQUA,2018-04-11 00:00:00+00:00,702.5216330035191,4.333,1.0,-0.0015031704069770058,0.0015031704069770058,False
27424,AQUA,2018-04-12 00:00:00+00:00,702.5207161995459,3.0,1.0,-0.0009168039732685429,0.0009168039732685429,False
27424,AQUA,2018-04-13 00:00:00+00:00,702.5197945364926,3.667,1.0,-0.0009216630533046555,0.0009216630533046555,False
27424,AQUA,2018-04-14 00:00:00+00:00,702.5190413322789,2.0,1.0,-0.0007532042136517703,0.0007532042136517703,False
27424,AQUA,2018-04-15 00:00:00+00:00,702.5182573521924,2.333,1.0,-0.0007839800864530844,0.0007839800864530844,False
27424,AQUA,2018-04-16 00:00:00+00:00,702.5174344972966,1.0,1.0,-0.0008228548958868487,0.0008228548958868487,False
27424,AQUA,2018-04-17 00:00:00+00:00,702.5165484707422,1.0,1.0,-0.0008860265543262358,0.0008860265543262358,False
27424,AQUA,2018-04-18 00:00:00+00:00,702.5157175173781,2.0,1.0,-0.0008309533641295275,0.0008309533641295275,False
27424,AQUA,2018-04-19 00:00:00+00:00,702.5147747986584,1.0,1.0,-0.0009427187196706655,0.0009427187196706655,False
27424,AQUA,2018-04-20 00:00:00+00:00,702.466278660966,6.0,1.0,-0.048496137692382035,0.048496137692382035,True
27424,AQUA,2018-04-21 00:00:00+00:00,702.4651189104643,3.333,1.0,-0.001159750501756207,0.001159750501756207,False
27424,AQUA,2018-04-22 00:00:00+00:00,702.4638619746902,1.667,1.0,-0.0012569357741085696,0.0012569357741085696,False
27424,AQUA,2018-04-23 00:00:00+00:00,702.4629516684636,3.0,1.0,-0.0009103062266149209,0.0009103062266149209,False
27424,AQUA,2018-04-24 00:00:00+00:00,702.4621968596143,2.0,1.0,-0.0007548088492512761,0.0007548088492512761,False
27424,AQUA,2018-04-25 00:00:00+00:00,702.4616655779764,2.0,1.0,-0.0005312816379046126,0.0005312816379046126,False
27424,AQUA,2018-04-26 00:00:00+00:00,702.4606775239399,1.667,1.0,-0.0009880540364974877,0.0009880540364974877,False
27424,AQUA,2018-04-27 00:00:00+00:00,702.4595112966863,2.667,1.0,-0.0011662272536341334,0.0011662272536341334,False
27424,AQUA,2018-04-28 00:00:00+00:00,702.4586269080055,1.667,1.0,-0.0008843886807881063,0.0008843886807881063,False
27424,AQUA,2018-04-29 00:00:00+00:00,702.4576161784244,1.333,1.0,-0.0010107295811394579,0.0010107295811394579,False
27424,AQUA,2018-04-30 00:00:00+00:00,702.4570444036785,2.333,1.0,-0.0005717747458220401,0.0005717747458220401,False
27424,AQUA,2018-05-01 00:00:00+00:00,702.4566734790424,1.0,1.0,-0.0003709246361722762,0.0003709246361722762,False
27424,AQUA,2018-05-02 00:00:00+00:00,702.456155156493,2.0,1.0,-0.0005183225493965438,0.0005183225493965438,False
27424,AQUA,2018-05-03 00:00:00+00:00,702.5002226305942,1.333,1.0,0.0440674741012117,-0.0440674741012117,False
27424,AQUA,2018-05-04 00:00:00+00:00,702.499503447023,1.333,1.0,-0.0007191835711637395,0.0007191835711637395,False
27424,AQUA,2018-05-05 00:00:00+00:00,702.498586650212,5.667,1.0,-0.0009167968109977664,0.0009167968109977664,True
27424,AQUA,2018-05-06 00:00:00+00:00,702.496885879531,5.667,1.0,-0.0017007706810545642,0.0017007706810545642,True
27424,AQUA,2018-05-07 00:00:00+00:00,702.4959026725678,4.0,1.0,-0.0009832069631556806,0.0009832069631556806,False
27424,AQUA,2018-05-08 00:00:00+00:00,702.4951510944934,3.667,1.0,-0.000751578074414283,0.000751578074414283,False
27424,AQUA,2018-05-09 00:00:00+00:00,702.4943525430008,4.0,1.0,-0.0007985514926076576,0.0007985514926076576,False
27424,AQUA,2018-05-10 00:00:00+00:00,702.493393633601,3.333,1.0,-0.0009589093997419695,0.0009589093997419695,False
27424,AQUA,2018-05-11 00:00:00+00:00,702.4924930365542,3.667,1.0,-0.000900597046893381,0.000900597046893381,False
27424,AQUA,2018-05-12 00:00:00+00:00,702.4913332753122,3.667,1.0,-0.0011597612419791403,0.0011597612419791403,False
27424,AQUA,2018-05-13 00:00:00+00:00,702.4899532248533,2.333,1.0,-0.001380050458919868,0.001380050458919868,False
27424,AQUA,2018-05-14 00:00:00+00:00,702.4889003698918,2.0,1.0,-0.001052854961471894,0.001052854961471894,False
27424,AQUA,2018-05-15 00:00:00+00:00,702.4881163981654,1.333,1.0,-0.0007839717263777857,0.0007839717263777857,False
27424,AQUA,2018-05-16 00:00:00+00:00,702.4870926998469,1.333,1.0,-0.0010236983184768178,0.0010236983184768178,False
27424,AQUA,2018-05-17 00:00:00+00:00,702.4864966225186,3.0,1.0,-0.0005960773282822629,0.0005960773282822629,False
27424,AQUA,2018-05-18 00:00:00+00:00,702.4855765903776,1.667,1.0,-0.0009200321410389734,0.0009200321410389734,False
27424,AQUA,2018-05-19 00:00:00+00:00,702.4845593720756,1.0,1.0,-0.0010172183019676595,0.0010172183019676595,False
27424,AQUA,2018-05-20 00:00:00+00:00,702.4838142761032,1.0,1.0,-0.0007450959724337736,0.0007450959724337736,False
27424,AQUA,2018-05-21 00:00:00+00:00,702.4829638950714,1.0,1.0,-0.0008503810317961324,0.0008503810317961324,False
27424,AQUA,2018-05-22 00:00:00+00:00,702.4817636434186,2.0,1.0,-0.0012002516527900298,0.0012002516527900298,False
27424,AQUA,2018-05-23 00:00:00+00:00,702.4956921385769,3.333,1.0,0.01392849515832495,-0.01392849515832495,False
27424,AQUA,2018-05-24 00:00:00+00:00,702.5100450118798,1.333,1.0,0.01435287330286883,-0.01435287330286883,False
27424,AQUA,2018-05-25 00:00:00+00:00,702.5095218201982,1.333,1.0,-0.0005231916816228477,0.0005231916816228477,False
27424,AQUA,2018-05-26 00:00:00+00:00,702.5088204519425,1.333,1.0,-0.0007013682557044376,0.0007013682557044376,False
27424,AQUA,2018-05-27 00:00:00+00:00,702.5083053594126,1.333,1.0,-0.0005150925298949005,0.0005150925298949005,False
27424,AQUA,2018-05-28 00:00:00+00:00,702.5071148157508,1.667,1.0,-0.0011905436617780651,0.0011905436617780651,False
27424,AQUA,2018-05-29 00:00:00+00:00,702.5061089282208,1.667,1.0,-0.001005887530027394,0.001005887530027394,False
27424,AQUA,2018-05-30 00:00:00+00:00,702.5054545345952,1.667,1.0,-0.000654393625609373,0.000654393625609373,False
27424,AQUA,2018-05-31 00:00:00+00:00,702.5046138657794,4.333,1.0,-0.0008406688157265307,0.0008406688157265307,False
27424,AQUA,2018-06-01 00:00:00+00:00,702.5034233236593,4.667,1.0,-0.0011905421201845456,0.0011905421201845456,False
27424,AQUA,2018-06-02 00:00:00+00:00,702.5028515396634,4.0,1.0,-0.0005717839958379045,0.0005717839958379045,False
27424,AQUA,2018-06-03 00:00:00+00:00,702.5021145378064,2.667,1.0,-0.0007370018570327375,0.0007370018570327375,False
27424,AQUA,2018-06-04 00:00:00+00:00,702.5010875948647,1.333,1.0,-0.0010269429417348874,0.0010269429417348874,False
27424,AQUA,2018-06-05 00:00:00+00:00,702.5001756568895,1.667,1.0,-0.0009119379751609813,0.0009119379751609813,False
27424,AQUA,2018-06-06 00:00:00+00:00,702.4992297037811,3.667,1.0,-0.000945953108384856,0.000945953108384856,False
27424,AQUA,2018-06-07 00:00:00+00:00,702.498071559562,2.667,1.0,-0.0011581442190617963,0.0011581442190617963,False
27424,AQUA,2018-06-08 00:00:00+00:00,702.4974074491015,2.0,1.0,-0.0006641104605478176,0.0006641104605478176,False
27424,AQUA,2018-06-09 00:00:00+00:00,702.4967530574831,1.333,1.0,-0.0006543916183545662,0.0006543916183545662,False
27424,AQUA,2018-06-10 00:00:00+00:00,702.4960824682112,1.0,1.0,-0.0006705892719764961,0.0006705892719764961,False
27424,AQUA,2018-06-11 00:00:00+00:00,702.495528503282,1.333,1.0,-0.0005539649291677051,0.0005539649291677051,False
27424,AQUA,2018-06-12 00:00:00+00:00,702.495201307675,1.667,1.0,-0.0003271956070420856,0.0003271956070420856,False
27424,AQUA,2018-06-13 00:00:00+00:00,702.4943347254284,2.0,1.0,-0.0008665822465445672,0.0008665822465445672,False
27424,AQUA,2018-06-14 00:00:00+00:00,702.493383914928,1.333,1.0,-0.0009508105003988021,0.0009508105003988021,False
27424,AQUA,2018-06-15 00:00:00+00:00,702.4928072736252,1.0,1.0,-0.000576641302814096,0.000576641302814096,False
27424,AQUA,2018-06-16 00:00:00+00:00,702.4920880919385,0.667,1.0,-0.0007191816866907175,0.0007191816866907175,False
27424,AQUA,2018-06-17 00:00:00+00:00,702.491472576221,1.667,1.0,-0.0006155157175271597,0.0006155157175271597,False
27424,AQUA,2018-06-18 00:00:00+00:00,702.4908586804177,4.0,1.0,-0.0006138958033261588,0.0006138958033261588,False
27424,AQUA,2018-06-19 00:00:00+00:00,702.4901686552171,2.333,1.0,-0.0006900252005834773,0.0006900252005834773,False
27424,AQUA,2018-06-20 00:00:00+00:00,702.5024109883107,2.333,1.0,0.012242333093581692,-0.012242333093581692,False
27424,AQUA,2018-06-21 00:00:00+00:00,702.5154956059091,1.0,1.0,0.013084617598451587,-0.013084617598451587,False
27424,AQUA,2018-06-22 00:00:00+00:00,702.5146144393225,1.333,1.0,-0.0008811665866232943,0.0008811665866232943,False
27424,AQUA,2018-06-23 00:00:00+00:00,702.5133623409911,4.0,1.0,-0.0012520983314061596,0.0012520983314061596,False
27424,AQUA,2018-06-24 00:00:00+00:00,702.512510331263,2.667,1.0,-0.0008520097280779737,0.0008520097280779737,False
27424,AQUA,2018-06-25 00:00:00+00:00,702.512019534925,5.0,1.0,-0.0004907963379991997,0.0004907963379991997,True
27424,AQUA,2018-06-26 00:00:00+00:00,702.5109634321961,4.667,1.0,-0.0010561027288531477,0.0010561027288531477,False
27424,AQUA,2018-06-27 00:00:00+00:00,702.5102069907493,2.667,1.0,-0.0007564414468106406,0.0007564414468106406,False
27424,AQUA,2018-06-28 00:00:00+00:00,702.5098895121778,1.667,1.0,-0.0003174785715600592,0.0003174785715600592,False
27424,AQUA,2018-06-29 00:00:00+00:00,702.5089095402764,1.333,1.0,-0.0009799719014154107,0.0009799719014154107,False
27424,AQUA,2018-06-30 00:00:00+00:00,702.5079992195688,1.0,1.0,-0.0009103207075895625,0.0009103207075895625,False
27424,AQUA,2018-07-01 00:00:00+00:00,702.5074160961371,0.667,1.0,-0.0005831234316246992,0.0005831234316246992,False
27424,AQUA,2018-07-02 00:00:00+00:00,702.5067746605041,1.0,1.0,-0.0006414356330424198,0.0006414356330424198,False
27424,AQUA,2018-07-03 00:00:00+00:00,702.5062790057927,1.667,1.0,-0.000495654711357929,0.000495654711357929,False
27424,AQUA,2018-07-04 00:00:00+00:00,702.5060344180438,1.333,1.0,-0.0002445877489662962,0.0002445877489662962,False
27424,AQUA,2018-07-05 00:00:00+00:00,702.5056424297786,4.667,1.0,-0.0003919882651644002,0.0003919882651644002,False
27424,AQUA,2018-07-06 00:00:00+00:00,702.5046980946272,3.667,1.0,-0.0009443351514164533,0.0009443351514164533,False
27424,AQUA,2018-07-07 00:00:00+00:00,702.5040032066954,2.0,1.0,-0.0006948879317860701,0.0006948879317860701,False
27424,AQUA,2018-07-08 00:00:00+00:00,702.5031414811046,1.333,1.0,-0.0008617255907665822,0.0008617255907665822,False
27424,AQUA,2018-07-09 00:00:00+00:00,702.5026911809955,0.667,1.0,-0.00045030010915070307,0.00045030010915070307,False
27424,AQUA,2018-07-10 00:00:00+00:00,702.5019687572312,2.333,1.0,-0.0007224237642731168,0.0007224237642731168,False
27424,AQUA,2018-07-11 00:00:00+00:00,702.5016318421731,2.667,1.0,-0.0003369150581420399,0.0003369150581420399,False
27424,AQUA,2018-07-12 00:00:00+00:00,702.6273168977059,2.667,1.0,0.12568505553281284,-0.12568505553281284,False
27424,AQUA,2018-07-13 00:00:00+00:00,702.6266430378109,2.667,1.0,-0.0006738598949596053,0.0006738598949596053,False
27424,AQUA,2018-07-14 00:00:00+00:00,702.6260534105331,1.667,1.0,-0.0005896272778045386,0.0005896272778045386,False
27424,AQUA,2018-07-15 00:00:00+00:00,702.625206226508,1.333,1.0,-0.0008471840251331741,0.0008471840251331741,False
27424,AQUA,2018-07-16 00:00:00+00:00,702.6242035367422,2.667,1.0,-0.001002689765755349,0.001002689765755349,False
27424,AQUA,2018-07-17 00:00:00+00:00,702.6237224401675,3.0,1.0,-0.0004810965747310547,0.0004810965747310547,False
27424,AQUA,2018-07-18 00:00:00+00:00,702.6231473921771,1.0,1.0,-0.0005750479904236272,0.0005750479904236272,False
27424,AQUA,2018-07-19 00:00:00+00:00,702.6224540950388,1.0,1.0,-0.0006932971382411779,0.0006932971382411779,False
27424,AQUA,2018-07-20 00:00:00+00:00,702.6220199744876,2.0,1.0,-0.00043412055129010696,0.00043412055129010696,False
27424,AQUA,2018-07-21 00:00:00+00:00,702.621300759989,3.333,1.0,-0.0007192144985310733,0.0007192144985310733,False
27424,AQUA,2018-07-22 00:00:00+00:00,702.6204940736752,1.333,1.0,-0.0008066863138083136,0.0008066863138083136,False
27424,AQUA,2018-07-23 00:00:00+00:00,702.6197133052092,1.0,1.0,-0.000780768466029258,0.000780768466029258,False
27424,AQUA,2018-07-24 00:00:00+00:00,702.6191657955055,4.0,1.0,-0.0005475097036651277,0.0005475097036651277,False
27424,AQUA,2018-07-25 00:00:00+00:00,702.6183429112889,3.333,1.0,-0.0008228842166317918,0.0008228842166317918,False
27424,AQUA,2018-07-26 00:00:00+00:00,702.6180254205938,1.333,1.0,-0.00031749069512443384,0.00031749069512443384,False
27424,AQUA,2018-07-27 00:00:00+00:00,702.6176949711316,1.667,1.0,-0.0003304494621261256,0.0003304494621261256,False
27424,AQUA,2018-07-28 00:00:00+00:00,702.6172819093595,2.0,1.0,-0.00041306177217848017,0.00041306177217848017,False
27424,AQUA,2018-07-29 00:00:00+00:00,702.6168623682479,1.333,1.0,-0.000419541111568833,0.000419541111568833,False
27424,AQUA,2018-07-30 00:00:00+00:00,702.6166145312591,2.0,1.0,-0.000247836988819472,0.000247836988819472,False
27424,AQUA,2018-07-31 00:00:00+00:00,702.6157090354795,2.333,1.0,-0.0009054957795342489,0.0009054957795342489,False
27424,AQUA,2018-08-01 00:00:00+00:00,702.6149185492427,2.333,1.0,-0.0007904862368377508,0.0007904862368377508,False
27424,AQUA,2018-08-02 00:00:00+00:00,702.5445006076957,2.667,1.0,-0.07041794154702075,0.07041794154702075,False
27424,AQUA,2018-08-03 00:00:00+00:00,702.475336393572,2.667,1.0,-0.06916421412370255,0.06916421412370255,False
27424,AQUA,2018-08-04 00:00:00+00:00,702.4747889117616,2.0,1.0,-0.0005474818103721191,0.0005474818103721191,False
27424,AQUA,2018-08-05 00:00:00+00:00,702.4743807301338,2.0,1.0,-0.0004081816277903272,0.0004081816277903272,False
27424,AQUA,2018-08-06 00:00:00+00:00,702.4739887462506,1.0,1.0,-0.0003919838832189271,0.0003919838832189271,False
27424,AQUA,2018-08-07 00:00:00+00:00,702.4731043530455,3.0,1.0,-0.0008843932050695003,0.0008843932050695003,False
27424,AQUA,2018-08-08 00:00:00+00:00,702.4726540577121,1.667,1.0,-0.00045029533339402406,0.00045029533339402406,False
27424,AQUA,2018-08-09 00:00:00+00:00,702.4719964322821,1.333,1.0,-0.0006576254299943685,0.0006576254299943685,False
27424,AQUA,2018-08-10 00:00:00+00:00,702.4715428976065,1.333,1.0,-0.00045353467567110783,0.00045353467567110783,False
27424,AQUA,2018-08-11 00:00:00+00:00,702.4709533026034,3.667,1.0,-0.0005895950030208041,0.0005895950030208041,False
27424,AQUA,2018-08-12 00:00:00+00:00,702.4704673727638,2.0,1.0,-0.00048592983966955217,0.00048592983966955217,False
27424,AQUA,2018-08-13 00:00:00+00:00,702.4697287595582,1.333,1.0,-0.0007386132056126371,0.0007386132056126371,False
27424,AQUA,2018-08-14 00:00:00+00:00,702.4693869890402,1.333,1.0,-0.0003417705179344921,0.0003417705179344921,False
27424,AQUA,2018-08-15 00:00:00+00:00,702.4691100091723,4.0,1.0,-0.000276979867976479,0.000276979867976479,False
27424,AQUA,2018-08-16 00:00:00+00:00,702.4683892137718,3.667,1.0,-0.0007207954004115891,0.0007207954004115891,False
27424,AQUA,2018-08-17 00:00:00+00:00,702.4674465107792,4.0,1.0,-0.0009427029926882824,0.0009427029926882824,False
27424,AQUA,2018-08-18 00:00:00+00:00,702.466769449391,3.333,1.0,-0.0006770613881599274,0.0006770613881599274,False
27424,AQUA,2018-08-19 00:00:00+00:00,702.46608428934,2.667,1.0,-0.0006851600510344724,0.0006851600510344724,False
27424,AQUA,2018-08-20 00:00:00+00:00,702.4653618749107,4.0,1.0,-0.0007224144292194978,0.0007224144292194978,False
27424,AQUA,2018-08-21 00:00:00+00:00,702.4651869405025,2.667,1.0,-0.0001749344082782045,0.0001749344082782045,False
27424,AQUA,2018-08-22 00:00:00+00:00,702.4645066401304,2.333,1.0,-0.0006803003720960987,0.0006803003720960987,False
27424,AQUA,2018-08-23 00:00:00+00:00,702.4639996544861,1.667,1.0,-0.0005069856442787568,0.0005069856442787568,False
27424,AQUA,2018-08-24 00:00:00+00:00,702.4635315432256,2.667,1.0,-0.0004681112604885129,0.0004681112604885129,False
27424,AQUA,2018-08-25 00:00:00+00:00,702.4628075096844,4.333,1.0,-0.0007240335412461718,0.0007240335412461718,False
27424,AQUA,2018-08-26 00:00:00+00:00,702.4609885179552,7.333,1.0,-0.001818991729123809,0.001818991729123809,True
27424,AQUA,2018-08-27 00:00:00+00:00,702.4606580868149,5.667,1.0,-0.00033043114035535837,0.00033043114035535837,True
27424,AQUA,2018-08-28 00:00:00+00:00,702.4596182008318,3.667,1.0,-0.0010398859831184382,0.0010398859831184382,False
27424,AQUA,2018-08-29 00:00:00+00:00,702.459188964523,2.333,1.0,-0.0004292363087188278,0.0004292363087188278,False
27424,AQUA,2018-08-30 00:00:00+00:00,702.4586884588571,1.667,1.0,-0.000500505665968376,0.000500505665968376,False
27424,AQUA,2018-08-31 00:00:00+00:00,702.4581085851019,2.333,1.0,-0.0005798737552140665,0.0005798737552140665,False
27424,AQUA,2018-09-01 00:00:00+00:00,702.4572727896193,2.0,1.0,-0.0008357954825441993,0.0008357954825441993,False
27424,AQUA,2018-09-02 00:00:00+00:00,702.456360865744,2.0,1.0,-0.0009119238752646197,0.0009119238752646197,False
27424,AQUA,2018-09-03 00:00:00+00:00,702.4557988097949,1.333,1.0,-0.0005620559491035237,0.0005620559491035237,False
27424,AQUA,2018-09-04 00:00:00+00:00,702.4550715387177,3.0,1.0,-0.0007272710772667779,0.0007272710772667779,False
27424,AQUA,2018-09-06 00:00:00+00:00,702.45447060886,2.0,2.0,-0.000600929857682786,0.000300464928841393,False
27424,AQUA,2018-09-07 00:00:00+00:00,702.4541369389672,2.333,1.0,-0.00033366989282512804,0.00033366989282512804,False
27424,AQUA,2018-09-08 00:00:00+00:00,702.4533222014834,2.333,1.0,-0.0008147374837790267,0.0008147374837790267,False
27424,AQUA,2018-09-09 00:00:00+00:00,702.4527066941914,2.667,1.0,-0.0006155072919682425,0.0006155072919682425,False
27424,AQUA,2018-09-10 00:00:00+00:00,702.4520004807296,5.0,1.0,-0.000706213461853622,0.000706213461853622,True
27424,AQUA,2018-09-11 00:00:00+00:00,702.45087799043,6.0,1.0,-0.0011224902996218589,0.0011224902996218589,True
27424,AQUA,2018-09-12 00:00:00+00:00,702.4503548096777,4.0,1.0,-0.0005231807522250165,0.0005231807522250165,False
27424,AQUA,2018-09-13 00:00:00+00:00,702.4499190957467,4.0,1.0,-0.00043571393098318367,0.00043571393098318367,False
27424,AQUA,2018-09-14 00:00:00+00:00,702.4491804879044,4.333,1.0,-0.0007386078423223807,0.0007386078423223807,False
27424,AQUA,2018-09-15 00:00:00+00:00,702.4484451197595,2.667,1.0,-0.0007353681448876159,0.0007353681448876159,False
27424,AQUA,2018-09-16 00:00:00+00:00,702.4477000332881,2.333,1.0,-0.0007450864713973715,0.0007450864713973715,False
27424,AQUA,2018-09-17 00:00:00+00:00,702.4469095939494,3.333,1.0,-0.0007904393387434538,0.0007904393387434538,False
27424,AQUA,2018-09-18 00:00:00+00:00,702.4462147202039,2.333,1.0,-0.0006948737454877119,0.0006948737454877119,False
27424,AQUA,2018-09-19 00:00:00+00:00,702.4455554811484,2.333,1.0,-0.000659239055494254,0.000659239055494254,False
27424,AQUA,2018-09-20 00:00:00+00:00,702.4449237780377,0.667,1.0,-0.0006317031106846116,0.0006317031106846116,False
27424,AQUA,2018-09-21 00:00:00+00:00,702.4441722134843,4.333,1.0,-0.0007515645534112991,0.0007515645534112991,False
27424,AQUA,2018-09-22 00:00:00+00:00,702.4439972803862,4.667,1.0,-0.0001749330981510866,0.0001749330981510866,False
27424,AQUA,2018-09-23 00:00:00+00:00,702.4431226150596,3.333,1.0,-0.0008746653265916393,0.0008746653265916393,False
27424,AQUA,2018-09-24 00:00:00+00:00,702.4422981622379,2.333,1.0,-0.0008244528216891922,0.0008244528216891922,False
27424,AQUA,2018-09-25 00:00:00+00:00,702.4415287811371,3.0,1.0,-0.0007693811007811746,0.0007693811007811746,False
27424,AQUA,2018-09-26 00:00:00+00:00,702.4807612797167,2.667,1.0,0.03923249857962219,-0.03923249857962219,False
27424,AQUA,2018-09-27 00:00:00+00:00,702.5203890010271,2.333,1.0,0.03962772131035308,-0.03962772131035308,False
27424,AQUA,2018-09-28 00:00:00+00:00,702.5198512292845,3.0,1.0,-0.000537771742529003,0.000537771742529003,False
27424,AQUA,2018-09-29 00:00:00+00:00,702.5194122650905,3.333,1.0,-0.000438964194017899,0.000438964194017899,False
27424,AQUA,2018-09-30 00:00:00+00:00,702.5186056077964,2.333,1.0,-0.0008066572941061168,0.0008066572941061168,False
27424,AQUA,2018-10-01 00:00:00+00:00,702.518033820721,3.667,1.0,-0.0005717870753869647,0.0005717870753869647,False
27424,AQUA,2018-10-02 00:00:00+00:00,702.517269278429,3.667,1.0,-0.0007645422920177225,0.0007645422920177225,False
27424,AQUA,2018-10-03 00:00:00+00:00,702.516470720715,2.333,1.0,-0.000798557714006165,0.000798557714006165,False
27424,AQUA,2018-10-04 00:00:00+00:00,702.5156187100943,1.667,1.0,-0.0008520106207470235,0.0008520106207470235,False
27424,AQUA,2018-10-05 00:00:00+00:00,702.5147456424143,3.0,1.0,-0.0008730676800041692,0.0008730676800041692,False
27424,AQUA,2018-10-06 00:00:00+00:00,702.5138126427619,3.0,1.0,-0.0009329996523774753,0.0009329996523774753,False
27424,AQUA,2018-10-07 00:00:00+00:00,702.5130740182558,5.333,1.0,-0.0007386245060843066,0.0007386245060843066,True
27424,AQUA,2018-10-08 00:00:00+00:00,702.5127468206224,4.333,1.0,-0.00032719763339628116,0.00032719763339628116,False
27424,AQUA,2018-10-09 00:00:00+00:00,702.5120243942979,3.667,1.0,-0.0007224263245007023,0.0007224263245007023,False
27424,AQUA,2018-10-10 00:00:00+00:00,702.5110055467089,4.667,1.0,-0.0010188475889663096,0.0010188475889663096,False
27424,AQUA,2018-10-11 00:00:00+00:00,702.5099899390666,3.0,1.0,-0.0010156076423299965,0.0010156076423299965,False
27424,AQUA,2018-10-12 00:00:00+00:00,702.5092642738618,1.667,1.0,-0.0007256652047544776,0.0007256652047544776,False
27424,AQUA,2018-10-13 00:00:00+00:00,702.5080494329759,4.333,1.0,-0.0012148408859502524,0.0012148408859502524,False
27424,AQUA,2018-10-14 00:00:00+00:00,702.5068637487743,2.0,1.0,-0.0011856842015731672,0.0011856842015731672,False
27424,AQUA,2018-10-15 00:00:00+00:00,702.5059307517186,3.0,1.0,-0.0009329970557701017,0.0009329970557701017,False
27424,AQUA,2018-10-16 00:00:00+00:00,702.5050188121868,2.0,1.0,-0.0009119395317611634,0.0009119395317611634,False
27424,AQUA,2018-10-17 00:00:00+00:00,702.5043595594557,1.667,1.0,-0.0006592527311113372,0.0006592527311113372,False
27424,AQUA,2018-10-18 00:00:00+00:00,702.5036306561246,0.333,1.0,-0.0007289033310371451,0.0007289033310371451,False
27424,AQUA,2018-10-19 00:00:00+00:00,702.5027494932419,0.667,1.0,-0.0008811628827061213,0.0008811628827061213,False
27424,AQUA,2018-10-20 00:00:00+00:00,702.5019007263027,0.333,1.0,-0.0008487669392707176,0.0008487669392707176,False
27424,AQUA,2018-10-21 00:00:00+00:00,702.5013921141781,2.0,1.0,-0.0005086121245767572,0.0005086121245767572,False
27424,AQUA,2018-10-22 00:00:00+00:00,702.5002971406129,2.667,1.0,-0.0010949735651593073,0.0010949735651593073,False
27424,AQUA,2018-10-23 00:00:00+00:00,702.4996524670278,1.0,1.0,-0.0006446735851568519,0.0006446735851568519,False
27424,AQUA,2018-10-24 00:00:00+00:00,702.4991470948721,1.333,1.0,-0.0005053721556578239,0.0005053721556578239,False
27424,AQUA,2018-10-25 00:00:00+00:00,702.4982529751223,2.0,1.0,-0.000894119749773381,0.000894119749773381,False
27424,AQUA,2018-10-26 00:00:00+00:00,702.4976601350172,2.333,1.0,-0.0005928401051278342,0.0005928401051278342,False
27424,AQUA,2018-10-27 00:00:00+00:00,702.4968210882939,1.667,1.0,-0.000839046723285719,0.000839046723285719,False
27424,AQUA,2018-10-28 00:00:00+00:00,702.4957682307822,1.333,1.0,-0.0010528575116950378,0.0010528575116950378,False
27424,AQUA,2018-10-29 00:00:00+00:00,702.4947477692708,0.333,1.0,-0.0010204615114162152,0.0010204615114162152,False
27424,AQUA,2018-10-30 00:00:00+00:00,702.494072321133,2.0,1.0,-0.0006754481378266064,0.0006754481378266064,False
27424,AQUA,2018-10-31 00:00:00+00:00,702.4935750488762,1.667,1.0,-0.0004972722567799792,0.0004972722567799792,False
27424,AQUA,2018-11-01 00:00:00+00:00,702.4927910758415,2.0,1.0,-0.0007839730346859142,0.0007839730346859142,False
27424,AQUA,2018-11-02 00:00:00+00:00,702.4920735139303,2.667,1.0,-0.0007175619111876586,0.0007175619111876586,False
27424,AQUA,2018-11-03 00:00:00+00:00,702.4914385608872,2.0,1.0,-0.0006349530431180028,0.0006349530431180028,False
27424,AQUA,2018-11-04 00:00:00+00:00,702.4904958502484,5.333,1.0,-0.0009427106388102402,0.0009427106388102402,True
27424,AQUA,2018-11-05 00:00:00+00:00,702.4891158001838,5.667,1.0,-0.0013800500646539149,0.0013800500646539149,True
27424,AQUA,2018-11-06 00:00:00+00:00,702.4883690832357,3.667,1.0,-0.0007467169480150915,0.0007467169480150915,False
27424,AQUA,2018-11-07 00:00:00+00:00,702.4873129893194,3.333,1.0,-0.0010560939163042349,0.0010560939163042349,False
27424,AQUA,2018-11-08 00:00:00+00:00,702.4865808508293,4.0,1.0,-0.0007321384900933481,0.0007321384900933481,False
27424,AQUA,2018-11-09 00:00:00+00:00,702.4859653363083,4.0,1.0,-0.0006155145210868795,0.0006155145210868795,False
27424,AQUA,2018-11-10 00:00:00+00:00,702.4853546812719,4.333,1.0,-0.0006106550363256247,0.0006106550363256247,False
27424,AQUA,2018-11-11 00:00:00+00:00,702.4840637212601,3.0,1.0,-0.0012909600118291564,0.0012909600118291564,False
27424,AQUA,2018-11-12 00:00:00+00:00,702.4829395984684,3.333,1.0,-0.001124122791679838,0.001124122791679838,False
27424,AQUA,2018-11-13 00:00:00+00:00,702.482129712022,2.0,1.0,-0.0008098864464045619,0.0008098864464045619,False
27424,AQUA,2018-11-14 00:00:00+00:00,702.4811659474653,1.333,1.0,-0.000963764556672686,0.000963764556672686,False
27424,AQUA,2018-11-15 00:00:00+00:00,702.480299369482,0.667,1.0,-0.0008665779832881526,0.0008665779832881526,False
27424,AQUA,2018-11-16 00:00:00+00:00,702.5251479614326,1.0,1.0,0.04484859195054014,-0.04484859195054014,False
27424,AQUA,2018-11-17 00:00:00+00:00,702.524282989817,0.667,1.0,-0.0008649716155559872,0.0008649716155559872,False
27424,AQUA,2018-11-18 00:00:00+00:00,702.5235330240102,1.0,1.0,-0.0007499658067899873,0.0007499658067899873,False
27424,AQUA,2018-11-19 00:00:00+00:00,702.5227458030881,1.667,1.0,-0.0007872209221204685,0.0007872209221204685,False
27424,AQUA,2018-11-20 00:00:00+00:00,702.521723712056,3.0,1.0,-0.0010220910321550036,0.0010220910321550036,False
27424,AQUA,2018-11-21 00:00:00+00:00,702.5206935224196,2.667,1.0,-0.0010301896363671403,0.0010301896363671403,False
27424,AQUA,2018-11-22 00:00:00+00:00,702.5202221622067,1.0,1.0,-0.000471360212941363,0.000471360212941363,False
27424,AQUA,2018-11-23 00:00:00+00:00,702.519383108805,1.0,1.0,-0.0008390534017053142,0.0008390534017053142,False
27424,AQUA,2018-11-24 00:00:00+00:00,702.5186201859242,1.667,1.0,-0.0007629228807672916,0.0007629228807672916,False
27424,AQUA,2018-11-25 00:00:00+00:00,702.51821199798,1.0,1.0,-0.000408187944231031,0.000408187944231031,False
27424,AQUA,2018-11-26 00:00:00+00:00,702.5172887159424,0.667,1.0,-0.0009232820375473239,0.0009232820375473239,False
27424,AQUA,2018-11-27 00:00:00+00:00,702.5162714862563,2.333,1.0,-0.0010172296861128416,0.0010172296861128416,False
27424,AQUA,2018-11-28 00:00:00+00:00,702.5157434340581,1.0,1.0,-0.0005280521982058417,0.0005280521982058417,False
27424,AQUA,2018-11-29 00:00:00+00:00,702.5148217726155,2.0,1.0,-0.0009216614425895386,0.0009216614425895386,False
27424,AQUA,2018-11-30 00:00:00+00:00,702.5136539032751,1.333,1.0,-0.0011678693404064688,0.0011678693404064688,False
27424,AQUA,2018-12-01 00:00:00+00:00,702.5130124662255,3.0,1.0,-0.0006414370495804178,0.0006414370495804178,False
27424,AQUA,2018-12-02 00:00:00+00:00,702.5124520188215,3.667,1.0,-0.0005604474040410423,0.0005604474040410423,False
27424,AQUA,2018-12-03 00:00:00+00:00,702.5116372645593,3.0,1.0,-0.000814754262137285,0.000814754262137285,False
27424,AQUA,2018-12-04 00:00:00+00:00,702.5110589997494,3.0,1.0,-0.0005782648099739163,0.0005782648099739163,False
27424,AQUA,2018-12-05 00:00:00+00:00,702.5107447606701,2.0,1.0,-0.00031423907921634964,0.00031423907921634964,False
27424,AQUA,2018-12-06 00:00:00+00:00,702.5097323927057,2.0,1.0,-0.0010123679644493677,0.0010123679644493677,False
27424,AQUA,2018-12-07 00:00:00+00:00,702.5086989678439,3.333,1.0,-0.0010334248618164565,0.0010334248618164565,False
27424,AQUA,2018-12-08 00:00:00+00:00,702.5079004125291,3.333,1.0,-0.0007985553147591418,0.0007985553147591418,False
27424,AQUA,2018-12-09 00:00:00+00:00,702.5068799466426,3.667,1.0,-0.001020465886540478,0.001020465886540478,False
27424,AQUA,2018-12-10 00:00:00+00:00,702.5060020223164,3.0,1.0,-0.0008779243262324599,0.0008779243262324599,False
27424,AQUA,2018-12-11 00:00:00+00:00,702.5055258051771,2.667,1.0,-0.00047621713929402176,0.00047621713929402176,False
27424,AQUA,2018-12-12 00:00:00+00:00,702.50504634856,2.0,1.0,-0.0004794566170858161,0.0004794566170858161,False
27424,AQUA,2018-12-13 00:00:00+00:00,702.5203048170347,1.0,1.0,0.015258468474712572,-0.015258468474712572,False
27424,AQUA,2018-12-14 00:00:00+00:00,702.536322964911,0.667,1.0,0.01601814787636613,-0.01601814787636613,False
27424,AQUA,2018-12-15 00:00:00+00:00,702.5351550866949,0.333,1.0,-0.0011678782161652634,0.0011678782161652634,False
27424,AQUA,2018-12-16 00:00:00+00:00,702.5340212248202,0.667,1.0,-0.0011338618746776774,0.0011338618746776774,False
27424,AQUA,2018-12-17 00:00:00+00:00,702.533726420817,2.333,1.0,-0.00029480400326065137,0.00029480400326065137,False
27424,AQUA,2018-12-18 00:00:00+00:00,702.533196745554,2.667,1.0,-0.0005296752628964896,0.0005296752628964896,False
27424,AQUA,2018-12-19 00:00:00+00:00,702.532556923873,2.0,1.0,-0.0006398216810339363,0.0006398216810339363,False
27424,AQUA,2018-12-20 00:00:00+00:00,702.5317697004457,3.0,1.0,-0.0007872234273236245,0.0007872234273236245,False
27424,AQUA,2018-12-21 00:00:00+00:00,702.5312934789727,2.0,1.0,-0.0004762214730362757,0.0004762214730362757,False
27424,AQUA,2018-12-22 00:00:00+00:00,702.5306099231202,1.0,1.0,-0.0006835558524471708,0.0006835558524471708,False
27424,AQUA,2018-12-23 00:00:00+00:00,702.5294452868711,0.667,1.0,-0.0011646362490864703,0.0011646362490864703,False
27424,AQUA,2018-12-24 00:00:00+00:00,702.5288670184236,1.333,1.0,-0.000578268447497976,0.000578268447497976,False
27424,AQUA,2018-12-25 00:00:00+00:00,702.5281607859715,1.667,1.0,-0.000706232452102995,0.000706232452102995,False
27424,AQUA,2018-12-26 00:00:00+00:00,702.5275242050357,1.0,1.0,-0.0006365809358612751,0.0006365809358612751,False
27424,AQUA,2018-12-27 00:00:00+00:00,702.5272617976707,2.333,1.0,-0.00026240736497129546,0.00026240736497129546,False
27424,AQUA,2018-12-28 00:00:00+00:00,702.526664092089,4.333,1.0,-0.0005977055816401844,0.0005977055816401844,False
27424,AQUA,2018-12-29 00:00:00+00:00,702.5256986925606,3.0,1.0,-0.0009653995284679695,0.0009653995284679695,False
27424,AQUA,2018-12-30 00:00:00+00:00,702.5246976578237,3.0,1.0,-0.0010010347368734074,0.0010010347368734074,False
27424,AQUA,2018-12-31 00:00:00+00:00,702.5241048121798,3.0,1.0,-0.000592845643950568,0.000592845643950568,False
27424,AQUA,2019-01-01 00:00:00+00:00,702.5232689972127,2.667,1.0,-0.0008358149671039428,0.0008358149671039428,False
27424,AQUA,2019-01-02 00:00:00+00:00,702.5225417088127,0.333,1.0,-0.0007272883999576152,0.0007272883999576152,False
27424,AQUA,2019-01-03 00:00:00+00:00,702.5220557701159,1.0,1.0,-0.0004859386967837054,0.0004859386967837054,False
27424,AQUA,2019-01-04 00:00:00+00:00,702.5215277168286,3.333,1.0,-0.0005280532873257471,0.0005280532873257471,False
27424,AQUA,2019-01-05 00:00:00+00:00,702.520981845897,5.0,1.0,-0.0005458709315462329,0.0005458709315462329,True
27424,AQUA,2019-01-06 00:00:00+00:00,702.5203031519168,3.0,1.0,-0.0006786939802623237,0.0006786939802623237,False
27424,AQUA,2019-01-07 00:00:00+00:00,702.5192519054772,2.333,1.0,-0.0010512464396015275,0.0010512464396015275,False
27424,AQUA,2019-01-08 00:00:00+00:00,702.5185521546,2.333,1.0,-0.0006997508771746652,0.0006997508771746652,False
27424,AQUA,2019-01-09 00:00:00+00:00,702.5180986124496,1.667,1.0,-0.00045354215035331436,0.00045354215035331436,False
27424,AQUA,2019-01-10 00:00:00+00:00,702.5174571743974,1.333,1.0,-0.0006414380522983265,0.0006414380522983265,False
27424,AQUA,2019-01-11 00:00:00+00:00,702.516689392678,3.333,1.0,-0.0007677817193325609,0.0007677817193325609,False
27424,AQUA,2019-01-12 00:00:00+00:00,702.5163751529608,1.0,1.0,-0.00031423971722688293,0.00031423971722688293,False
27424,AQUA,2019-01-13 00:00:00+00:00,702.5157499132165,1.0,1.0,-0.0006252397442949587,0.0006252397442949587,False
27424,AQUA,2019-01-14 00:00:00+00:00,702.5150112882038,2.667,1.0,-0.0007386250126728555,0.0007386250126728555,False
27424,AQUA,2019-01-15 00:00:00+00:00,702.5146338768218,2.667,1.0,-0.00037741138203273294,0.00037741138203273294,False
27424,AQUA,2019-01-16 00:00:00+00:00,702.5268018027919,2.667,1.0,0.012167925970061333,-0.012167925970061333,False
27424,AQUA,2019-01-17 00:00:00+00:00,702.5396581426194,2.667,1.0,0.012856339827521879,-0.012856339827521879,False
27424,AQUA,2019-01-18 00:00:00+00:00,702.5392175555362,2.0,1.0,-0.00044058708317606943,0.00044058708317606943,False
27424,AQUA,2019-01-19 00:00:00+00:00,702.5387413328108,2.667,1.0,-0.00047622272541048005,0.00047622272541048005,False
27424,AQUA,2019-01-20 00:00:00+00:00,702.5381096089104,1.667,1.0,-0.0006317239003692521,0.0006317239003692521,False
27424,AQUA,2019-01-21 00:00:00+00:00,702.5378439609553,1.667,1.0,-0.0002656479550751101,0.0002656479550751101,False
27424,AQUA,2019-01-22 00:00:00+00:00,702.5373159047222,2.0,1.0,-0.0005280562331790861,0.0005280562331790861,False
27424,AQUA,2019-01-23 00:00:00+00:00,702.5369222923327,4.0,1.0,-0.00039361238941637566,0.00039361238941637566,False
27424,AQUA,2019-01-24 00:00:00+00:00,702.5357106791807,4.333,1.0,-0.0012116131520087947,0.0012116131520087947,False
27424,AQUA,2019-01-25 00:00:00+00:00,702.5350012054141,3.333,1.0,-0.0007094737666193396,0.0007094737666193396,False
27424,AQUA,2019-01-26 00:00:00+00:00,702.5344844883361,3.0,1.0,-0.000516717077971407,0.000516717077971407,False
27424,AQUA,2019-01-27 00:00:00+00:00,702.5337442386358,2.0,1.0,-0.0007402497003567987,0.0007402497003567987,False
27424,AQUA,2019-01-28 00:00:00+00:00,702.5333895019753,0.667,1.0,-0.00035473666048346786,0.00035473666048346786,False
27424,AQUA,2019-01-29 00:00:00+00:00,702.5330153277496,1.667,1.0,-0.0003741742257261649,0.0003741742257261649,False
27651,SORCE,2017-12-02 00:00:00+00:00,601.7475681254709,2.333,,,,False
27651,SORCE,2017-12-03 00:00:00+00:00,601.7463210309279,0.667,1.0,-0.00124709454303229,0.00124709454303229,False
27651,SORCE,2017-12-04 00:00:00+00:00,601.7448363952944,4.0,1.0,-0.0014846356334601296,0.0014846356334601296,False
27651,SORCE,2017-12-05 00:00:00+00:00,601.7430829634886,5.0,1.0,-0.0017534318058096687,0.0017534318058096687,True
27651,SORCE,2017-12-06 00:00:00+00:00,601.7404450039953,4.0,1.0,-0.0026379594933132466,0.0026379594933132466,False
27651,SORCE,2017-12-07 00:00:00+00:00,601.7382930684939,3.333,1.0,-0.002151935501387925,0.002151935501387925,False
27651,SORCE,2017-12-08 00:00:00+00:00,601.7365568312584,2.0,1.0,-0.0017362372354909894,0.0017362372354909894,False
27651,SORCE,2017-12-09 00:00:00+00:00,601.7346221235339,1.667,1.0,-0.0019347077245583932,0.0019347077245583932,False
27651,SORCE,2017-12-10 00:00:00+00:00,601.7328249406619,1.333,1.0,-0.0017971828719964833,0.0017971828719964833,False
27651,SORCE,2017-12-11 00:00:00+00:00,601.7308027206373,3.333,1.0,-0.002022220024628041,0.002022220024628041,False
27651,SORCE,2017-12-12 00:00:00+00:00,601.7290117912758,4.0,1.0,-0.0017909293615048227,0.0017909293615048227,False
27651,SORCE,2017-12-13 00:00:00+00:00,601.7274865329664,2.667,1.0,-0.0015252583093570138,0.0015252583093570138,False
27651,SORCE,2017-12-14 00:00:00+00:00,601.7261503698742,2.667,1.0,-0.001336163092219067,0.001336163092219067,False
27651,SORCE,2017-12-15 00:00:00+00:00,601.7242781798586,1.333,1.0,-0.0018721900155469484,0.0018721900155469484,False
27651,SORCE,2017-12-16 00:00:00+00:00,601.7226560329291,2.0,1.0,-0.0016221469295487623,0.0016221469295487623,False
27651,SORCE,2017-12-17 00:00:00+00:00,601.72038690413,4.667,1.0,-0.0022691287990710407,0.0022691287990710407,False
27651,SORCE,2017-12-18 00:00:00+00:00,601.7180912102576,4.333,1.0,-0.0022956938723837084,0.0022956938723837084,False
27651,SORCE,2017-12-19 00:00:00+00:00,601.7167566144203,2.333,1.0,-0.0013345958373065514,0.0013345958373065514,False
27651,SORCE,2017-12-20 00:00:00+00:00,601.7155486025813,2.0,1.0,-0.0012080118390258576,0.0012080118390258576,False
27651,SORCE,2017-12-21 00:00:00+00:00,601.7136717314306,1.0,1.0,-0.0018768711506709224,0.0018768711506709224,False
27651,SORCE,2017-12-22 00:00:00+00:00,601.7123871458607,1.0,1.0,-0.0012845855699197273,0.0012845855699197273,False
27651,SORCE,2017-12-23 00:00:00+00:00,601.7108962772509,2.667,1.0,-0.001490868609835161,0.001490868609835161,False
27651,SORCE,2017-12-24 00:00:00+00:00,601.7089334577386,3.333,1.0,-0.0019628195123004843,0.0019628195123004843,False
27651,SORCE,2017-12-25 00:00:00+00:00,601.7066627774107,3.0,1.0,-0.002270680327910668,0.002270680327910668,False
27651,SORCE,2017-12-26 00:00:00+00:00,601.7053656930098,3.667,1.0,-0.001297084400903259,0.001297084400903259,False
27651,SORCE,2017-12-27 00:00:00+00:00,601.7030746997598,2.667,1.0,-0.002290993249971507,0.002290993249971507,False
27651,SORCE,2017-12-28 00:00:00+00:00,601.7020807905783,1.667,1.0,-0.0009939091814885614,0.0009939091814885614,False
27651,SORCE,2017-12-29 00:00:00+00:00,601.7003633288359,2.333,1.0,-0.0017174617423734162,0.0017174617423734162,False
27651,SORCE,2017-12-30 00:00:00+00:00,601.6991021906751,1.667,1.0,-0.0012611381607712246,0.0012611381607712246,False
27651,SORCE,2017-12-31 00:00:00+00:00,601.6975472565077,2.0,1.0,-0.0015549341674159223,0.0015549341674159223,False
27651,SORCE,2018-01-01 00:00:00+00:00,601.696428329521,3.667,1.0,-0.001118926986691804,0.001118926986691804,False
27651,SORCE,2018-01-02 00:00:00+00:00,601.6947905713428,2.0,1.0,-0.0016377581782762718,0.0016377581782762718,False
27651,SORCE,2018-01-03 00:00:00+00:00,601.6938372964614,1.0,1.0,-0.0009532748813398939,0.0009532748813398939,False
27651,SORCE,2018-01-04 00:00:00+00:00,601.6927777552892,1.333,1.0,-0.0010595411722533754,0.0010595411722533754,False
27651,SORCE,2018-01-05 00:00:00+00:00,601.6911306227857,2.0,1.0,-0.0016471325034217443,0.0016471325034217443,False
27651,SORCE,2018-01-06 00:00:00+00:00,601.6895678793221,1.333,1.0,-0.0015627434636371618,0.0015627434636371618,False
27651,SORCE,2018-01-07 00:00:00+00:00,601.6889162155899,1.0,1.0,-0.0006516637322420138,0.0006516637322420138,False
27651,SORCE,2018-01-08 00:00:00+00:00,601.6882989322949,3.667,1.0,-0.0006172832950142038,0.0006172832950142038,False
27651,SORCE,2018-01-09 00:00:00+00:00,601.6868377686528,3.667,1.0,-0.0014611636420340801,0.0014611636420340801,False
27651,SORCE,2018-01-10 00:00:00+00:00,601.6859892001621,1.667,1.0,-0.0008485684907100222,0.0008485684907100222,False
27651,SORCE,2018-01-11 00:00:00+00:00,601.6854328644058,1.0,1.0,-0.0005563357563005411,0.0005563357563005411,False
27651,SORCE,2018-01-12 00:00:00+00:00,601.6843983302642,1.333,1.0,-0.0010345341415813891,0.0010345341415813891,False
27651,SORCE,2018-01-13 00:00:00+00:00,601.6827730810273,3.0,1.0,-0.0016252492368948879,0.0016252492368948879,False
27651,SORCE,2018-01-14 00:00:00+00:00,601.6808852927152,4.667,1.0,-0.00188778831216041,0.00188778831216041,False
27651,SORCE,2018-01-15 00:00:00+00:00,601.6853609816235,3.667,1.0,0.004475688908314623,-0.004475688908314623,False
27651,SORCE,2018-01-16 00:00:00+00:00,601.6803570872735,2.0,1.0,-0.005003894350011251,0.005003894350011251,False
27651,SORCE,2018-01-17 00:00:00+00:00,601.6796476043819,0.667,1.0,-0.0007094828915796825,0.0007094828915796825,False
27651,SORCE,2018-01-18 00:00:00+00:00,601.6788287300797,0.333,1.0,-0.0008188743022401468,0.0008188743022401468,False
27651,SORCE,2018-01-19 00:00:00+00:00,601.6776879323115,2.667,1.0,-0.0011407977681301418,0.0011407977681301418,False
27651,SORCE,2018-01-20 00:00:00+00:00,601.6769159406631,3.0,1.0,-0.0007719916484347777,0.0007719916484347777,False
27651,SORCE,2018-01-21 00:00:00+00:00,601.6758876606164,3.0,1.0,-0.0010282800467393827,0.0010282800467393827,False
27651,SORCE,2018-01-22 00:00:00+00:00,601.6750437836677,3.333,1.0,-0.0008438769486929232,0.0008438769486929232,False
27651,SORCE,2018-01-23 00:00:00+00:00,601.6739295539201,2.0,1.0,-0.001114229747599893,0.001114229747599893,False
27651,SORCE,2018-01-24 00:00:00+00:00,601.6730841148246,4.0,1.0,-0.0008454390954284463,0.0008454390954284463,False
27651,SORCE,2018-01-25 00:00:00+00:00,601.6716979703128,3.0,1.0,-0.001386144511798193,0.001386144511798193,False
27651,SORCE,2018-01-26 00:00:00+00:00,601.6703805867055,3.0,1.0,-0.0013173836073292478,0.0013173836073292478,False
27651,SORCE,2018-01-27 00:00:00+00:00,601.6688537977057,2.667,1.0,-0.001526788999854034,0.001526788999854034,False
27651,SORCE,2018-01-28 00:00:00+00:00,601.667392644225,1.667,1.0,-0.0014611534807045246,0.0014611534807045246,False
27651,SORCE,2018-01-29 00:00:00+00:00,601.6660862017525,1.0,1.0,-0.001306442472468916,0.001306442472468916,False
27651,SORCE,2018-01-30 00:00:00+00:00,601.6648110144797,2.333,1.0,-0.0012751872727676528,0.0012751872727676528,False
27651,SORCE,2018-01-31 00:00:00+00:00,601.6635827096443,2.667,1.0,-0.0012283048354220227,0.0012283048354220227,False
27651,SORCE,2018-02-01 00:00:00+00:00,601.6622231362189,2.667,1.0,-0.0013595734253613045,0.0013595734253613045,False
27651,SORCE,2018-02-02 00:00:00+00:00,601.6609041943575,2.0,1.0,-0.0013189418614274473,0.0013189418614274473,False
27651,SORCE,2018-02-03 00:00:00+00:00,601.6598665438582,1.667,1.0,-0.001037650499256415,0.001037650499256415,False
27651,SORCE,2018-02-04 00:00:00+00:00,601.6586913738715,2.333,1.0,-0.0011751699867090792,0.0011751699867090792,False
27651,SORCE,2018-02-05 00:00:00+00:00,601.6571911575807,3.0,1.0,-0.0015002162908785976,0.0015002162908785976,False
27651,SORCE,2018-02-06 00:00:00+00:00,601.6559003471289,2.333,1.0,-0.0012908104517919128,0.0012908104517919128,False
27651,SORCE,2018-02-07 00:00:00+00:00,601.6547033006827,1.667,1.0,-0.0011970464461228403,0.0011970464461228403,False
27651,SORCE,2018-02-08 00:00:00+00:00,601.6533468570269,1.333,1.0,-0.001356443655822659,0.001356443655822659,False
27651,SORCE,2018-02-09 00:00:00+00:00,601.652177940673,2.667,1.0,-0.0011689163538903813,0.0011689163538903813,False
27651,SORCE,2018-02-10 00:00:00+00:00,601.6513934543168,2.333,1.0,-0.0007844863562240789,0.0007844863562240789,False
27651,SORCE,2018-02-11 00:00:00+00:00,601.6500432631392,0.667,1.0,-0.0013501911776074849,0.0013501911776074849,False
27651,SORCE,2018-02-12 00:00:00+00:00,601.648891538091,1.667,1.0,-0.001151725048202934,0.001151725048202934,False
27651,SORCE,2018-02-13 00:00:00+00:00,601.6475616634898,0.667,1.0,-0.0013298746011969342,0.0013298746011969342,False
27651,SORCE,2018-02-14 00:00:00+00:00,601.6458833032648,1.333,1.0,-0.0016783602250143304,0.0016783602250143304,False
27651,SORCE,2018-02-15 00:00:00+00:00,601.644483107797,4.667,1.0,-0.001400195467795129,0.001400195467795129,False
27651,SORCE,2018-02-16 00:00:00+00:00,601.6437111253281,2.333,1.0,-0.0007719824689047527,0.0007719824689047527,False
27651,SORCE,2018-02-17 00:00:00+00:00,601.642657854044,3.667,1.0,-0.0010532712840358727,0.0010532712840358727,False
27651,SORCE,2018-02-18 00:00:00+00:00,601.6413998673602,4.0,1.0,-0.0012579866838677844,0.0012579866838677844,False
27651,SORCE,2018-02-19 00:00:00+00:00,601.6397387006946,4.0,1.0,-0.001661166665599012,0.001661166665599012,False
27651,SORCE,2018-02-20 00:00:00+00:00,601.6383666371657,2.667,1.0,-0.001372063528833678,0.001372063528833678,False
27651,SORCE,2018-02-21 00:00:00+00:00,601.6373946290141,2.0,1.0,-0.0009720081516206847,0.0009720081516206847,False
27651,SORCE,2018-02-22 00:00:00+00:00,601.6357412783391,3.667,1.0,-0.0016533506750420202,0.0016533506750420202,False
27651,SORCE,2018-02-23 00:00:00+00:00,601.6340472981037,4.333,1.0,-0.0016939802353590494,0.0016939802353590494,False
27651,SORCE,2018-02-24 00:00:00+00:00,601.6330987320966,3.333,1.0,-0.0009485660070822632,0.0009485660070822632,False
27651,SORCE,2018-02-25 00:00:00+00:00,601.6314531974813,2.0,1.0,-0.001645534615363431,0.001645534615363431,False
27651,SORCE,2018-02-26 00:00:00+00:00,601.6299873754442,3.0,1.0,-0.0014658220370620256,0.0014658220370620256,False
27651,SORCE,2018-02-27 00:00:00+00:00,601.6284152899789,5.333,1.0,-0.0015720854653409333,0.0015720854653409333,True
27651,SORCE,2018-02-28 00:00:00+00:00,601.6266150500937,2.333,1.0,-0.0018002398851422186,0.0018002398851422186,False
27651,SORCE,2018-03-01 00:00:00+00:00,601.6257243067721,2.667,1.0,-0.0008907433216336358,0.0008907433216336358,False
27651,SORCE,2018-03-02 00:00:00+00:00,601.6239428211093,2.667,1.0,-0.001781485662831983,0.001781485662831983,False
27651,SORCE,2018-03-03 00:00:00+00:00,601.6225551382809,2.667,1.0,-0.0013876828284082876,0.0013876828284082876,False
27651,SORCE,2018-03-04 00:00:00+00:00,601.6211033852501,2.667,1.0,-0.001451753030778491,0.001451753030778491,False
27651,SORCE,2018-03-05 00:00:00+00:00,601.6193640954489,1.333,1.0,-0.001739289801207633,0.001739289801207633,False
27651,SORCE,2018-03-06 00:00:00+00:00,601.6180920549232,2.0,1.0,-0.0012720405256914091,0.0012720405256914091,False
27651,SORCE,2018-03-07 00:00:00+00:00,601.6168075133583,2.667,1.0,-0.0012845415649280767,0.0012845415649280767,False
27651,SORCE,2018-03-08 00:00:00+00:00,601.6156292360956,1.667,1.0,-0.0011782772626247606,0.0011782772626247606,False
27651,SORCE,2018-03-09 00:00:00+00:00,601.614375949679,4.333,1.0,-0.001253286416613264,0.001253286416613264,False
27651,SORCE,2018-03-10 00:00:00+00:00,601.6132351782462,4.0,1.0,-0.0011407714328015572,0.0011407714328015572,False
27651,SORCE,2018-03-11 00:00:00+00:00,601.6117256101907,2.333,1.0,-0.0015095680555532454,0.0015095680555532454,False
27651,SORCE,2018-03-12 00:00:00+00:00,601.6104270072665,1.0,1.0,-0.0012986029241801589,0.0012986029241801589,False
27651,SORCE,2018-03-13 00:00:00+00:00,601.608725228898,1.0,1.0,-0.0017017783684423193,0.0017017783684423193,False
27651,SORCE,2018-03-14 00:00:00+00:00,601.6074203765838,4.0,1.0,-0.001304852314206073,0.001304852314206073,False
27651,SORCE,2018-03-15 00:00:00+00:00,601.6060498916322,4.0,1.0,-0.00137048495162162,0.00137048495162162,False
27651,SORCE,2018-03-16 00:00:00+00:00,601.6045309512983,4.333,1.0,-0.0015189403338808916,0.0015189403338808916,False
27651,SORCE,2018-03-17 00:00:00+00:00,601.6029135620256,4.333,1.0,-0.0016173892727238126,0.0016173892727238126,False
27651,SORCE,2018-03-18 00:00:00+00:00,601.6016087124162,6.0,1.0,-0.00130484960936883,0.00130484960936883,True
27651,SORCE,2018-03-19 00:00:00+00:00,601.5988927519693,4.333,1.0,-0.002715960446948884,0.002715960446948884,False
27651,SORCE,2018-03-20 00:00:00+00:00,601.596948763492,3.0,1.0,-0.0019439884772509686,0.0019439884772509686,False
27651,SORCE,2018-03-21 00:00:00+00:00,601.5954313908046,2.0,1.0,-0.0015173726874309068,0.0015173726874309068,False
27651,SORCE,2018-03-22 00:00:00+00:00,601.5932983193334,3.0,1.0,-0.002133071471234871,0.002133071471234871,False
27651,SORCE,2018-03-23 00:00:00+00:00,601.5916668723803,4.0,1.0,-0.0016314469530698261,0.0016314469530698261,False
27651,SORCE,2018-03-24 00:00:00+00:00,601.5898572800224,2.667,1.0,-0.0018095923578584916,0.0018095923578584916,False
27651,SORCE,2018-03-25 00:00:00+00:00,601.588016435122,4.0,1.0,-0.0018408449004709837,0.0018408449004709837,False
27651,SORCE,2018-03-26 00:00:00+00:00,601.5862130958767,3.0,1.0,-0.001803339245270763,0.001803339245270763,False
27651,SORCE,2018-03-27 00:00:00+00:00,601.5844972681098,3.0,1.0,-0.0017158277669295785,0.0017158277669295785,False
27651,SORCE,2018-03-28 00:00:00+00:00,601.5829908409587,0.667,1.0,-0.001506427151070966,0.001506427151070966,False
27651,SORCE,2018-03-29 00:00:00+00:00,601.5813687761183,1.667,1.0,-0.0016220648403759697,0.0016220648403759697,False
27651,SORCE,2018-03-30 00:00:00+00:00,601.5802436449885,2.333,1.0,-0.0011251311298110522,0.0011251311298110522,False
27651,SORCE,2018-03-31 00:00:00+00:00,601.5788450451223,2.667,1.0,-0.0013985998662064958,0.0013985998662064958,False
27651,SORCE,2018-04-01 00:00:00+00:00,601.5775761484165,1.333,1.0,-0.0012688967058238632,0.0012688967058238632,False
27651,SORCE,2018-04-02 00:00:00+00:00,601.5763525699986,1.667,1.0,-0.0012235784179210896,0.0012235784179210896,False
27651,SORCE,2018-04-03 00:00:00+00:00,601.5751743098062,2.0,1.0,-0.001178260192318703,0.001178260192318703,False
27651,SORCE,2018-04-04 00:00:00+00:00,601.5738210301442,1.667,1.0,-0.0013532796619983856,0.0013532796619983856,False
27651,SORCE,2018-04-05 00:00:00+00:00,601.5722989819806,3.0,1.0,-0.0015220481636788463,0.0015220481636788463,False
27651,SORCE,2018-04-06 00:00:00+00:00,601.5715176434114,1.667,1.0,-0.0007813385691406438,0.0007813385691406438,False
27651,SORCE,2018-04-07 00:00:00+00:00,601.5704894021846,2.0,1.0,-0.001028241226777027,0.001028241226777027,False
27651,SORCE,2018-04-08 00:00:00+00:00,601.5695142923123,2.333,1.0,-0.0009751098723427276,0.0009751098723427276,False
27651,SORCE,2018-04-09 00:00:00+00:00,601.5682485251991,4.333,1.0,-0.001265767113181937,0.001265767113181937,False
27651,SORCE,2018-04-10 00:00:00+00:00,601.5667858616935,4.0,1.0,-0.0014626635056629311,0.0014626635056629311,False
27651,SORCE,2018-04-11 00:00:00+00:00,601.5647684499431,4.333,1.0,-0.0020174117503302114,0.0020174117503302114,False
27651,SORCE,2018-04-12 00:00:00+00:00,601.5634198633693,3.0,1.0,-0.0013485865738402936,0.0013485865738402936,False
27651,SORCE,2018-04-13 00:00:00+00:00,601.5623259928743,3.667,1.0,-0.001093870494969451,0.001093870494969451,False
27651,SORCE,2018-04-14 00:00:00+00:00,601.5609789701462,2.0,1.0,-0.0013470227281686675,0.0013470227281686675,False
27651,SORCE,2018-04-15 00:00:00+00:00,601.5593912968402,2.333,1.0,-0.001587673305948556,0.001587673305948556,False
27651,SORCE,2018-04-16 00:00:00+00:00,601.5579067606168,1.0,1.0,-0.001484536223415489,0.001484536223415489,False
27651,SORCE,2018-04-17 00:00:00+00:00,601.5561128167938,1.0,1.0,-0.0017939438230314408,0.0017939438230314408,False
27651,SORCE,2018-04-18 00:00:00+00:00,601.5544657648898,2.0,1.0,-0.0016470519040012732,0.0016470519040012732,False
27651,SORCE,2018-04-19 00:00:00+00:00,601.5530031086055,1.0,1.0,-0.001462656284274999,0.001462656284274999,False
27651,SORCE,2018-04-20 00:00:00+00:00,601.5514310666122,6.0,1.0,-0.001572041993313178,0.001572041993313178,True
27651,SORCE,2018-04-21 00:00:00+00:00,601.54877297346,3.333,1.0,-0.0026580931521493767,0.0026580931521493767,False
27651,SORCE,2018-04-22 00:00:00+00:00,601.5476806713732,1.667,1.0,-0.0010923020868176536,0.0010923020868176536,False
27651,SORCE,2018-04-23 00:00:00+00:00,601.5458398542796,3.0,1.0,-0.0018408170935799717,0.0018408170935799717,False
27651,SORCE,2018-04-24 00:00:00+00:00,601.5442271869933,2.0,1.0,-0.0016126672862810665,0.0016126672862810665,False
27651,SORCE,2018-04-25 00:00:00+00:00,601.5412581314399,2.0,1.0,-0.00296905555342164,0.00296905555342164,False
27651,SORCE,2018-04-26 00:00:00+00:00,601.5402127121756,1.667,1.0,-0.0010454192643010174,0.0010454192643010174,False
27651,SORCE,2018-04-27 00:00:00+00:00,601.5384344063309,2.667,1.0,-0.0017783058447093936,0.0017783058447093936,False
27651,SORCE,2018-04-28 00:00:00+00:00,601.5375577550421,1.667,1.0,-0.0008766512887632416,0.0008766512887632416,False
27651,SORCE,2018-04-29 00:00:00+00:00,601.5355325511182,1.333,1.0,-0.002025203923949448,0.002025203923949448,False
27651,SORCE,2018-04-30 00:00:00+00:00,601.5341261603671,2.333,1.0,-0.00140639075107174,0.00140639075107174,False
27651,SORCE,2018-05-01 00:00:00+00:00,601.5326322616356,1.0,1.0,-0.0014938987314963015,0.0014938987314963015,False
27651,SORCE,2018-05-02 00:00:00+00:00,601.5314852729853,2.0,1.0,-0.001146988650361891,0.001146988650361891,False
27651,SORCE,2018-05-03 00:00:00+00:00,601.5303789138061,1.333,1.0,-0.0011063591791753424,0.0011063591791753424,False
27651,SORCE,2018-05-04 00:00:00+00:00,601.5293913167179,1.333,1.0,-0.000987597088169423,0.000987597088169423,False
27651,SORCE,2018-05-05 00:00:00+00:00,601.5280036808917,5.667,1.0,-0.0013876358261768473,0.0013876358261768473,True
27651,SORCE,2018-05-06 00:00:00+00:00,601.5252159101028,5.667,1.0,-0.002787770788927446,0.002787770788927446,True
27651,SORCE,2018-05-07 00:00:00+00:00,601.523353230722,4.0,1.0,-0.0018626793807925424,0.0018626793807925424,False
27651,SORCE,2018-05-08 00:00:00+00:00,601.5217218246353,3.667,1.0,-0.0016314060867443914,0.0016314060867443914,False
27651,SORCE,2018-05-09 00:00:00+00:00,601.5205873416535,4.0,1.0,-0.0011344829817971913,0.0011344829817971913,False
27651,SORCE,2018-05-10 00:00:00+00:00,601.5186090294574,3.333,1.0,-0.0019783121961154393,0.0019783121961154393,False
27651,SORCE,2018-05-11 00:00:00+00:00,601.5168823047175,3.667,1.0,-0.0017267247399104235,0.0017267247399104235,False
27651,SORCE,2018-05-12 00:00:00+00:00,601.5151837086569,3.667,1.0,-0.0016985960605779837,0.0016985960605779837,False
27651,SORCE,2018-05-13 00:00:00+00:00,601.5131928991586,2.333,1.0,-0.0019908094982383773,0.0019908094982383773,False
27651,SORCE,2018-05-14 00:00:00+00:00,601.5114099225971,2.0,1.0,-0.0017829765615715587,0.0017829765615715587,False
27651,SORCE,2018-05-15 00:00:00+00:00,601.5102113754447,1.333,1.0,-0.0011985471523985325,0.0011985471523985325,False
27651,SORCE,2018-05-16 00:00:00+00:00,601.5083049521118,1.333,1.0,-0.0019064233329117997,0.0019064233329117997,False
27651,SORCE,2018-05-17 00:00:00+00:00,601.5067579374136,3.0,1.0,-0.0015470146981897415,0.0015470146981897415,False
27651,SORCE,2018-05-18 00:00:00+00:00,601.505532827392,1.667,1.0,-0.0012251100215507904,0.0012251100215507904,False
27651,SORCE,2018-05-19 00:00:00+00:00,601.5041889573254,1.0,1.0,-0.0013438700666483783,0.0013438700666483783,False
27651,SORCE,2018-05-20 00:00:00+00:00,601.503004477031,1.0,1.0,-0.0011844802943414834,0.0011844802943414834,False
27651,SORCE,2018-05-21 00:00:00+00:00,601.5020075137963,1.0,1.0,-0.0009969632346837898,0.0009969632346837898,False
27651,SORCE,2018-05-22 00:00:00+00:00,601.500769904761,2.0,1.0,-0.0012376090353427571,0.0012376090353427571,False
27651,SORCE,2018-05-23 00:00:00+00:00,601.4993572809772,3.333,1.0,-0.0014126237838354427,0.0014126237838354427,False
27651,SORCE,2018-05-24 00:00:00+00:00,601.4984478266615,1.333,1.0,-0.000909454315660696,0.000909454315660696,False
27651,SORCE,2018-05-25 00:00:00+00:00,601.4974321134305,1.333,1.0,-0.0010157132310268935,0.0010157132310268935,False
27651,SORCE,2018-05-26 00:00:00+00:00,601.4964773433303,1.333,1.0,-0.000954770100179303,0.000954770100179303,False
27651,SORCE,2018-05-27 00:00:00+00:00,601.4956178942575,1.333,1.0,-0.0008594490727773518,0.0008594490727773518,False
27651,SORCE,2018-05-28 00:00:00+00:00,601.4946912521837,1.667,1.0,-0.0009266420738640591,0.0009266420738640591,False
27651,SORCE,2018-05-29 00:00:00+00:00,601.4939474385365,1.667,1.0,-0.0007438136472046608,0.0007438136472046608,False
27651,SORCE,2018-05-30 00:00:00+00:00,601.4932630051444,1.667,1.0,-0.0006844333920525969,0.0006844333920525969,False
27651,SORCE,2018-05-31 00:00:00+00:00,601.4926317014415,4.333,1.0,-0.0006313037029030966,0.0006313037029030966,False
27651,SORCE,2018-06-01 00:00:00+00:00,601.4916284913916,4.667,1.0,-0.0010032100499302032,0.0010032100499302032,False
27651,SORCE,2018-06-02 00:00:00+00:00,601.4903158806292,4.0,1.0,-0.0013126107623975258,0.0013126107623975258,False
27651,SORCE,2018-06-03 00:00:00+00:00,601.4896611381205,2.667,1.0,-0.0006547425086864678,0.0006547425086864678,False
27651,SORCE,2018-06-04 00:00:00+00:00,601.4886626170191,1.333,1.0,-0.0009985211013372464,0.0009985211013372464,False
27651,SORCE,2018-06-05 00:00:00+00:00,601.4877937945694,1.667,1.0,-0.0008688224497745978,0.0008688224497745978,False
27651,SORCE,2018-06-06 00:00:00+00:00,601.4868999703167,3.667,1.0,-0.0008938242526710383,0.0008938242526710383,False
27651,SORCE,2018-06-07 00:00:00+00:00,601.4857248731341,2.667,1.0,-0.001175097182567697,0.001175097182567697,False
27651,SORCE,2018-06-08 00:00:00+00:00,601.4847935464613,2.0,1.0,-0.0009313266727986047,0.0009313266727986047,False
27651,SORCE,2018-06-09 00:00:00+00:00,601.4838747211347,1.333,1.0,-0.0009188253266074753,0.0009188253266074753,False
27651,SORCE,2018-06-10 00:00:00+00:00,601.4830465284822,1.0,1.0,-0.0008281926525341987,0.0008281926525341987,False
27651,SORCE,2018-06-11 00:00:00+00:00,601.482408976568,1.333,1.0,-0.0006375519142238772,0.0006375519142238772,False
27651,SORCE,2018-06-12 00:00:00+00:00,601.4816854803398,1.667,1.0,-0.000723496228147269,0.000723496228147269,False
27651,SORCE,2018-06-13 00:00:00+00:00,601.4807947832942,2.0,1.0,-0.0008906970456337149,0.0008906970456337149,False
27651,SORCE,2018-06-14 00:00:00+00:00,601.4795899988039,1.333,1.0,-0.0012047844902554061,0.0012047844902554061,False
27651,SORCE,2018-06-15 00:00:00+00:00,601.4785852308119,1.0,1.0,-0.00100476799207172,0.00100476799207172,False
27651,SORCE,2018-06-16 00:00:00+00:00,601.4776367176519,0.667,1.0,-0.000948513159983122,0.000948513159983122,False
27651,SORCE,2018-06-17 00:00:00+00:00,601.4766319503697,1.667,1.0,-0.0010047672822111053,0.0010047672822111053,False
27651,SORCE,2018-06-18 00:00:00+00:00,601.4755240502827,4.0,1.0,-0.0011079000869358424,0.0011079000869358424,False
27651,SORCE,2018-06-19 00:00:00+00:00,601.473895797445,2.333,1.0,-0.0016282528376905248,0.0016282528376905248,False
27651,SORCE,2018-06-20 00:00:00+00:00,601.4723097362239,2.333,1.0,-0.0015860612211326952,0.0015860612211326952,False
27651,SORCE,2018-06-21 00:00:00+00:00,601.4715487397489,1.0,1.0,-0.0007609964750372455,0.0007609964750372455,False
27651,SORCE,2018-06-22 00:00:00+00:00,601.4702486394008,1.333,1.0,-0.0013001003480894724,0.0013001003480894724,False
27651,SORCE,2018-06-23 00:00:00+00:00,601.4683766209391,4.0,1.0,-0.0018720184616540791,0.0018720184616540791,False
27651,SORCE,2018-06-24 00:00:00+00:00,601.4667983759982,2.667,1.0,-0.0015782449409016408,0.0015782449409016408,False
27651,SORCE,2018-06-25 00:00:00+00:00,601.4657107939274,5.0,1.0,-0.0010875820707951789,0.0010875820707951789,True
27651,SORCE,2018-06-26 00:00:00+00:00,601.4636184495585,4.667,1.0,-0.0020923443689753185,0.0020923443689753185,False
27651,SORCE,2018-06-27 00:00:00+00:00,601.4618823831206,2.667,1.0,-0.0017360664378429647,0.0017360664378429647,False
27651,SORCE,2018-06-28 00:00:00+00:00,601.4613042154374,1.667,1.0,-0.0005781676832157245,0.0005781676832157245,False
27651,SORCE,2018-06-29 00:00:00+00:00,601.4599322395843,1.333,1.0,-0.0013719758530896797,0.0013719758530896797,False
27651,SORCE,2018-06-30 00:00:00+00:00,601.4589852953768,1.0,1.0,-0.0009469442074987455,0.0009469442074987455,False
27651,SORCE,2018-07-01 00:00:00+00:00,601.4582680556828,0.667,1.0,-0.0007172396940404724,0.0007172396940404724,False
27651,SORCE,2018-07-02 00:00:00+00:00,601.4576226963563,1.0,1.0,-0.000645359326426842,0.000645359326426842,False
27651,SORCE,2018-07-03 00:00:00+00:00,601.4571164097324,1.667,1.0,-0.0005062866239313735,0.0005062866239313735,False
27651,SORCE,2018-07-04 00:00:00+00:00,601.4563101015974,1.333,1.0,-0.00080630813499738,0.00080630813499738,False
27651,SORCE,2018-07-05 00:00:00+00:00,601.4557006828118,4.667,1.0,-0.0006094187856433564,0.0006094187856433564,False
27651,SORCE,2018-07-06 00:00:00+00:00,601.4550365727514,3.667,1.0,-0.0006641100603701489,0.0006641100603701489,False
27651,SORCE,2018-07-07 00:00:00+00:00,601.4542099512714,2.0,1.0,-0.0008266214799732552,0.0008266214799732552,False
27651,SORCE,2018-07-08 00:00:00+00:00,601.4530942470474,1.333,1.0,-0.001115704224048386,0.001115704224048386,False
27651,SORCE,2018-07-09 00:00:00+00:00,601.4523473192594,0.667,1.0,-0.0007469277879863512,0.0007469277879863512,False
27651,SORCE,2018-07-10 00:00:00+00:00,601.4515535133805,2.333,1.0,-0.0007938058788568014,0.0007938058788568014,False
27651,SORCE,2018-07-11 00:00:00+00:00,601.4510862930956,2.667,1.0,-0.0004672202849178575,0.0004672202849178575,False
27651,SORCE,2018-07-12 00:00:00+00:00,601.4502752988747,2.667,1.0,-0.000810994220955763,0.000810994220955763,False
27651,SORCE,2018-07-13 00:00:00+00:00,601.4492783544715,2.667,1.0,-0.0009969444031412422,0.0009969444031412422,False
27651,SORCE,2018-07-14 00:00:00+00:00,601.4482126556741,1.667,1.0,-0.0010656987974471122,0.0010656987974471122,False
27651,SORCE,2018-07-15 00:00:00+00:00,601.4471032042793,1.333,1.0,-0.0011094513947682572,0.0011094513947682572,False
27651,SORCE,2018-07-16 00:00:00+00:00,601.4459406246988,2.667,1.0,-0.0011625795805230155,0.0011625795805230155,False
27651,SORCE,2018-07-17 00:00:00+00:00,601.4448499254804,3.0,1.0,-0.0010906992183663533,0.0010906992183663533,False
27651,SORCE,2018-07-18 00:00:00+00:00,601.4438404821703,1.0,1.0,-0.0010094433100675815,0.0010094433100675815,False
27651,SORCE,2018-07-19 00:00:00+00:00,601.4429201077046,1.0,1.0,-0.0009203744657497737,0.0009203744657497737,False
27651,SORCE,2018-07-20 00:00:00+00:00,601.4420841141837,2.0,1.0,-0.0008359935209227842,0.0008359935209227842,False
27651,SORCE,2018-07-21 00:00:00+00:00,601.4413371893424,3.333,1.0,-0.0007469248412235174,0.0007469248412235174,False
27651,SORCE,2018-07-22 00:00:00+00:00,601.440462131206,1.333,1.0,-0.0008750581364438403,0.0008750581364438403,False
27651,SORCE,2018-07-23 00:00:00+00:00,601.4395870733442,1.0,1.0,-0.0008750578617764404,0.0008750578617764404,False
27651,SORCE,2018-07-24 00:00:00+00:00,601.4388370239658,4.0,1.0,-0.0007500493784391438,0.0007500493784391438,False
27651,SORCE,2018-07-25 00:00:00+00:00,601.4382244837907,3.333,1.0,-0.0006125401750978199,0.0006125401750978199,False
27651,SORCE,2018-07-26 00:00:00+00:00,601.4377275762981,1.333,1.0,-0.0004969074925611494,0.0004969074925611494,False
27651,SORCE,2018-07-27 00:00:00+00:00,601.4371025355513,1.667,1.0,-0.0006250407468542107,0.0006250407468542107,False
27651,SORCE,2018-07-28 00:00:00+00:00,601.4365212477842,2.0,1.0,-0.0005812877670905436,0.0005812877670905436,False
27651,SORCE,2018-07-29 00:00:00+00:00,601.4358493292784,1.333,1.0,-0.0006719185057590948,0.0006719185057590948,False
27651,SORCE,2018-07-30 00:00:00+00:00,601.4348867672343,2.0,1.0,-0.0009625620441511273,0.0009625620441511273,False
27651,SORCE,2018-07-31 00:00:00+00:00,601.4344336131489,2.333,1.0,-0.0004531540853349725,0.0004531540853349725,False
27651,SORCE,2018-08-01 00:00:00+00:00,601.4337945097395,2.333,1.0,-0.0006391034094122006,0.0006391034094122006,False
27651,SORCE,2018-08-02 00:00:00+00:00,601.4330194603253,2.667,1.0,-0.0007750494141873787,0.0007750494141873787,False
27651,SORCE,2018-08-03 00:00:00+00:00,601.432297539498,2.667,1.0,-0.0007219208273454569,0.0007219208273454569,False
27651,SORCE,2018-08-04 00:00:00+00:00,601.4315834318445,2.0,1.0,-0.0007141076534935564,0.0007141076534935564,False
27651,SORCE,2018-08-05 00:00:00+00:00,601.4305177397964,2.0,1.0,-0.0010656920480869303,0.0010656920480869303,False
27651,SORCE,2018-08-06 00:00:00+00:00,601.4297270653169,1.0,1.0,-0.0007906744795036502,0.0007906744795036502,False
27651,SORCE,2018-08-07 00:00:00+00:00,601.429008270532,3.0,1.0,-0.0007187947849160992,0.0007187947849160992,False
27651,SORCE,2018-08-08 00:00:00+00:00,601.4279925825622,1.667,1.0,-0.0010156879698115517,0.0010156879698115517,False
27651,SORCE,2018-08-09 00:00:00+00:00,601.4274409860359,1.333,1.0,-0.0005515965262929967,0.0005515965262929967,False
27651,SORCE,2018-08-10 00:00:00+00:00,601.4265268673607,1.333,1.0,-0.0009141186751548958,0.0009141186751548958,False
27651,SORCE,2018-08-11 00:00:00+00:00,601.4256674398039,3.667,1.0,-0.000859427556861192,0.000859427556861192,False
27651,SORCE,2018-08-12 00:00:00+00:00,601.4244236142677,2.0,1.0,-0.0012438255362212658,0.0012438255362212658,False
27651,SORCE,2018-08-13 00:00:00+00:00,601.4230547817015,1.333,1.0,-0.001368832566186029,0.001368832566186029,False
27651,SORCE,2018-08-14 00:00:00+00:00,601.4222297322822,1.333,1.0,-0.0008250494192907354,0.0008250494192907354,False
27651,SORCE,2018-08-15 00:00:00+00:00,601.4214937509478,4.0,1.0,-0.0007359813344010036,0.0007359813344010036,False
27651,SORCE,2018-08-16 00:00:00+00:00,601.4198983439555,3.667,1.0,-0.0015954069922372582,0.0015954069922372582,False
27651,SORCE,2018-08-17 00:00:00+00:00,601.4187029612885,4.0,1.0,-0.0011953826669923728,0.0011953826669923728,False
27651,SORCE,2018-08-18 00:00:00+00:00,601.4174575762249,3.333,1.0,-0.0012453850636120478,0.0012453850636120478,False
27651,SORCE,2018-08-19 00:00:00+00:00,601.416354387411,2.667,1.0,-0.0011031888138859358,0.0011031888138859358,False
27651,SORCE,2018-08-20 00:00:00+00:00,601.4150293113398,4.0,1.0,-0.0013250760712253395,0.0013250760712253395,False
27651,SORCE,2018-08-22 00:00:00+00:00,601.4131620177086,2.333,2.0,-0.0018672936312214006,0.0009336468156107003,False
27651,SORCE,2018-08-23 00:00:00+00:00,601.4122010260762,1.667,1.0,-0.0009609916323825018,0.0009609916323825018,False
27651,SORCE,2018-08-24 00:00:00+00:00,601.4109025159555,2.667,1.0,-0.001298510120705032,0.001298510120705032,False
27651,SORCE,2018-08-25 00:00:00+00:00,601.4097055745501,4.333,1.0,-0.001196941405396501,0.001196941405396501,False
27651,SORCE,2018-08-26 00:00:00+00:00,601.4066038423571,7.333,1.0,-0.0031017321930448816,0.0031017321930448816,True
27651,SORCE,2018-08-27 00:00:00+00:00,601.405306897424,5.667,1.0,-0.0012969449330739735,0.0012969449330739735,True
27651,SORCE,2018-08-28 00:00:00+00:00,601.4028208275554,3.667,1.0,-0.002486069868609775,0.002486069868609775,False
27651,SORCE,2018-08-29 00:00:00+00:00,601.401825462679,2.333,1.0,-0.0009953648764167156,0.0009953648764167156,False
27651,SORCE,2018-08-30 00:00:00+00:00,601.4009488543452,1.667,1.0,-0.0008766083337832242,0.0008766083337832242,False
27651,SORCE,2018-08-31 00:00:00+00:00,601.3994972165565,2.333,1.0,-0.0014516377887048293,0.0014516377887048293,False
27651,SORCE,2018-09-01 00:00:00+00:00,601.3984987277063,2.0,1.0,-0.0009984888502003741,0.0009984888502003741,False
27651,SORCE,2018-09-02 00:00:00+00:00,601.3974127347537,2.0,1.0,-0.0010859929525395273,0.0010859929525395273,False
27651,SORCE,2018-09-03 00:00:00+00:00,601.3965095639624,1.333,1.0,-0.0009031707913891296,0.0009031707913891296,False
27651,SORCE,2018-09-04 00:00:00+00:00,601.3956329573075,3.0,1.0,-0.0008766066548560048,0.0008766066548560048,False
27651,SORCE,2018-09-05 00:00:00+00:00,601.3945407151541,3.333,1.0,-0.0010922421533905435,0.0010922421533905435,False
27651,SORCE,2018-09-06 00:00:00+00:00,601.3934469108608,2.0,1.0,-0.0010938042933048564,0.0010938042933048564,False
27651,SORCE,2018-09-07 00:00:00+00:00,601.3923906088366,2.333,1.0,-0.0010563020241534105,0.0010563020241534105,False
27651,SORCE,2018-09-08 00:00:00+00:00,601.3913249317548,2.333,1.0,-0.0010656770818968653,0.0010656770818968653,False
27651,SORCE,2018-09-09 00:00:00+00:00,601.3902483170527,2.667,1.0,-0.001076614702014922,0.001076614702014922,False
27651,SORCE,2018-09-10 00:00:00+00:00,601.3892592069578,5.0,1.0,-0.0009891100949062093,0.0009891100949062093,True
27651,SORCE,2018-09-11 00:00:00+00:00,601.3877231962424,6.0,1.0,-0.001536010715426528,0.001536010715426528,True
27651,SORCE,2018-09-12 00:00:00+00:00,601.3860715559567,4.0,1.0,-0.001651640285672329,0.001651640285672329,False
27651,SORCE,2018-09-13 00:00:00+00:00,601.3845996124578,4.0,1.0,-0.0014719434989274305,0.0014719434989274305,False
27651,SORCE,2018-09-14 00:00:00+00:00,601.3831432954494,4.333,1.0,-0.0014563170084329613,0.0014563170084329613,False
27651,SORCE,2018-09-15 00:00:00+00:00,601.3819057391293,2.667,1.0,-0.0012375563201203477,0.0012375563201203477,False
27651,SORCE,2018-09-16 00:00:00+00:00,601.3804744246308,2.333,1.0,-0.0014313144984043902,0.0014313144984043902,False
27651,SORCE,2018-09-17 00:00:00+00:00,601.3793915638371,3.333,1.0,-0.0010828607937583001,0.0010828607937583001,False
27651,SORCE,2018-09-18 00:00:00+00:00,601.3783446425336,2.333,1.0,-0.001046921303441195,0.001046921303441195,False
27651,SORCE,2018-09-19 00:00:00+00:00,601.3770789620894,2.333,1.0,-0.0012656804442485736,0.0012656804442485736,False
27651,SORCE,2018-09-20 00:00:00+00:00,601.3761117326048,0.667,1.0,-0.0009672294845586293,0.0009672294845586293,False
27651,SORCE,2018-09-22 00:00:00+00:00,601.3741866500441,4.667,2.0,-0.0019250825607741717,0.0009625412803870859,False
27651,SORCE,2018-09-23 00:00:00+00:00,601.3715318508757,3.333,1.0,-0.002654799168340105,0.002654799168340105,False
27651,SORCE,2018-09-24 00:00:00+00:00,601.3708896367261,2.333,1.0,-0.000642214149593201,0.000642214149593201,False
27651,SORCE,2018-09-25 00:00:00+00:00,601.3697395893951,3.0,1.0,-0.0011500473310661619,0.0011500473310661619,False
27651,SORCE,2018-09-26 00:00:00+00:00,601.3685645415235,2.667,1.0,-0.0011750478715839563,0.0011750478715839563,False
27651,SORCE,2018-09-27 00:00:00+00:00,601.3673613680212,2.333,1.0,-0.0012031735022901557,0.0012031735022901557,False
27651,SORCE,2018-09-28 00:00:00+00:00,601.3662160098406,3.0,1.0,-0.0011453581805653812,0.0011453581805653812,False
27651,SORCE,2018-09-29 00:00:00+00:00,601.3648831447558,3.333,1.0,-0.0013328650848052348,0.0013328650848052348,False
27651,SORCE,2018-09-30 00:00:00+00:00,601.3630143221576,2.333,1.0,-0.001868822598225961,0.001868822598225961,False
27651,SORCE,2018-10-01 00:00:00+00:00,601.3618392770559,3.667,1.0,-0.001175045101717842,0.001175045101717842,False
27651,SORCE,2018-10-02 00:00:00+00:00,601.3599126417971,3.667,1.0,-0.0019266352587692381,0.0019266352587692381,False
27651,SORCE,2018-10-03 00:00:00+00:00,601.3585969678702,2.333,1.0,-0.0013156739269106765,0.0013156739269106765,False
27651,SORCE,2018-10-04 00:00:00+00:00,601.3569828461532,1.667,1.0,-0.0016141217170115851,0.0016141217170115851,False
27651,SORCE,2018-10-05 00:00:00+00:00,601.3553749756206,3.0,1.0,-0.0016078705325526244,0.0016078705325526244,False
27651,SORCE,2018-10-06 00:00:00+00:00,601.3537921068951,3.0,1.0,-0.0015828687255634577,0.0015828687255634577,False
27651,SORCE,2018-10-07 00:00:00+00:00,601.351760786054,5.333,1.0,-0.002031320841069828,0.002031320841069828,True
27651,SORCE,2018-10-08 00:00:00+00:00,601.3501138547035,4.333,1.0,-0.0016469313504785532,0.0016469313504785532,False
27651,SORCE,2018-10-09 00:00:00+00:00,601.3490716320998,3.667,1.0,-0.0010422226037007931,0.0010422226037007931,False
27651,SORCE,2018-10-10 00:00:00+00:00,601.3475918953222,4.667,1.0,-0.0014797367775827297,0.0014797367775827297,False
27651,SORCE,2018-10-11 00:00:00+00:00,601.3455574539021,3.0,1.0,-0.0020344414201645122,0.0020344414201645122,False
27651,SORCE,2018-10-12 00:00:00+00:00,601.3440636561181,1.667,1.0,-0.0014937977839508676,0.0014937977839508676,False
27651,SORCE,2018-10-13 00:00:00+00:00,601.341594828732,4.333,1.0,-0.002468827386110206,0.002468827386110206,False
27651,SORCE,2018-10-14 00:00:00+00:00,601.3404166677319,2.0,1.0,-0.0011781610000980436,0.0011781610000980436,False
27651,SORCE,2018-10-15 00:00:00+00:00,601.3384416081776,3.0,1.0,-0.0019750595542973315,0.0019750595542973315,False
27651,SORCE,2018-10-16 00:00:00+00:00,601.3368743745077,2.0,1.0,-0.0015672336699026346,0.0015672336699026346,False
27651,SORCE,2018-10-17 00:00:00+00:00,601.33571496592,1.667,1.0,-0.0011594085876822646,0.0011594085876822646,False
27651,SORCE,2018-10-18 00:00:00+00:00,601.3343446143417,0.333,1.0,-0.0013703515783163311,0.0013703515783163311,False
27651,SORCE,2018-10-19 00:00:00+00:00,601.3334711522944,0.667,1.0,-0.000873462047366047,0.000873462047366047,False
27651,SORCE,2018-10-20 00:00:00+00:00,601.3327164437833,0.333,1.0,-0.0007547085110672924,0.0007547085110672924,False
27651,SORCE,2018-10-21 00:00:00+00:00,601.3314085953843,2.0,1.0,-0.0013078483989374945,0.0013078483989374945,False
27651,SORCE,2018-10-22 00:00:00+00:00,601.3300944974185,2.667,1.0,-0.0013140979658601282,0.0013140979658601282,False
27651,SORCE,2018-10-23 00:00:00+00:00,601.3288444642667,1.0,1.0,-0.0012500331517912855,0.0012500331517912855,False
27651,SORCE,2018-10-24 00:00:00+00:00,601.3273866138061,1.333,1.0,-0.0014578504606106435,0.0014578504606106435,False
27651,SORCE,2018-10-25 00:00:00+00:00,601.3258568872761,2.0,1.0,-0.0015297265299523133,0.0015297265299523133,False
27651,SORCE,2018-10-26 00:00:00+00:00,601.324791235591,2.333,1.0,-0.001065651685166813,0.001065651685166813,False
27651,SORCE,2018-10-27 00:00:00+00:00,601.3235912060354,1.667,1.0,-0.0012000295555480989,0.0012000295555480989,False
27651,SORCE,2018-10-28 00:00:00+00:00,601.3223427383236,1.333,1.0,-0.0012484677117754472,0.0012484677117754472,False
27651,SORCE,2018-10-29 00:00:00+00:00,601.3211114590745,0.333,1.0,-0.0012312792491684377,0.0012312792491684377,False
27651,SORCE,2018-10-30 00:00:00+00:00,601.3201067481104,2.0,1.0,-0.0010047109640254348,0.0010047109640254348,False
27651,SORCE,2018-10-31 00:00:00+00:00,601.3188379690014,1.667,1.0,-0.0012687791090684186,0.0012687791090684186,False
27651,SORCE,2018-11-01 00:00:00+00:00,601.317522314419,2.0,1.0,-0.0013156545824131172,0.0013156545824131172,False
27651,SORCE,2018-11-02 00:00:00+00:00,601.316272286891,2.667,1.0,-0.001250027527930797,0.001250027527930797,False
27651,SORCE,2018-11-03 00:00:00+00:00,601.3150316351212,2.0,1.0,-0.001240651769876422,0.001240651769876422,False
27651,SORCE,2018-11-04 00:00:00+00:00,601.3140409891594,5.333,1.0,-0.0009906459617923247,0.0009906459617923247,True
27651,SORCE,2018-11-05 00:00:00+00:00,601.3124722066909,5.667,1.0,-0.0015687824684391671,0.0015687824684391671,True
27651,SORCE,2018-11-06 00:00:00+00:00,601.3101955985385,3.667,1.0,-0.00227660815244235,0.00227660815244235,False
27651,SORCE,2018-11-07 00:00:00+00:00,601.3082189979559,3.333,1.0,-0.0019766005825658794,0.0019766005825658794,False
27651,SORCE,2018-11-08 00:00:00+00:00,601.3065220913732,4.0,1.0,-0.001696906582765223,0.001696906582765223,False
27651,SORCE,2018-11-09 00:00:00+00:00,601.3050658150933,4.0,1.0,-0.0014562762798959739,0.0014562762798959739,False
27651,SORCE,2018-11-10 00:00:00+00:00,601.3032392207256,4.333,1.0,-0.0018265943676851748,0.0018265943676851748,False
27651,SORCE,2018-11-11 00:00:00+00:00,601.3016110683025,3.0,1.0,-0.0016281524231089861,0.0016281524231089861,False
27651,SORCE,2018-11-12 00:00:00+00:00,601.2999907294552,3.333,1.0,-0.0016203388472604274,0.0016203388472604274,False
27651,SORCE,2018-11-13 00:00:00+00:00,601.298451642796,2.0,1.0,-0.0015390866592497332,0.0015390866592497332,False
27651,SORCE,2018-11-14 00:00:00+00:00,601.2972281867033,1.333,1.0,-0.0012234560927026905,0.0012234560927026905,False
27651,SORCE,2018-11-15 00:00:00+00:00,601.2958531664481,0.667,1.0,-0.0013750202551818802,0.0013750202551818802,False
27651,SORCE,2018-11-16 00:00:00+00:00,601.2947156502023,1.0,1.0,-0.0011375162457625265,0.0011375162457625265,False
27651,SORCE,2018-11-17 00:00:00+00:00,601.2934515702154,0.667,1.0,-0.0012640799868677277,0.0012640799868677277,False
27651,SORCE,2018-11-18 00:00:00+00:00,601.2925499955554,1.0,1.0,-0.0009015746600198327,0.0009015746600198327,False
27651,SORCE,2018-11-19 00:00:00+00:00,601.2913468548113,1.667,1.0,-0.0012031407441099873,0.0012031407441099873,False
27651,SORCE,2018-11-20 00:00:00+00:00,601.2899499621817,3.0,1.0,-0.0013968926296001882,0.0013968926296001882,False
27651,SORCE,2018-11-21 00:00:00+00:00,601.2887108846285,2.667,1.0,-0.0012390775532367115,0.0012390775532367115,False
27651,SORCE,2018-11-22 00:00:00+00:00,601.2870843032365,1.0,1.0,-0.0016265813919744687,0.0016265813919744687,False
27651,SORCE,2018-11-23 00:00:00+00:00,601.2858608521201,1.0,1.0,-0.0012234511164024298,0.0012234511164024298,False
27651,SORCE,2018-11-24 00:00:00+00:00,601.2845639632737,1.667,1.0,-0.0012968888463547046,0.0012968888463547046,False
27651,SORCE,2018-11-25 00:00:00+00:00,601.2834561394266,1.0,1.0,-0.0011078238471782242,0.0011078238471782242,False
27651,SORCE,2018-11-26 00:00:00+00:00,601.2827405073058,0.667,1.0,-0.0007156321207730798,0.0007156321207730798,False
27651,SORCE,2018-11-27 00:00:00+00:00,601.2815717461103,2.333,1.0,-0.0011687611954585009,0.0011687611954585009,False
27651,SORCE,2018-11-28 00:00:00+00:00,601.2802529840797,1.0,1.0,-0.0013187620306780445,0.0013187620306780445,False
27651,SORCE,2018-11-29 00:00:00+00:00,601.2792201625898,2.0,1.0,-0.0010328214898436272,0.0010328214898436272,False
27651,SORCE,2018-11-30 00:00:00+00:00,601.2778857765302,1.333,1.0,-0.0013343860596251034,0.0013343860596251034,False
27651,SORCE,2018-12-01 00:00:00+00:00,601.2763873273498,3.0,1.0,-0.001498449180417083,0.001498449180417083,False
27651,SORCE,2018-12-02 00:00:00+00:00,601.275543571137,3.667,1.0,-0.0008437562128165155,0.0008437562128165155,False
27651,SORCE,2018-12-03 00:00:00+00:00,601.2747904408097,3.0,1.0,-0.0007531303272116929,0.0007531303272116929,False
27651,SORCE,2018-12-04 00:00:00+00:00,601.2736966834318,3.0,1.0,-0.0010937573779301601,0.0010937573779301601,False
27651,SORCE,2018-12-05 00:00:00+00:00,601.2723279248039,2.0,1.0,-0.0013687586279047537,0.0013687586279047537,False
27651,SORCE,2018-12-06 00:00:00+00:00,601.2715951080363,2.0,1.0,-0.0007328167675950681,0.0007328167675950681,False
27651,SORCE,2018-12-07 00:00:00+00:00,601.2703810387275,3.333,1.0,-0.0012140693088440457,0.0012140693088440457,False
27651,SORCE,2018-12-08 00:00:00+00:00,601.269196657664,3.333,1.0,-0.001184381063467299,0.001184381063467299,False
27651,SORCE,2018-12-09 00:00:00+00:00,601.2681607151771,3.667,1.0,-0.0010359424868511269,0.0010359424868511269,False
27651,SORCE,2018-12-10 00:00:00+00:00,601.2668778971056,3.0,1.0,-0.0012828180715587223,0.0012828180715587223,False
27651,SORCE,2018-12-11 00:00:00+00:00,601.2660872689712,2.667,1.0,-0.000790628134382132,0.000790628134382132,False
27651,SORCE,2018-12-12 00:00:00+00:00,601.2654810167187,2.0,1.0,-0.0006062522525098757,0.0006062522525098757,False
27651,SORCE,2018-12-13 00:00:00+00:00,601.2649091397152,1.0,1.0,-0.0005718770034945919,0.0005718770034945919,False
27651,SORCE,2018-12-14 00:00:00+00:00,601.264146637227,0.667,1.0,-0.0007625024882145226,0.0007625024882145226,False
27651,SORCE,2018-12-15 00:00:00+00:00,601.263062259045,0.333,1.0,-0.0010843781819858123,0.0010843781819858123,False
27651,SORCE,2018-12-16 00:00:00+00:00,601.2623497571858,0.667,1.0,-0.0007125018591978005,0.0007125018591978005,False
27651,SORCE,2018-12-17 00:00:00+00:00,601.2613778799387,2.333,1.0,-0.0009718772471387638,0.0009718772471387638,False
27651,SORCE,2018-12-18 00:00:00+00:00,601.2606997535713,2.667,1.0,-0.0006781263673474314,0.0006781263673474314,False
27651,SORCE,2018-12-19 00:00:00+00:00,601.2595700641814,2.0,1.0,-0.00112968938992708,0.00112968938992708,False
27651,SORCE,2018-12-20 00:00:00+00:00,601.2579075621907,3.0,1.0,-0.001662501990722376,0.001662501990722376,False
27651,SORCE,2018-12-21 00:00:00+00:00,601.2567606863945,2.0,1.0,-0.0011468757961665688,0.0011468757961665688,False
27651,SORCE,2018-12-22 00:00:00+00:00,601.2554825610732,1.0,1.0,-0.001278125321277912,0.001278125321277912,False
27651,SORCE,2018-12-23 00:00:00+00:00,601.2542528738104,0.667,1.0,-0.001229687262821244,0.001229687262821244,False
27651,SORCE,2018-12-24 00:00:00+00:00,601.2531184995123,1.333,1.0,-0.0011343742980898242,0.0011343742980898242,False
27651,SORCE,2018-12-25 00:00:00+00:00,601.2521153755179,1.667,1.0,-0.0010031239944510162,0.0010031239944510162,False
27651,SORCE,2018-12-26 00:00:00+00:00,601.2512263142116,1.0,1.0,-0.0008890613062249031,0.0008890613062249031,False
27651,SORCE,2018-12-27 00:00:00+00:00,601.2500153787887,2.333,1.0,-0.0012109354229323799,0.0012109354229323799,False
27651,SORCE,2018-12-28 00:00:00+00:00,601.2483247575701,4.333,1.0,-0.0016906212185858749,0.0016906212185858749,False
27651,SORCE,2018-12-29 00:00:00+00:00,601.2468935115712,3.0,1.0,-0.0014312459989014314,0.0014312459989014314,False
27651,SORCE,2018-12-30 00:00:00+00:00,601.2454528913413,3.0,1.0,-0.0014406202299142024,0.0014406202299142024,False
27651,SORCE,2018-12-31 00:00:00+00:00,601.2439341471718,3.0,1.0,-0.0015187441695161397,0.0015187441695161397,False
27651,SORCE,2019-01-01 00:00:00+00:00,601.2424716535688,2.667,1.0,-0.001462493602957693,0.001462493602957693,False
27651,SORCE,2019-01-02 00:00:00+00:00,601.2414169711583,0.333,1.0,-0.0010546824105404085,0.0010546824105404085,False
27651,SORCE,2019-01-03 00:00:00+00:00,601.2398529169386,1.0,1.0,-0.001564054219670652,0.001564054219670652,False
27651,SORCE,2019-01-04 00:00:00+00:00,601.2391779207819,3.333,1.0,-0.0006749961567038554,0.0006749961567038554,False
27651,SORCE,2019-01-05 00:00:00+00:00,601.2378716786843,5.0,1.0,-0.0013062420975984423,0.0013062420975984423,True
27651,SORCE,2019-01-06 00:00:00+00:00,601.2368451228444,3.0,1.0,-0.0010265558398714347,0.0010265558398714347,False
27651,SORCE,2019-01-07 00:00:00+00:00,601.2355388818278,2.333,1.0,-0.0013062410166639893,0.0013062410166639893,False
27651,SORCE,2019-01-08 00:00:00+00:00,601.2343326406763,2.333,1.0,-0.0012062411515216809,0.0012062411515216809,False
27651,SORCE,2019-01-09 00:00:00+00:00,601.2330092134775,1.667,1.0,-0.0013234271987130342,0.0013234271987130342,False
27651,SORCE,2019-01-10 00:00:00+00:00,601.2316623496263,1.333,1.0,-0.001346863851267699,0.001346863851267699,False
27651,SORCE,2019-01-11 00:00:00+00:00,601.2309373558701,3.333,1.0,-0.0007249937561937259,0.0007249937561937259,False
27651,SORCE,2019-01-12 00:00:00+00:00,601.2299904893334,1.0,1.0,-0.0009468665366512141,0.0009468665366512141,False
27651,SORCE,2019-01-13 00:00:00+00:00,601.2291217473785,1.0,1.0,-0.0008687419549460174,0.0008687419549460174,False
27651,SORCE,2019-01-14 00:00:00+00:00,601.227631136815,2.667,1.0,-0.0014906105634509004,0.0014906105634509004,False
27651,SORCE,2019-01-15 00:00:00+00:00,601.2272030161166,2.667,1.0,-0.0004281206984160235,0.0004281206984160235,False
27651,SORCE,2019-01-16 00:00:00+00:00,601.2262561508387,2.667,1.0,-0.0009468652779105469,0.0009468652779105469,False
27651,SORCE,2019-01-17 00:00:00+00:00,601.2252483490497,2.667,1.0,-0.0010078017890009505,0.0010078017890009505,False
27651,SORCE,2019-01-18 00:00:00+00:00,601.2243749211211,2.0,1.0,-0.0008734279285818047,0.0008734279285818047,False
27651,SORCE,2019-01-19 00:00:00+00:00,601.2233483702216,2.667,1.0,-0.0010265508994962147,0.0010265508994962147,False
27651,SORCE,2019-01-20 00:00:00+00:00,601.2223202572231,1.667,1.0,-0.001028112998483266,0.001028112998483266,False
27651,SORCE,2019-01-21 00:00:00+00:00,601.2210499600806,1.667,1.0,-0.0012702971425824217,0.0012702971425824217,False
27651,SORCE,2019-01-22 00:00:00+00:00,601.2197515388525,2.0,1.0,-0.0012984212280571228,0.0012984212280571228,False
27651,SORCE,2019-01-23 00:00:00+00:00,601.2192374829665,4.0,1.0,-0.0005140558860148303,0.0005140558860148303,False
27651,SORCE,2019-01-24 00:00:00+00:00,601.2181406223963,4.333,1.0,-0.0010968605702146306,0.0010968605702146306,False
27651,SORCE,2019-01-25 00:00:00+00:00,601.2162125238056,3.333,1.0,-0.001928098590724403,0.001928098590724403,False
27651,SORCE,2019-01-26 00:00:00+00:00,601.2154906590617,3.0,1.0,-0.0007218647438094195,0.0007218647438094195,False
27651,SORCE,2019-01-27 00:00:00+00:00,601.2146375463644,2.0,1.0,-0.000853112697313918,0.000853112697313918,False
27651,SORCE,2019-01-28 00:00:00+00:00,601.2130891319416,0.667,1.0,-0.0015484144228139485,0.0015484144228139485,False
27651,SORCE,2019-01-29 00:00:00+00:00,601.2116469666507,1.667,1.0,-0.001442165290882258,0.001442165290882258,False
33591,NOAA 19,2017-12-02 00:00:00+00:00,851.7376536219735,2.333,,,,False
33591,NOAA 19,2017-12-03 00:00:00+00:00,851.7369232457659,0.667,1.0,-0.0007303762076844578,0.0007303762076844578,False
33591,NOAA 19,2017-12-04 00:00:00+00:00,851.7357184667317,4.0,1.0,-0.0012047790341966902,0.0012047790341966902,False
33591,NOAA 19,2017-12-05 00:00:00+00:00,851.7349027667524,5.0,1.0,-0.0008156999792845454,0.0008156999792845454,True
33591,NOAA 19,2017-12-06 00:00:00+00:00,851.7339368963712,4.0,1.0,-0.000965870381151035,0.000965870381151035,False
33591,NOAA 19,2017-12-07 00:00:00+00:00,851.7331109579973,3.333,1.0,-0.0008259383739641635,0.0008259383739641635,False
33591,NOAA 19,2017-12-08 00:00:00+00:00,851.732363518101,2.0,1.0,-0.0007474398962585838,0.0007474398962585838,False
33591,NOAA 19,2017-12-09 00:00:00+00:00,851.7313976485675,1.667,1.0,-0.0009658695335019729,0.0009658695335019729,False
33591,NOAA 19,2017-12-10 00:00:00+00:00,851.7303498682022,1.333,1.0,-0.0010477803652975126,0.0010477803652975126,False
33591,NOAA 19,2017-12-11 00:00:00+00:00,851.7291723956059,3.333,1.0,-0.001177472596282314,0.001177472596282314,False
33591,NOAA 19,2017-12-12 00:00:00+00:00,851.7280256401473,4.0,1.0,-0.0011467554586488404,0.0011467554586488404,False
33591,NOAA 19,2017-12-13 00:00:00+00:00,851.7269130147488,2.667,1.0,-0.0011126253984912182,0.0011126253984912182,False
33591,NOAA 19,2017-12-14 00:00:00+00:00,851.72588400729,2.667,1.0,-0.0010290074587828713,0.0010290074587828713,False
33591,NOAA 19,2017-12-15 00:00:00+00:00,851.7250597776901,1.333,1.0,-0.0008242295998570626,0.0008242295998570626,False
33591,NOAA 19,2017-12-16 00:00:00+00:00,851.7240768458096,2.0,1.0,-0.0009829318805714138,0.0009829318805714138,False
33591,NOAA 19,2017-12-17 00:00:00+00:00,851.7231348697369,4.667,1.0,-0.0009419760726814275,0.0009419760726814275,False
33591,NOAA 19,2017-12-18 00:00:00+00:00,851.7221894810173,4.333,1.0,-0.0009453887196286814,0.0009453887196286814,False
33591,NOAA 19,2017-12-19 00:00:00+00:00,851.7214864123498,2.333,1.0,-0.0007030686674625031,0.0007030686674625031,False
33591,NOAA 19,2017-12-20 00:00:00+00:00,851.7206246415221,2.0,1.0,-0.0008617708276688063,0.0008617708276688063,False
33591,NOAA 19,2017-12-21 00:00:00+00:00,851.7193328390081,1.0,1.0,-0.0012918025140606915,0.0012918025140606915,False
33591,NOAA 19,2017-12-22 00:00:00+00:00,851.7182185104807,1.0,1.0,-0.0011143285273647052,0.0011143285273647052,False
33591,NOAA 19,2017-12-23 00:00:00+00:00,851.7173055463763,2.667,1.0,-0.0009129641043728043,0.0009129641043728043,False
33591,NOAA 19,2017-12-24 00:00:00+00:00,851.7160717654601,3.333,1.0,-0.0012337809162090707,0.0012337809162090707,False
33591,NOAA 19,2017-12-25 00:00:00+00:00,851.7151366178832,3.0,1.0,-0.000935147576910822,0.000935147576910822,False
33591,NOAA 19,2017-12-26 00:00:00+00:00,851.7143874761559,3.667,1.0,-0.0007491417272831313,0.0007491417272831313,False
33591,NOAA 19,2017-12-27 00:00:00+00:00,851.7133311695966,2.667,1.0,-0.0010563065593487408,0.0010563065593487408,False
33591,NOAA 19,2017-12-28 00:00:00+00:00,851.7123380028734,1.667,1.0,-0.000993166723219474,0.000993166723219474,False
33591,NOAA 19,2017-12-29 00:00:00+00:00,851.7112407417558,2.333,1.0,-0.001097261117593007,0.001097261117593007,False
33591,NOAA 19,2017-12-30 00:00:00+00:00,851.7100462122357,1.667,1.0,-0.0011945295200348482,0.0011945295200348482,False
33591,NOAA 19,2017-12-31 00:00:00+00:00,851.70912130542,2.0,1.0,-0.0009249068157259899,0.0009249068157259899,False
33591,NOAA 19,2018-01-01 00:00:00+00:00,851.7082271153604,3.667,1.0,-0.0008941900596255437,0.0008941900596255437,False
33591,NOAA 19,2018-01-02 00:00:00+00:00,851.7075598859337,2.0,1.0,-0.0006672294266536483,0.0006672294266536483,False
33591,NOAA 19,2018-01-03 00:00:00+00:00,851.7065991440895,1.0,1.0,-0.0009607418442101334,0.0009607418442101334,False
33591,NOAA 19,2018-01-04 00:00:00+00:00,851.7059131438973,1.333,1.0,-0.0006860001922177617,0.0006860001922177617,False
33591,NOAA 19,2018-01-05 00:00:00+00:00,851.7049438702634,2.0,1.0,-0.0009692736339275143,0.0009692736339275143,False
33591,NOAA 19,2018-01-06 00:00:00+00:00,851.7040019004235,1.333,1.0,-0.0009419698399142362,0.0009419698399142362,False
33591,NOAA 19,2018-01-07 00:00:00+00:00,851.7031230701377,1.0,1.0,-0.000878830285728327,0.000878830285728327,False
33591,NOAA 19,2018-01-08 00:00:00+00:00,851.7019746185424,3.667,1.0,-0.0011484515953270602,0.0011484515953270602,False
33591,NOAA 19,2018-01-09 00:00:00+00:00,851.7008227544775,3.667,1.0,-0.0011518640649228473,0.0011518640649228473,False
33591,NOAA 19,2018-01-10 00:00:00+00:00,851.6999609898057,1.667,1.0,-0.0008617646717539174,0.0008617646717539174,False
33591,NOAA 19,2018-01-11 00:00:00+00:00,851.6991043447856,1.0,1.0,-0.0008566450201215048,0.0008566450201215048,False
33591,NOAA 19,2018-01-12 00:00:00+00:00,851.6982084513602,1.333,1.0,-0.0008958934254224005,0.0008958934254224005,False
33591,NOAA 19,2018-01-13 00:00:00+00:00,851.6973432745426,3.0,1.0,-0.0008651768175695906,0.0008651768175695906,False
33591,NOAA 19,2018-01-14 00:00:00+00:00,851.6962647901933,4.667,1.0,-0.0010784843493638618,0.0010784843493638618,False
33591,NOAA 19,2018-01-15 00:00:00+00:00,851.6951828933197,3.667,1.0,-0.001081896873529331,0.001081896873529331,False
33591,NOAA 19,2018-01-16 00:00:00+00:00,851.6941487777631,2.0,1.0,-0.0010341155566493399,0.0010341155566493399,False
33591,NOAA 19,2018-01-17 00:00:00+00:00,851.693457661142,0.667,1.0,-0.0006911166210556985,0.0006911166210556985,False
33591,NOAA 19,2018-01-18 00:00:00+00:00,851.6926283214052,0.333,1.0,-0.0008293397368106525,0.0008293397368106525,False
33591,NOAA 19,2018-01-19 00:00:00+00:00,851.6915856744627,2.667,1.0,-0.0010426469425510732,0.0010426469425510732,False
33591,NOAA 19,2018-01-20 00:00:00+00:00,851.6910191299685,3.0,1.0,-0.0005665444941769238,0.0005665444941769238,False
33591,NOAA 19,2018-01-21 00:00:00+00:00,851.6901385971742,3.0,1.0,-0.0008805327943264274,0.0008805327943264274,False
33591,NOAA 19,2018-01-22 00:00:00+00:00,851.6893075519365,3.333,1.0,-0.0008310452376463218,0.0008310452376463218,False
33591,NOAA 19,2018-01-23 00:00:00+00:00,851.6883553484404,2.0,1.0,-0.000952203496126458,0.000952203496126458,False
33591,NOAA 19,2018-01-24 00:00:00+00:00,851.6873417128127,4.0,1.0,-0.0010136356277143932,0.0010136356277143932,False
33591,NOAA 19,2018-01-25 00:00:00+00:00,851.6861352479727,3.0,1.0,-0.0012064648399245925,0.0012064648399245925,False
33591,NOAA 19,2018-01-26 00:00:00+00:00,851.6851130808377,3.0,1.0,-0.0010221671350336692,0.0010221671350336692,False
33591,NOAA 19,2018-01-27 00:00:00+00:00,851.6842291369303,2.667,1.0,-0.0008839439074108668,0.0008839439074108668,False
33591,NOAA 19,2018-01-28 00:00:00+00:00,851.6834032127535,1.667,1.0,-0.0008259241767518688,0.0008259241767518688,False
33591,NOAA 19,2018-01-29 00:00:00+00:00,851.6827138051499,1.0,1.0,-0.0006894076036587649,0.0006894076036587649,False
33591,NOAA 19,2018-01-30 00:00:00+00:00,851.6819424879272,2.333,1.0,-0.0007713172226431197,0.0007713172226431197,False
33591,NOAA 19,2018-01-31 00:00:00+00:00,851.6810636643481,2.667,1.0,-0.0008788235791143961,0.0008788235791143961,False
33591,NOAA 19,2018-02-01 00:00:00+00:00,851.6801285280999,2.667,1.0,-0.0009351362482448167,0.0009351362482448167,False
33591,NOAA 19,2018-02-02 00:00:00+00:00,851.679195098603,2.0,1.0,-0.0009334294968539325,0.0009334294968539325,False
33591,NOAA 19,2018-02-03 00:00:00+00:00,851.6782923855353,1.667,1.0,-0.0009027130677168316,0.0009027130677168316,False
33591,NOAA 19,2018-02-04 00:00:00+00:00,851.6774391598369,2.333,1.0,-0.0008532256983926345,0.0008532256983926345,False
33591,NOAA 19,2018-02-05 00:00:00+00:00,851.676591053737,3.0,1.0,-0.000848106099965662,0.000848106099965662,False
33591,NOAA 19,2018-02-06 00:00:00+00:00,851.6758521607003,2.333,1.0,-0.0007388930366687418,0.0007388930366687418,False
33591,NOAA 19,2018-02-07 00:00:00+00:00,851.6750962033543,1.667,1.0,-0.0007559573459730018,0.0007559573459730018,False
33591,NOAA 19,2018-02-08 00:00:00+00:00,851.6739716531738,1.333,1.0,-0.0011245501805206004,0.0011245501805206004,False
33591,NOAA 19,2018-02-09 00:00:00+00:00,851.6731952189402,2.667,1.0,-0.0007764342335576657,0.0007764342335576657,False
33591,NOAA 19,2018-02-10 00:00:00+00:00,851.6722242498254,2.333,1.0,-0.0009709691148600541,0.0009709691148600541,False
33591,NOAA 19,2018-02-11 00:00:00+00:00,851.6711628393218,0.667,1.0,-0.0010614105035529064,0.0010614105035529064,False
33591,NOAA 19,2018-02-12 00:00:00+00:00,851.6702481836319,1.667,1.0,-0.0009146556899395364,0.0009146556899395364,False
33591,NOAA 19,2018-02-13 00:00:00+00:00,851.6693301153391,0.667,1.0,-0.0009180682927762973,0.0009180682927762973,False
33591,NOAA 19,2018-02-14 00:00:00+00:00,851.6685485630105,1.333,1.0,-0.0007815523285898962,0.0007815523285898962,False
33591,NOAA 19,2018-02-15 00:00:00+00:00,851.667843800938,4.667,1.0,-0.0007047620724733861,0.0007047620724733861,False
33591,NOAA 19,2018-02-16 00:00:00+00:00,851.6671748743852,2.333,1.0,-0.0006689265528621036,0.0006689265528621036,False
33591,NOAA 19,2018-02-17 00:00:00+00:00,851.6664018548618,3.667,1.0,-0.0007730195234216808,0.0007730195234216808,False
33591,NOAA 19,2018-02-18 00:00:00+00:00,851.6655025586756,4.0,1.0,-0.0008992961861622462,0.0008992961861622462,False
33591,NOAA 19,2018-02-19 00:00:00+00:00,851.6645708403485,4.0,1.0,-0.0009317183271377871,0.0009317183271377871,False
33591,NOAA 19,2018-02-20 00:00:00+00:00,851.6633166045985,2.667,1.0,-0.0012542357499114587,0.0012542357499114587,False
33591,NOAA 19,2018-02-21 00:00:00+00:00,851.6624702090849,2.0,1.0,-0.0008463955136903678,0.0008463955136903678,False
33591,NOAA 19,2018-02-22 00:00:00+00:00,851.6617023101521,3.667,1.0,-0.0007678989327359886,0.0007678989327359886,False
33591,NOAA 19,2018-02-23 00:00:00+00:00,851.6608388506966,4.333,1.0,-0.0008634594555587682,0.0008634594555587682,False
33591,NOAA 19,2018-02-24 00:00:00+00:00,851.6601665128755,3.333,1.0,-0.0006723378210153896,0.0006723378210153896,False
33591,NOAA 19,2018-02-25 00:00:00+00:00,851.6591938416973,2.0,1.0,-0.000972671178260498,0.000972671178260498,False
33591,NOAA 19,2018-02-26 00:00:00+00:00,851.6583099057152,3.0,1.0,-0.0008839359820740356,0.0008839359820740356,False
33591,NOAA 19,2018-02-27 00:00:00+00:00,851.6575044662095,5.333,1.0,-0.0008054395057115471,0.0008054395057115471,True
33591,NOAA 19,2018-02-28 00:00:00+00:00,851.6562877751853,2.333,1.0,-0.001216691024183092,0.001216691024183092,False
33591,NOAA 19,2018-03-01 00:00:00+00:00,851.6555352358255,2.667,1.0,-0.0007525393598371011,0.0007525393598371011,False
33591,NOAA 19,2018-03-02 00:00:00+00:00,851.6545915756456,2.667,1.0,-0.0009436601799279742,0.0009436601799279742,False
33591,NOAA 19,2018-03-03 00:00:00+00:00,851.6539533680261,2.667,1.0,-0.0006382076194313413,0.0006382076194313413,False
33591,NOAA 19,2018-03-04 00:00:00+00:00,851.653194003532,2.667,1.0,-0.0007593644941152888,0.0007593644941152888,False
33591,NOAA 19,2018-03-05 00:00:00+00:00,851.6524397585458,1.333,1.0,-0.0007542449861830391,0.0007542449861830391,False
33591,NOAA 19,2018-03-06 00:00:00+00:00,851.651578008295,2.0,1.0,-0.000861750250805926,0.000861750250805926,False
33591,NOAA 19,2018-03-07 00:00:00+00:00,851.6507264969109,2.667,1.0,-0.0008515113840985578,0.0008515113840985578,False
33591,NOAA 19,2018-03-08 00:00:00+00:00,851.6498664535984,1.667,1.0,-0.0008600433125138807,0.0008600433125138807,False
33591,NOAA 19,2018-03-09 00:00:00+00:00,851.6486787751714,4.333,1.0,-0.0011876784269588825,0.0011876784269588825,False
33591,NOAA 19,2018-03-10 00:00:00+00:00,851.6476924563835,4.0,1.0,-0.0009863187879091129,0.0009863187879091129,False
33591,NOAA 19,2018-03-11 00:00:00+00:00,851.6469313870939,2.333,1.0,-0.0007610692896378168,0.0007610692896378168,False
33591,NOAA 19,2018-03-12 00:00:00+00:00,851.6460747577812,1.0,1.0,-0.0008566293126932578,0.0008566293126932578,False
33591,NOAA 19,2018-03-13 00:00:00+00:00,851.6452761474156,1.0,1.0,-0.0007986103655639454,0.0007986103655639454,False
33591,NOAA 19,2018-03-14 00:00:00+00:00,851.6443495548992,4.0,1.0,-0.0009265925164072542,0.0009265925164072542,False
33591,NOAA 19,2018-03-15 00:00:00+00:00,851.6433205768117,4.0,1.0,-0.0010289780875609722,0.0010289780875609722,False
33591,NOAA 19,2018-03-16 00:00:00+00:00,851.6425902244246,4.333,1.0,-0.0007303523871087236,0.0007303523871087236,False
33591,NOAA 19,2018-03-17 00:00:00+00:00,851.6416448620348,4.333,1.0,-0.0009453623897570651,0.0009453623897570651,False
33591,NOAA 19,2018-03-18 00:00:00+00:00,851.6404810769977,6.0,1.0,-0.0011637850370789238,0.0011637850370789238,True
33591,NOAA 19,2018-03-19 00:00:00+00:00,851.6395357152878,4.333,1.0,-0.0009453617099097755,0.0009453617099097755,False
33591,NOAA 19,2018-03-20 00:00:00+00:00,851.6388224281436,3.0,1.0,-0.0007132871442081523,0.0007132871442081523,False
33591,NOAA 19,2018-03-21 00:00:00+00:00,851.6380750126182,2.0,1.0,-0.000747415525438555,0.000747415525438555,False
33591,NOAA 19,2018-03-22 00:00:00+00:00,851.6372627530418,3.0,1.0,-0.0008122595763779827,0.0008122595763779827,False
33591,NOAA 19,2018-03-23 00:00:00+00:00,851.6363037409783,4.0,1.0,-0.0009590120635039057,0.0009590120635039057,False
33591,NOAA 19,2018-03-24 00:00:00+00:00,851.6352355179488,2.667,1.0,-0.0010682230295060435,0.0010682230295060435,False
33591,NOAA 19,2018-03-25 00:00:00+00:00,851.6341434053575,4.0,1.0,-0.0010921125913228025,0.0010921125913228025,False
33591,NOAA 19,2018-03-26 00:00:00+00:00,851.6328908892488,3.0,1.0,-0.0012525161087069137,0.0012525161087069137,False
33591,NOAA 19,2018-03-27 00:00:00+00:00,851.6319062822686,3.0,1.0,-0.0009846069801824342,0.0009846069801824342,False
33591,NOAA 19,2018-03-28 00:00:00+00:00,851.63105136382,0.667,1.0,-0.0008549184485673322,0.0008549184485673322,False
33591,NOAA 19,2018-03-29 00:00:00+00:00,851.6302459319086,1.667,1.0,-0.0008054319114307873,0.0008054319114307873,False
33591,NOAA 19,2018-03-30 00:00:00+00:00,851.6295974911268,2.333,1.0,-0.0006484407817879401,0.0006484407817879401,False
33591,NOAA 19,2018-03-31 00:00:00+00:00,851.6288739678994,2.667,1.0,-0.0007235232274069858,0.0007235232274069858,False
33591,NOAA 19,2018-04-01 00:00:00+00:00,851.6280036925591,1.333,1.0,-0.000870275340275839,0.000870275340275839,False
33591,NOAA 19,2018-04-02 00:00:00+00:00,851.627112940424,1.667,1.0,-0.0008907521350920433,0.0008907521350920433,False
33591,NOAA 19,2018-04-03 00:00:00+00:00,851.6261607574088,2.0,1.0,-0.0009521830152152688,0.0009521830152152688,False
33591,NOAA 19,2018-04-04 00:00:00+00:00,851.6248707035147,1.667,1.0,-0.0012900538940812112,0.0012900538940812112,False
33591,NOAA 19,2018-04-05 00:00:00+00:00,851.624136942939,3.0,1.0,-0.0007337605757129495,0.0007337605757129495,False
33591,NOAA 19,2018-04-06 00:00:00+00:00,851.6231847609047,1.667,1.0,-0.000952182034325233,0.000952182034325233,False
33591,NOAA 19,2018-04-07 00:00:00+00:00,851.6224783034686,2.0,1.0,-0.0007064574360811093,0.0007064574360811093,False
33591,NOAA 19,2018-04-08 00:00:00+00:00,851.6216899381279,2.333,1.0,-0.0007883653406679514,0.0007883653406679514,False
33591,NOAA 19,2018-04-09 00:00:00+00:00,851.6207309312285,4.333,1.0,-0.000959006899392989,0.000959006899392989,False
33591,NOAA 19,2018-04-10 00:00:00+00:00,851.6197480348073,4.0,1.0,-0.000982896421191981,0.000982896421191981,False
33591,NOAA 19,2018-04-11 00:00:00+00:00,851.618533066081,4.333,1.0,-0.001214968726344523,0.001214968726344523,False
33591,NOAA 19,2018-04-12 00:00:00+00:00,851.6174341341348,3.0,1.0,-0.0010989319462169078,0.0010989319462169078,False
33591,NOAA 19,2018-04-13 00:00:00+00:00,851.6162942486485,3.667,1.0,-0.0011398854862818553,0.0011398854862818553,False
33591,NOAA 19,2018-04-14 00:00:00+00:00,851.6156219211844,2.0,1.0,-0.0006723274641444732,0.0006723274641444732,False
33591,NOAA 19,2018-04-15 00:00:00+00:00,851.6147379985177,2.333,1.0,-0.0008839226666168543,0.0008839226666168543,False
33591,NOAA 19,2018-04-16 00:00:00+00:00,851.61401106618,1.0,1.0,-0.0007269323377840919,0.0007269323377840919,False
33591,NOAA 19,2018-04-17 00:00:00+00:00,851.6132022261891,1.0,1.0,-0.000808839990895649,0.000808839990895649,False
33591,NOAA 19,2018-04-18 00:00:00+00:00,851.6122978273115,2.0,1.0,-0.0009043988775374601,0.0009043988775374601,False
33591,NOAA 19,2018-04-19 00:00:00+00:00,851.6113763645935,1.0,1.0,-0.0009214627179972013,0.0009214627179972013,False
33591,NOAA 19,2018-04-20 00:00:00+00:00,851.6102706097199,6.0,1.0,-0.0011057548736062017,0.0011057548736062017,True
33591,NOAA 19,2018-04-21 00:00:00+00:00,851.609127314231,3.333,1.0,-0.0011432954888732638,0.0011432954888732638,False
33591,NOAA 19,2018-04-22 00:00:00+00:00,851.6080659268819,1.667,1.0,-0.0010613873491820414,0.0010613873491820414,False
33591,NOAA 19,2018-04-23 00:00:00+00:00,851.607202483442,3.0,1.0,-0.0008634434398118174,0.0008634434398118174,False
33591,NOAA 19,2018-04-24 00:00:00+00:00,851.606260545439,2.0,1.0,-0.0009419380030522007,0.0009419380030522007,False
33591,NOAA 19,2018-04-25 00:00:00+00:00,851.6052554706289,2.0,1.0,-0.0010050748101093632,0.0010050748101093632,False
33591,NOAA 19,2018-04-26 00:00:00+00:00,851.6044756420188,1.667,1.0,-0.0007798286101206031,0.0007798286101206031,False
33591,NOAA 19,2018-04-27 00:00:00+00:00,851.6035951355761,2.667,1.0,-0.0008805064426269382,0.0008805064426269382,False
33591,NOAA 19,2018-04-28 00:00:00+00:00,851.6027146294,1.667,1.0,-0.0008805061761449906,0.0008805061761449906,False
33591,NOAA 19,2018-04-29 00:00:00+00:00,851.6017078494106,1.333,1.0,-0.0010067799894386553,0.0010067799894386553,False
33591,NOAA 19,2018-04-30 00:00:00+00:00,851.6007625003849,2.333,1.0,-0.0009453490256419173,0.0009453490256419173,False
33591,NOAA 19,2018-05-01 00:00:00+00:00,851.5998512797769,1.0,1.0,-0.0009112206080317264,0.0009112206080317264,False
33591,NOAA 19,2018-05-02 00:00:00+00:00,851.5989810131696,2.0,1.0,-0.0008702666073077125,0.0008702666073077125,False
33591,NOAA 19,2018-05-03 00:00:00+00:00,851.5982643232223,1.333,1.0,-0.0007166899472395016,0.0007166899472395016,False
33591,NOAA 19,2018-05-04 00:00:00+00:00,851.5977387507028,1.333,1.0,-0.0005255725195638661,0.0005255725195638661,False
33591,NOAA 19,2018-05-05 00:00:00+00:00,851.596943566492,5.667,1.0,-0.0007951842108013807,0.0007951842108013807,True
33591,NOAA 19,2018-05-06 00:00:00+00:00,851.5958139274944,5.667,1.0,-0.0011296389975541388,0.0011296389975541388,True
33591,NOAA 19,2018-05-07 00:00:00+00:00,851.5947184169863,4.0,1.0,-0.0010955105080938665,0.0010955105080938665,False
33591,NOAA 19,2018-05-08 00:00:00+00:00,851.5936740989437,3.667,1.0,-0.0010443180426591425,0.0010443180426591425,False
33591,NOAA 19,2018-05-09 00:00:00+00:00,851.5926673221011,4.0,1.0,-0.0010067768425869872,0.0010067768425869872,False
33591,NOAA 19,2018-05-10 00:00:00+00:00,851.5915683999838,3.333,1.0,-0.0010989221173076658,0.0010989221173076658,False
33591,NOAA 19,2018-05-11 00:00:00+00:00,851.5905855134743,3.667,1.0,-0.0009828865095187211,0.0009828865095187211,False
33591,NOAA 19,2018-05-12 00:00:00+00:00,851.5898654128059,3.667,1.0,-0.0007201006683317246,0.0007201006683317246,False
33591,NOAA 19,2018-05-13 00:00:00+00:00,851.5890036812038,2.333,1.0,-0.0008617316020718135,0.0008617316020718135,False
33591,NOAA 19,2018-05-14 00:00:00+00:00,851.5880532171313,2.0,1.0,-0.0009504640725026547,0.0009504640725026547,False
33591,NOAA 19,2018-05-15 00:00:00+00:00,851.5871539453174,1.333,1.0,-0.0008992718139779754,0.0008992718139779754,False
33591,NOAA 19,2018-05-16 00:00:00+00:00,851.5861130427966,1.333,1.0,-0.0010409025207991363,0.0010409025207991363,False
33591,NOAA 19,2018-05-17 00:00:00+00:00,851.5850380127281,3.0,1.0,-0.0010750300684776448,0.0010750300684776448,False
33591,NOAA 19,2018-05-18 00:00:00+00:00,851.584225768046,1.667,1.0,-0.0008122446820379992,0.0008122446820379992,False
33591,NOAA 19,2018-05-19 00:00:00+00:00,851.5833981660289,1.0,1.0,-0.000827602017125173,0.000827602017125173,False
33591,NOAA 19,2018-05-20 00:00:00+00:00,851.5826917183126,1.0,1.0,-0.0007064477163112315,0.0007064477163112315,False
33591,NOAA 19,2018-05-21 00:00:00+00:00,851.5820159858754,1.0,1.0,-0.000675732437230181,0.000675732437230181,False
33591,NOAA 19,2018-05-22 00:00:00+00:00,851.5810757624768,2.0,1.0,-0.000940223398629314,0.000940223398629314,False
33591,NOAA 19,2018-05-23 00:00:00+00:00,851.580109943468,3.333,1.0,-0.0009658190087975527,0.0009658190087975527,False
33591,NOAA 19,2018-05-24 00:00:00+00:00,851.5791185288863,1.333,1.0,-0.0009914145816765085,0.0009914145816765085,False
33591,NOAA 19,2018-05-25 00:00:00+00:00,851.5781237018582,1.333,1.0,-0.0009948270280801808,0.0009948270280801808,False
33591,NOAA 19,2018-05-26 00:00:00+00:00,851.5771339943512,1.333,1.0,-0.0009897075069602579,0.0009897075069602579,False
33591,NOAA 19,2018-05-27 00:00:00+00:00,851.5765282252642,1.333,1.0,-0.0006057690870875376,0.0006057690870875376,False
33591,NOAA 19,2018-05-28 00:00:00+00:00,851.5755624077783,1.667,1.0,-0.0009658174858486746,0.0009658174858486746,False
33591,NOAA 19,2018-05-29 00:00:00+00:00,851.5748935025695,1.667,1.0,-0.0006689052088404424,0.0006689052088404424,False
33591,NOAA 19,2018-05-30 00:00:00+00:00,851.5743133298097,1.667,1.0,-0.0005801727597827266,0.0005801727597827266,False
33591,NOAA 19,2018-05-31 00:00:00+00:00,851.5734857306334,4.333,1.0,-0.000827599176318472,0.000827599176318472,False
33591,NOAA 19,2018-06-01 00:00:00+00:00,851.5724055860883,4.667,1.0,-0.0010801445450852043,0.0010801445450852043,False
33591,NOAA 19,2018-06-02 00:00:00+00:00,851.5714278252549,4.0,1.0,-0.000977760833393404,0.000977760833393404,False
33591,NOAA 19,2018-06-03 00:00:00+00:00,851.5705319713852,2.667,1.0,-0.000895853869678831,0.000895853869678831,False
33591,NOAA 19,2018-06-04 00:00:00+00:00,851.569649768885,1.333,1.0,-0.0008822025001791189,0.0008822025001791189,False
33591,NOAA 19,2018-06-05 00:00:00+00:00,851.5688801882043,1.667,1.0,-0.000769580680753279,0.000769580680753279,False
33591,NOAA 19,2018-06-06 00:00:00+00:00,851.5679945734405,3.667,1.0,-0.0008856147637743561,0.0008856147637743561,False
33591,NOAA 19,2018-06-07 00:00:00+00:00,851.5671038397873,2.667,1.0,-0.0008907336532502086,0.0008907336532502086,False
33591,NOAA 19,2018-06-08 00:00:00+00:00,851.5663820385803,2.0,1.0,-0.0007218012069643009,0.0007218012069643009,False
33591,NOAA 19,2018-06-09 00:00:00+00:00,851.5653274924571,1.333,1.0,-0.0010545461232140951,0.0010545461232140951,False
33591,NOAA 19,2018-06-10 00:00:00+00:00,851.5643719170175,1.0,1.0,-0.0009555754395478289,0.0009555754395478289,False
33591,NOAA 19,2018-06-11 00:00:00+00:00,851.5635118993905,1.333,1.0,-0.0008600176270192605,0.0008600176270192605,False
33591,NOAA 19,2018-06-12 00:00:00+00:00,851.5627849799353,1.667,1.0,-0.0007269194552463887,0.0007269194552463887,False
33591,NOAA 19,2018-06-13 00:00:00+00:00,851.561926669161,2.0,1.0,-0.0008583107742197171,0.0008583107742197171,False
33591,NOAA 19,2018-06-14 00:00:00+00:00,851.5611536777715,1.333,1.0,-0.0007729913895673235,0.0007729913895673235,False
33591,NOAA 19,2018-06-15 00:00:00+00:00,851.5604933078062,1.0,1.0,-0.0006603699653169315,0.0006603699653169315,False
33591,NOAA 19,2018-06-16 00:00:00+00:00,851.5598858358258,0.667,1.0,-0.0006074719804018969,0.0006074719804018969,False
33591,NOAA 19,2018-06-17 00:00:00+00:00,851.5591879257627,1.667,1.0,-0.0006979100630815083,0.0006979100630815083,False
33591,NOAA 19,2018-06-18 00:00:00+00:00,851.5581589779745,4.0,1.0,-0.00102894778819973,0.00102894778819973,False
33591,NOAA 19,2018-06-19 00:00:00+00:00,851.5572887239168,2.333,1.0,-0.0008702540576450701,0.0008702540576450701,False
33591,NOAA 19,2018-06-20 00:00:00+00:00,851.5563399766506,2.333,1.0,-0.0009487472661930951,0.0009487472661930951,False
33591,NOAA 19,2018-06-21 00:00:00+00:00,851.5553826978066,1.0,1.0,-0.0009572788439982105,0.0009572788439982105,False
33591,NOAA 19,2018-06-22 00:00:00+00:00,851.5544646659782,1.333,1.0,-0.0009180318284052191,0.0009180318284052191,False
33591,NOAA 19,2018-06-23 00:00:00+00:00,851.5535756428694,4.0,1.0,-0.0008890231088116707,0.0008890231088116707,False
33591,NOAA 19,2018-06-24 00:00:00+00:00,851.5528538450385,2.667,1.0,-0.000721797830919968,0.000721797830919968,False
33591,NOAA 19,2018-06-25 00:00:00+00:00,851.5521235155034,5.0,1.0,-0.0007303295351448469,0.0007303295351448469,True
33591,NOAA 19,2018-06-26 00:00:00+00:00,851.5511952464544,4.667,1.0,-0.0009282690489271772,0.0009282690489271772,False
33591,NOAA 19,2018-06-27 00:00:00+00:00,851.5503676538947,2.667,1.0,-0.0008275925597445166,0.0008275925597445166,False
33591,NOAA 19,2018-06-28 00:00:00+00:00,851.5496031974708,1.667,1.0,-0.000764456423894444,0.000764456423894444,False
33591,NOAA 19,2018-06-29 00:00:00+00:00,851.5485674275983,1.333,1.0,-0.0010357698724874354,0.0010357698724874354,False
33591,NOAA 19,2018-06-30 00:00:00+00:00,851.5477415421656,1.0,1.0,-0.0008258854327323206,0.0008258854327323206,False
33591,NOAA 19,2018-07-01 00:00:00+00:00,851.5469071250909,0.667,1.0,-0.0008344170746568125,0.0008344170746568125,False
33591,NOAA 19,2018-07-02 00:00:00+00:00,851.5463525535529,1.0,1.0,-0.0005545715380321781,0.0005545715380321781,False
33591,NOAA 19,2018-07-03 00:00:00+00:00,851.5456205192845,1.667,1.0,-0.0007320342683669878,0.0007320342683669878,False
33591,NOAA 19,2018-07-04 00:00:00+00:00,851.5449413827655,1.333,1.0,-0.000679136519011081,0.000679136519011081,False
33591,NOAA 19,2018-07-05 00:00:00+00:00,851.544066013566,4.667,1.0,-0.000875369199548004,0.000875369199548004,False
33591,NOAA 19,2018-07-06 00:00:00+00:00,851.5431531044487,3.667,1.0,-0.0009129091172326298,0.0009129091172326298,False
33591,NOAA 19,2018-07-07 00:00:00+00:00,851.5420405501764,2.0,1.0,-0.0011125542723675608,0.0011125542723675608,False
33591,NOAA 19,2018-07-08 00:00:00+00:00,851.540905813511,1.333,1.0,-0.0011347366653353674,0.0011347366653353674,False
33591,NOAA 19,2018-07-09 00:00:00+00:00,851.5404007278603,0.667,1.0,-0.0005050856507295975,0.0005050856507295975,False
33591,NOAA 19,2018-07-10 00:00:00+00:00,851.5396294485936,2.333,1.0,-0.0007712792667007307,0.0007712792667007307,False
33591,NOAA 19,2018-07-11 00:00:00+00:00,851.5388393994726,2.667,1.0,-0.0007900491209511529,0.0007900491209511529,False
33591,NOAA 19,2018-07-12 00:00:00+00:00,851.5383462587633,2.667,1.0,-0.0004931407092954032,0.0004931407092954032,False
33591,NOAA 19,2018-07-13 00:00:00+00:00,851.5375340271976,2.667,1.0,-0.0008122315657601575,0.0008122315657601575,False
33591,NOAA 19,2018-07-14 00:00:00+00:00,851.536834416158,1.667,1.0,-0.0006996110396357835,0.0006996110396357835,False
33591,NOAA 19,2018-07-15 00:00:00+00:00,851.5359163902212,1.333,1.0,-0.000918025936698541,0.000918025936698541,False
33591,NOAA 19,2018-07-16 00:00:00+00:00,851.5349062207533,2.667,1.0,-0.0010101694679178763,0.0010101694679178763,False
33591,NOAA 19,2018-07-17 00:00:00+00:00,851.5339711317629,3.0,1.0,-0.0009350889904453652,0.0009350889904453652,False
33591,NOAA 19,2018-07-18 00:00:00+00:00,851.5332954107098,1.0,1.0,-0.0006757210530849989,0.0006757210530849989,False
33591,NOAA 19,2018-07-19 00:00:00+00:00,851.5325070696817,1.0,1.0,-0.0007883410280555836,0.0007883410280555836,False
33591,NOAA 19,2018-07-20 00:00:00+00:00,851.5317460307115,2.0,1.0,-0.0007610389702676912,0.0007610389702676912,False
33591,NOAA 19,2018-07-21 00:00:00+00:00,851.5309201500813,3.333,1.0,-0.0008258806301455479,0.0008258806301455479,False
33591,NOAA 19,2018-07-22 00:00:00+00:00,851.5300157769343,1.333,1.0,-0.0009043731470228522,0.0009043731470228522,False
33591,NOAA 19,2018-07-23 00:00:00+00:00,851.5287871950004,1.0,1.0,-0.001228581933901296,0.001228581933901296,False
33591,NOAA 19,2018-07-24 00:00:00+00:00,851.5279766724852,4.0,1.0,-0.0008105225151666673,0.0008105225151666673,False
33591,NOAA 19,2018-07-25 00:00:00+00:00,851.5269511485258,3.333,1.0,-0.001025523959469865,0.001025523959469865,False
33591,NOAA 19,2018-07-26 00:00:00+00:00,851.52615598378,1.333,1.0,-0.0007951647457957733,0.0007951647457957733,False
33591,NOAA 19,2018-07-27 00:00:00+00:00,851.5253983592029,1.667,1.0,-0.0007576245770906098,0.0007576245770906098,False
33591,NOAA 19,2018-07-28 00:00:00+00:00,851.5249359352924,2.0,1.0,-0.000462423910448706,0.000462423910448706,False
33591,NOAA 19,2018-07-29 00:00:00+00:00,851.5242841054041,1.333,1.0,-0.000651829888283828,0.000651829888283828,False
33591,NOAA 19,2018-07-30 00:00:00+00:00,851.5235623148819,2.0,1.0,-0.0007217905222205445,0.0007217905222205445,False
33591,NOAA 19,2018-07-31 00:00:00+00:00,851.5227637383468,2.333,1.0,-0.0007985765350895235,0.0007985765350895235,False
33591,NOAA 19,2018-08-01 00:00:00+00:00,851.5217706370713,2.333,1.0,-0.0009931012755259871,0.0009931012755259871,False
33591,NOAA 19,2018-08-02 00:00:00+00:00,851.5208321396108,2.667,1.0,-0.0009384974605382013,0.0009384974605382013,False
33591,NOAA 19,2018-08-03 00:00:00+00:00,851.5199055869634,2.667,1.0,-0.0009265526473427599,0.0009265526473427599,False
33591,NOAA 19,2018-08-04 00:00:00+00:00,851.5190472889171,2.0,1.0,-0.0008582980462961132,0.0008582980462961132,False
33591,NOAA 19,2018-08-05 00:00:00+00:00,851.5184159366372,2.0,1.0,-0.000631352279924613,0.000631352279924613,False
33591,NOAA 19,2018-08-06 00:00:00+00:00,851.5176139488103,1.0,1.0,-0.0008019878268896719,0.0008019878268896719,False
33591,NOAA 19,2018-08-07 00:00:00+00:00,851.5168699773221,3.0,1.0,-0.0007439714881911641,0.0007439714881911641,False
33591,NOAA 19,2018-08-08 00:00:00+00:00,851.5160406882287,1.667,1.0,-0.0008292890934171737,0.0008292890934171737,False
33591,NOAA 19,2018-08-09 00:00:00+00:00,851.5151158434719,1.333,1.0,-0.0009248447568097617,0.0009248447568097617,False
33591,NOAA 19,2018-08-10 00:00:00+00:00,851.5142080625583,1.333,1.0,-0.0009077809136215365,0.0009077809136215365,False
33591,NOAA 19,2018-08-11 00:00:00+00:00,851.5133429407915,3.667,1.0,-0.000865121766764787,0.000865121766764787,False
33591,NOAA 19,2018-08-12 00:00:00+00:00,851.5125409543712,2.0,1.0,-0.0008019864203561156,0.0008019864203561156,False
33591,NOAA 19,2018-08-13 00:00:00+00:00,851.5116144043759,1.333,1.0,-0.0009265499952562095,0.0009265499952562095,False
33591,NOAA 19,2018-08-14 00:00:00+00:00,851.5110803158441,1.333,1.0,-0.000534088531821908,0.000534088531821908,False
33591,NOAA 19,2018-08-15 00:00:00+00:00,851.5104557907221,4.0,1.0,-0.0006245251220207138,0.0006245251220207138,False
33591,NOAA 19,2018-08-16 00:00:00+00:00,851.509607733592,3.667,1.0,-0.0008480571300424344,0.0008480571300424344,False
33591,NOAA 19,2018-08-17 00:00:00+00:00,851.5087579703627,4.0,1.0,-0.0008497632293256174,0.0008497632293256174,False
33591,NOAA 19,2018-08-18 00:00:00+00:00,851.5079167391364,3.333,1.0,-0.000841231226331729,0.000841231226331729,False
33591,NOAA 19,2018-08-19 00:00:00+00:00,851.507017492233,2.667,1.0,-0.0008992469033728412,0.0008992469033728412,False
33591,NOAA 19,2018-08-20 00:00:00+00:00,851.5057616184695,4.0,1.0,-0.0012558737635117723,0.0012558737635117723,False
33591,NOAA 19,2018-08-22 00:00:00+00:00,851.5041235230792,2.333,2.0,-0.001638095390262606,0.000819047695131303,False
33591,NOAA 19,2018-08-23 00:00:00+00:00,851.5037788406262,1.667,1.0,-0.00034468245303287404,0.00034468245303287404,False
33591,NOAA 19,2018-08-24 00:00:00+00:00,851.5029427298991,2.667,1.0,-0.0008361107270502544,0.0008361107270502544,False
33591,NOAA 19,2018-08-25 00:00:00+00:00,851.5020639607183,4.333,1.0,-0.000878769180872041,0.000878769180872041,False
33591,NOAA 19,2018-08-26 00:00:00+00:00,851.500963366675,7.333,1.0,-0.0011005940432369243,0.0011005940432369243,True
33591,NOAA 19,2018-08-27 00:00:00+00:00,851.5003098358425,5.667,1.0,-0.0006535308325510414,0.0006535308325510414,True
33591,NOAA 19,2018-08-28 00:00:00+00:00,851.4995317418852,3.667,1.0,-0.000778093957251258,0.000778093957251258,False
33591,NOAA 19,2018-08-29 00:00:00+00:00,851.4987707115929,2.333,1.0,-0.0007610302923239942,0.0007610302923239942,False
33591,NOAA 19,2018-08-30 00:00:00+00:00,851.498071109927,1.667,1.0,-0.0006996016659286397,0.0006996016659286397,False
33591,NOAA 19,2018-08-31 00:00:00+00:00,851.4973015482938,2.333,1.0,-0.0007695616332057398,0.0007695616332057398,False
33591,NOAA 19,2018-09-01 00:00:00+00:00,851.4965319868675,2.0,1.0,-0.0007695614262956951,0.0007695614262956951,False
33591,NOAA 19,2018-09-02 00:00:00+00:00,851.4957487748925,2.0,1.0,-0.0007832119749764388,0.0007832119749764388,False
33591,NOAA 19,2018-09-03 00:00:00+00:00,851.4950662373949,1.333,1.0,-0.0006825374975960585,0.0006825374975960585,False
33591,NOAA 19,2018-09-04 00:00:00+00:00,851.4940373124296,3.0,1.0,-0.0010289249653396837,0.0010289249653396837,False
33591,NOAA 19,2018-09-05 00:00:00+00:00,851.4932302123307,3.333,1.0,-0.0008071000988820742,0.0008071000988820742,False
33591,NOAA 19,2018-09-06 00:00:00+00:00,851.4923463270743,2.0,1.0,-0.0008838852563712862,0.0008838852563712862,False
33591,NOAA 19,2018-09-07 00:00:00+00:00,851.4916228381844,2.333,1.0,-0.0007234888898892677,0.0007234888898892677,False
33591,NOAA 19,2018-09-08 00:00:00+00:00,851.4908720480244,2.333,1.0,-0.0007507901600547484,0.0007507901600547484,False
33591,NOAA 19,2018-09-09 00:00:00+00:00,851.4903669711116,2.667,1.0,-0.0005050769127592503,0.0005050769127592503,False
33591,NOAA 19,2018-09-10 00:00:00+00:00,851.489826061139,5.0,1.0,-0.0005409099726421118,0.0005409099726421118,True
33591,NOAA 19,2018-09-11 00:00:00+00:00,851.489196421584,6.0,1.0,-0.0006296395549725275,0.0006296395549725275,True
33591,NOAA 19,2018-09-12 00:00:00+00:00,851.4884814651818,4.0,1.0,-0.0007149564021347032,0.0007149564021347032,False
33591,NOAA 19,2018-09-13 00:00:00+00:00,851.4879542062745,4.0,1.0,-0.0005272589073683775,0.0005272589073683775,False
33591,NOAA 19,2018-09-14 00:00:00+00:00,851.487000362742,4.333,1.0,-0.0009538435324429884,0.0009538435324429884,False
33591,NOAA 19,2018-09-15 00:00:00+00:00,851.4862922322345,2.667,1.0,-0.0007081305075189448,0.0007081305075189448,False
33591,NOAA 19,2018-09-16 00:00:00+00:00,851.4857496166842,2.333,1.0,-0.0005426155503300834,0.0005426155503300834,False
33591,NOAA 19,2018-09-17 00:00:00+00:00,851.485241127994,3.333,1.0,-0.0005084886902295693,0.0005084886902295693,False
33591,NOAA 19,2018-09-18 00:00:00+00:00,851.4847377584047,2.333,1.0,-0.0005033695892961987,0.0005033695892961987,False
33591,NOAA 19,2018-09-19 00:00:00+00:00,851.4840449854864,2.333,1.0,-0.0006927729182280018,0.0006927729182280018,False
33591,NOAA 19,2018-09-20 00:00:00+00:00,851.4834016964933,0.667,1.0,-0.0006432889931602404,0.0006432889931602404,False
33591,NOAA 19,2018-09-21 00:00:00+00:00,851.4825348776021,4.333,1.0,-0.0008668188911542529,0.0008668188911542529,False
33591,NOAA 19,2018-09-22 00:00:00+00:00,851.4820246831437,4.667,1.0,-0.0005101944584566809,0.0005101944584566809,False
33591,NOAA 19,2018-09-23 00:00:00+00:00,851.4811783406903,3.333,1.0,-0.000846342453314719,0.000846342453314719,False
33591,NOAA 19,2018-09-24 00:00:00+00:00,851.4805708853696,2.333,1.0,-0.0006074553207326971,0.0006074553207326971,False
33591,NOAA 19,2018-09-25 00:00:00+00:00,851.4800504532432,3.0,1.0,-0.0005204321264500322,0.0005204321264500322,False
33591,NOAA 19,2018-09-26 00:00:00+00:00,851.479753551027,2.667,1.0,-0.0002969022161778412,0.0002969022161778412,False
33591,NOAA 19,2018-09-27 00:00:00+00:00,851.4792621267316,2.333,1.0,-0.0004914242954328074,0.0004914242954328074,False
33591,NOAA 19,2018-09-28 00:00:00+00:00,851.4787160998367,3.0,1.0,-0.0005460268948809244,0.0005460268948809244,False
33591,NOAA 19,2018-09-29 00:00:00+00:00,851.4781120577027,3.333,1.0,-0.0006040421340003377,0.0006040421340003377,False
33591,NOAA 19,2018-09-30 00:00:00+00:00,851.477378334374,2.333,1.0,-0.0007337233287216804,0.0007337233287216804,False
33591,NOAA 19,2018-10-01 00:00:00+00:00,851.4765200489546,3.667,1.0,-0.0008582854193264211,0.0008582854193264211,False
33591,NOAA 19,2018-10-02 00:00:00+00:00,851.4758904122923,3.667,1.0,-0.0006296366623246286,0.0006296366623246286,False
33591,NOAA 19,2018-10-03 00:00:00+00:00,851.4754467659477,2.333,1.0,-0.00044364634459270746,0.00044364634459270746,False
33591,NOAA 19,2018-10-04 00:00:00+00:00,851.4748939144438,1.667,1.0,-0.0005528515039259219,0.0005528515039259219,False
33591,NOAA 19,2018-10-05 00:00:00+00:00,851.4743274123994,3.0,1.0,-0.0005665020444212132,0.0005665020444212132,False
33591,NOAA 19,2018-10-06 00:00:00+00:00,851.4736636495982,3.0,1.0,-0.0006637628011958441,0.0006637628011958441,False
33591,NOAA 19,2018-10-07 00:00:00+00:00,851.4730510768641,5.333,1.0,-0.0006125727340986487,0.0006125727340986487,True
33591,NOAA 19,2018-10-08 00:00:00+00:00,851.46718471839,4.333,1.0,-0.005866358474122535,0.005866358474122535,False
33591,NOAA 19,2018-10-09 00:00:00+00:00,851.4695462769009,3.667,1.0,0.002361558510983741,-0.002361558510983741,False
33591,NOAA 19,2018-10-10 00:00:00+00:00,851.4701434910721,4.667,1.0,0.0005972141711936274,-0.0005972141711936274,False
33591,NOAA 19,2018-10-11 00:00:00+00:00,851.4705359467325,3.0,1.0,0.0003924556604033569,-0.0003924556604033569,False
33591,NOAA 19,2018-10-12 00:00:00+00:00,851.4700240480593,1.667,1.0,-0.0005118986732668418,0.0005118986732668418,False
33591,NOAA 19,2018-10-13 00:00:00+00:00,851.4696111165281,4.333,1.0,-0.00041293153117294423,0.00041293153117294423,False
33591,NOAA 19,2018-10-14 00:00:00+00:00,851.4691367572359,2.0,1.0,-0.00047435929218409,0.00047435929218409,False
33591,NOAA 19,2018-10-15 00:00:00+00:00,851.4683654969772,3.0,1.0,-0.000771260258716211,0.000771260258716211,False
33591,NOAA 19,2018-10-16 00:00:00+00:00,851.4678604239953,2.0,1.0,-0.0005050729819231492,0.0005050729819231492,False
33591,NOAA 19,2018-10-17 00:00:00+00:00,851.4671369412354,1.667,1.0,-0.0007234827598949778,0.0007234827598949778,False
33591,NOAA 19,2018-10-18 00:00:00+00:00,851.4664714737564,0.333,1.0,-0.0006654674789388082,0.0006654674789388082,False
33591,NOAA 19,2018-10-19 00:00:00+00:00,851.4656558497245,0.667,1.0,-0.0008156240319294739,0.0008156240319294739,False
33591,NOAA 19,2018-10-20 00:00:00+00:00,851.465065460925,0.333,1.0,-0.0005903887995373225,0.0005903887995373225,False
33591,NOAA 19,2018-10-21 00:00:00+00:00,851.4646354668466,2.0,1.0,-0.0004299940783312195,0.0004299940783312195,False
33591,NOAA 19,2018-10-22 00:00:00+00:00,851.4641457514463,2.667,1.0,-0.0004897154003629112,0.0004897154003629112,False
33591,NOAA 19,2018-10-23 00:00:00+00:00,851.4636457981778,1.0,1.0,-0.0004999532684450969,0.0004999532684450969,False
33591,NOAA 19,2018-10-24 00:00:00+00:00,851.4630929489322,1.333,1.0,-0.0005528492456505774,0.0005528492456505774,False
33591,NOAA 19,2018-10-25 00:00:00+00:00,851.4625042669809,2.0,1.0,-0.0005886819512852526,0.0005886819512852526,False
33591,NOAA 19,2018-10-26 00:00:00+00:00,851.4619155851506,2.333,1.0,-0.0005886818303224572,0.0005886818303224572,False
33591,NOAA 19,2018-10-27 00:00:00+00:00,851.4612279366684,1.667,1.0,-0.0006876484821987106,0.0006876484821987106,False
33591,NOAA 19,2018-10-28 00:00:00+00:00,851.460714333316,1.333,1.0,-0.000513603352374048,0.000513603352374048,False
33591,NOAA 19,2018-10-29 00:00:00+00:00,851.4601222392039,0.333,1.0,-0.0005920941121075884,0.0005920941121075884,False
33591,NOAA 19,2018-10-30 00:00:00+00:00,851.4597383165728,2.0,1.0,-0.0003839226310446975,0.0003839226310446975,False
33591,NOAA 19,2018-10-31 00:00:00+00:00,851.4593407434122,1.667,1.0,-0.0003975731606260524,0.0003975731606260524,False
33591,NOAA 19,2018-11-01 00:00:00+00:00,851.4586667461226,2.0,1.0,-0.000673997289595718,0.000673997289595718,False
33591,NOAA 19,2018-11-02 00:00:00+00:00,851.4580541765686,2.667,1.0,-0.0006125695540504239,0.0006125695540504239,False
33591,NOAA 19,2018-11-03 00:00:00+00:00,851.45741771864,2.0,1.0,-0.0006364579285218497,0.0006364579285218497,False
33591,NOAA 19,2018-11-04 00:00:00+00:00,851.4568290378456,5.333,1.0,-0.0005886807944079919,0.0005886807944079919,True
33591,NOAA 19,2018-11-05 00:00:00+00:00,851.456105557841,5.667,1.0,-0.0007234800045807788,0.0007234800045807788,True
33591,NOAA 19,2018-11-06 00:00:00+00:00,851.4554196170625,3.667,1.0,-0.0006859407785668736,0.0006859407785668736,False
33591,NOAA 19,2018-11-07 00:00:00+00:00,851.4550049812942,3.333,1.0,-0.00041463576826572535,0.00041463576826572535,False
33591,NOAA 19,2018-11-08 00:00:00+00:00,851.4545886392693,4.0,1.0,-0.00041634202489149175,0.00041634202489149175,False
33591,NOAA 19,2018-11-09 00:00:00+00:00,851.4541467025142,4.0,1.0,-0.0004419367551236064,0.0004419367551236064,False
33591,NOAA 19,2018-11-10 00:00:00+00:00,851.4534112789479,4.333,1.0,-0.0007354235663115105,0.0007354235663115105,False
33591,NOAA 19,2018-11-11 00:00:00+00:00,851.4528499000703,3.0,1.0,-0.0005613788775917783,0.0005613788775917783,False
33591,NOAA 19,2018-11-12 00:00:00+00:00,851.4522748707441,3.333,1.0,-0.0005750293262281048,0.0005750293262281048,False
33591,NOAA 19,2018-11-13 00:00:00+00:00,851.4515462729305,2.0,1.0,-0.0007285978135769255,0.0007285978135769255,False
33591,NOAA 19,2018-11-14 00:00:00+00:00,851.4507903742146,1.333,1.0,-0.0007558987158517994,0.0007558987158517994,False
33591,NOAA 19,2018-11-15 00:00:00+00:00,851.4503364938155,0.667,1.0,-0.00045388039916360867,0.00045388039916360867,False
33591,NOAA 19,2018-11-16 00:00:00+00:00,851.4498211860846,1.0,1.0,-0.0005153077308932552,0.0005153077308932552,False
33591,NOAA 19,2018-11-17 00:00:00+00:00,851.4493809563737,0.667,1.0,-0.0004402297108754283,0.0004402297108754283,False
33591,NOAA 19,2018-11-18 00:00:00+00:00,851.4485277982076,1.0,1.0,-0.0008531581661372911,0.0008531581661372911,False
33591,NOAA 19,2018-11-19 00:00:00+00:00,851.4480193160648,1.667,1.0,-0.0005084821427772113,0.0005084821427772113,False
33591,NOAA 19,2018-11-20 00:00:00+00:00,851.4473930982394,3.0,1.0,-0.0006262178253564343,0.0006262178253564343,False
33591,NOAA 19,2018-11-21 00:00:00+00:00,851.4466064869434,2.667,1.0,-0.0007866112960073224,0.0007866112960073224,False
33591,NOAA 19,2018-11-22 00:00:00+00:00,851.4458557084668,1.0,1.0,-0.0007507784766858094,0.0007507784766858094,False
33591,NOAA 19,2018-11-23 00:00:00+00:00,851.445267030022,1.0,1.0,-0.0005886784447284299,0.0005886784447284299,False
33591,NOAA 19,2018-11-24 00:00:00+00:00,851.4448831093614,1.667,1.0,-0.0003839206606244261,0.0003839206606244261,False
33591,NOAA 19,2018-11-25 00:00:00+00:00,851.444398516247,1.0,1.0,-0.0004845931143790949,0.0004845931143790949,False
33591,NOAA 19,2018-11-26 00:00:00+00:00,851.4441186808226,0.667,1.0,-0.00027983542440779274,0.00027983542440779274,False
33591,NOAA 19,2018-11-27 00:00:00+00:00,851.4434515123316,2.333,1.0,-0.0006671684909633768,0.0006671684909633768,False
33591,NOAA 19,2018-11-28 00:00:00+00:00,851.4429123174491,1.0,1.0,-0.0005391948825490545,0.0005391948825490545,False
33591,NOAA 19,2018-11-29 00:00:00+00:00,851.4422212608638,2.0,1.0,-0.0006910565853104345,0.0006910565853104345,False
33591,NOAA 19,2018-11-30 00:00:00+00:00,851.441390286866,1.333,1.0,-0.0008309739978358266,0.0008309739978358266,False
33591,NOAA 19,2018-12-01 00:00:00+00:00,851.4406651044105,3.0,1.0,-0.0007251824554259656,0.0007251824554259656,False
33591,NOAA 19,2018-12-02 00:00:00+00:00,851.4400201187582,3.667,1.0,-0.0006449856523431663,0.0006449856523431663,False
33591,NOAA 19,2018-12-03 00:00:00+00:00,851.4394672740295,3.0,1.0,-0.000552844728645141,0.000552844728645141,False
33591,NOAA 19,2018-12-04 00:00:00+00:00,851.4388871284382,3.0,1.0,-0.0005801455913569953,0.0005801455913569953,False
33591,NOAA 19,2018-12-05 00:00:00+00:00,851.438479320283,2.0,1.0,-0.0004078081551597279,0.0004078081551597279,False
33591,NOAA 19,2018-12-06 00:00:00+00:00,851.438044211226,2.0,1.0,-0.00043510905697985436,0.00043510905697985436,False
33591,NOAA 19,2018-12-07 00:00:00+00:00,851.4372456583114,3.333,1.0,-0.0007985529146026238,0.0007985529146026238,False
33591,NOAA 19,2018-12-08 00:00:00+00:00,851.4364709939355,3.333,1.0,-0.0007746643759674043,0.0007746643759674043,False
33591,NOAA 19,2018-12-09 00:00:00+00:00,851.4357492253325,3.667,1.0,-0.0007217686029434844,0.0007217686029434844,False
33591,NOAA 19,2018-12-10 00:00:00+00:00,851.4350479326085,3.0,1.0,-0.0007012927239884448,0.0007012927239884448,False
33591,NOAA 19,2018-12-11 00:00:00+00:00,851.4344712005218,2.667,1.0,-0.0005767320867562375,0.0005767320867562375,False
33591,NOAA 19,2018-12-12 00:00:00+00:00,851.434056567758,2.0,1.0,-0.00041463276374997804,0.00041463276374997804,False
33591,NOAA 19,2018-12-13 00:00:00+00:00,851.433599277374,1.0,1.0,-0.00045729038401987054,0.00045729038401987054,False
33591,NOAA 19,2018-12-14 00:00:00+00:00,851.4329184608555,0.667,1.0,-0.0006808165185248072,0.0006808165185248072,False
33591,NOAA 19,2018-12-15 00:00:00+00:00,851.4322325255753,0.333,1.0,-0.0006859352802166541,0.0006859352802166541,False
33591,NOAA 19,2018-12-16 00:00:00+00:00,851.4314527436268,0.667,1.0,-0.0007797819484949287,0.0007797819484949287,False
33591,NOAA 19,2018-12-17 00:00:00+00:00,851.4306047096684,2.333,1.0,-0.00084803395839117,0.00084803395839117,False
33591,NOAA 19,2018-12-18 00:00:00+00:00,851.4298044524967,2.667,1.0,-0.0008002571717042883,0.0008002571717042883,False
33591,NOAA 19,2018-12-19 00:00:00+00:00,851.4291816512286,2.0,1.0,-0.0006228012680367101,0.0006228012680367101,False
33591,NOAA 19,2018-12-20 00:00:00+00:00,851.4285281366147,3.0,1.0,-0.000653514613986772,0.000653514613986772,False
33591,NOAA 19,2018-12-21 00:00:00+00:00,851.4280844975356,2.0,1.0,-0.00044363907909428235,0.00044363907909428235,False
33591,NOAA 19,2018-12-22 00:00:00+00:00,851.4276664530807,1.0,1.0,-0.00041804445481830044,0.00041804445481830044,False
33591,NOAA 19,2018-12-23 00:00:00+00:00,851.4270538900951,0.667,1.0,-0.0006125629856796877,0.0006125629856796877,False
33591,NOAA 19,2018-12-24 00:00:00+00:00,851.426419145299,1.333,1.0,-0.0006347447961161379,0.0006347447961161379,False
33591,NOAA 19,2018-12-25 00:00:00+00:00,851.4256547216405,1.667,1.0,-0.0007644236584383179,0.0007644236584383179,False
33591,NOAA 19,2018-12-26 00:00:00+00:00,851.4248647036525,1.0,1.0,-0.0007900179880380165,0.0007900179880380165,False
33591,NOAA 19,2018-12-27 00:00:00+00:00,851.424306742912,2.333,1.0,-0.0005579607404797571,0.0005579607404797571,False
33591,NOAA 19,2018-12-28 00:00:00+00:00,851.4237283066641,4.333,1.0,-0.0005784362479062111,0.0005784362479062111,False
33591,NOAA 19,2018-12-29 00:00:00+00:00,851.4232300666845,3.0,1.0,-0.0004982399796062964,0.0004982399796062964,False
33591,NOAA 19,2018-12-30 00:00:00+00:00,851.422783015817,3.0,1.0,-0.00044705086747853784,0.00044705086747853784,False
33591,NOAA 19,2018-12-31 00:00:00+00:00,851.4222096987769,3.0,1.0,-0.000573317040107213,0.000573317040107213,False
33591,NOAA 19,2019-01-01 00:00:00+00:00,851.4214691644329,2.667,1.0,-0.0007405343440041179,0.0007405343440041179,False
33591,NOAA 19,2019-01-02 00:00:00+00:00,851.4207729940708,0.333,1.0,-0.0006961703620618209,0.0006961703620618209,False
33591,NOAA 19,2019-01-03 00:00:00+00:00,851.4197287388442,1.0,1.0,-0.0010442552265885752,0.0010442552265885752,False
33591,NOAA 19,2019-01-04 00:00:00+00:00,851.4190189185106,3.333,1.0,-0.0007098203336681763,0.0007098203336681763,False
33591,NOAA 19,2019-01-05 00:00:00+00:00,851.4183585810028,5.0,1.0,-0.000660337507724762,0.000660337507724762,True
33591,NOAA 19,2019-01-06 00:00:00+00:00,851.4178262159894,3.0,1.0,-0.0005323650134414493,0.0005323650134414493,False
33591,NOAA 19,2019-01-07 00:00:00+00:00,851.4174969004998,2.333,1.0,-0.00032931548958003987,0.00032931548958003987,False
33591,NOAA 19,2019-01-08 00:00:00+00:00,851.4170566757084,2.333,1.0,-0.0004402247914185864,0.0004402247914185864,False
33591,NOAA 19,2019-01-09 00:00:00+00:00,851.4164662968315,1.667,1.0,-0.0005903788769501261,0.0005903788769501261,False
33591,NOAA 19,2019-01-10 00:00:00+00:00,851.4157684213792,1.333,1.0,-0.0006978754522606323,0.0006978754522606323,False
33591,NOAA 19,2019-01-11 00:00:00+00:00,851.4151046720199,3.333,1.0,-0.0006637493593188992,0.0006637493593188992,False
33591,NOAA 19,2019-01-12 00:00:00+00:00,851.4143197758021,1.0,1.0,-0.0007848962177376961,0.0007848962177376961,False
33591,NOAA 19,2019-01-13 00:00:00+00:00,851.4136184882741,1.0,1.0,-0.0007012875280452135,0.0007012875280452135,False
33591,NOAA 19,2019-01-14 00:00:00+00:00,851.4130605297064,2.667,1.0,-0.0005579585676969145,0.0005579585676969145,False
33591,NOAA 19,2019-01-15 00:00:00+00:00,851.4125111027197,2.667,1.0,-0.0005494269867085677,0.0005494269867085677,False
33591,NOAA 19,2019-01-16 00:00:00+00:00,851.4120077457892,2.667,1.0,-0.0005033569304941921,0.0005033569304941921,False
33591,NOAA 19,2019-01-17 00:00:00+00:00,851.4114839134136,2.667,1.0,-0.000523832375620259,0.000523832375620259,False
33591,NOAA 19,2019-01-18 00:00:00+00:00,851.4107314377648,2.0,1.0,-0.0007524756488237472,0.0007524756488237472,False
33591,NOAA 19,2019-01-19 00:00:00+00:00,851.4101837175112,2.667,1.0,-0.0005477202535075776,0.0005477202535075776,False
33591,NOAA 19,2019-01-20 00:00:00+00:00,851.4092486688487,1.667,1.0,-0.0009350486625407939,0.0009350486625407939,False
33591,NOAA 19,2019-01-21 00:00:00+00:00,851.4086992425882,1.667,1.0,-0.0005494262604770483,0.0005494262604770483,False
33591,NOAA 19,2019-01-22 00:00:00+00:00,851.4081071591249,2.0,1.0,-0.0005920834632888727,0.0005920834632888727,False
33591,NOAA 19,2019-01-23 00:00:00+00:00,851.4077761384492,4.0,1.0,-0.0003310206757305423,0.0003310206757305423,False
33591,NOAA 19,2019-01-24 00:00:00+00:00,851.4071772300076,4.333,1.0,-0.0005989084415887191,0.0005989084415887191,False
33591,NOAA 19,2019-01-25 00:00:00+00:00,851.4067574822857,3.333,1.0,-0.0004197477219349821,0.0004197477219349821,False
33591,NOAA 19,2019-01-26 00:00:00+00:00,851.4063957485241,3.0,1.0,-0.0003617337615651195,0.0003617337615651195,False
33591,NOAA 19,2019-01-27 00:00:00+00:00,851.405730295025,2.0,1.0,-0.0006654534990957472,0.0006654534990957472,False
33591,NOAA 19,2019-01-28 00:00:00+00:00,851.4048737371613,0.667,1.0,-0.0008565578636989812,0.0008565578636989812,False
33591,NOAA 19,2019-01-29 00:00:00+00:00,851.4041605078951,1.667,1.0,-0.0007132292662390682,0.0007132292662390682,False
37849,NPP,2017-12-02 00:00:00+00:00,826.8574694929052,2.333,,,,False
37849,NPP,2017-12-03 00:00:00+00:00,826.8572207919642,0.667,1.0,-0.000248700941028801,0.000248700941028801,False
37849,NPP,2017-12-04 00:00:00+00:00,826.8570126952745,4.0,1.0,-0.00020809668967558537,0.00020809668967558537,False
37849,NPP,2017-12-05 00:00:00+00:00,826.8567013961892,5.0,1.0,-0.0003112990852969233,0.0003112990852969233,True
37849,NPP,2017-12-06 00:00:00+00:00,826.8562649007899,4.0,1.0,-0.0004364953992990195,0.0004364953992990195,False
37849,NPP,2017-12-07 00:00:00+00:00,826.8559028465179,3.333,1.0,-0.0003620542720454978,0.0003620542720454978,False
37849,NPP,2017-12-08 00:00:00+00:00,826.8547456266597,2.0,1.0,-0.0011572198582143756,0.0011572198582143756,False
37849,NPP,2017-12-09 00:00:00+00:00,826.854996019194,1.667,1.0,0.0002503925343262381,-0.0002503925343262381,False
37849,NPP,2017-12-10 00:00:00+00:00,826.8547287082074,1.333,1.0,-0.00026731098660093267,0.00026731098660093267,False
37849,NPP,2017-12-11 00:00:00+00:00,826.8543260499346,3.333,1.0,-0.0004026582728329231,0.0004026582728329231,False
37849,NPP,2017-12-12 00:00:00+00:00,826.8537169871088,4.0,1.0,-0.0006090628257879871,0.0006090628257879871,False
37849,NPP,2017-12-13 00:00:00+00:00,826.8533684678805,2.667,1.0,-0.0003485192282823846,0.0003485192282823846,False
37849,NPP,2017-12-14 00:00:00+00:00,826.8531519122666,2.667,1.0,-0.00021655561386069166,0.00021655561386069166,False
37849,NPP,2017-12-15 00:00:00+00:00,826.8529624261164,1.333,1.0,-0.00018948615024783066,0.00018948615024783066,False
37849,NPP,2017-12-16 00:00:00+00:00,826.8526375927468,2.0,1.0,-0.0003248333696319605,0.0003248333696319605,False
37849,NPP,2017-12-17 00:00:00+00:00,826.8521029712392,4.667,1.0,-0.000534621507540578,0.000534621507540578,False
37849,NPP,2017-12-18 00:00:00+00:00,826.8517239990906,4.333,1.0,-0.00037897214861004613,0.00037897214861004613,False
37849,NPP,2017-12-19 00:00:00+00:00,826.8515463559133,2.333,1.0,-0.00017764317726687295,0.00017764317726687295,False
37849,NPP,2017-12-20 00:00:00+00:00,826.8513501025109,2.0,1.0,-0.0001962534024642082,0.0001962534024642082,False
37849,NPP,2017-12-21 00:00:00+00:00,826.8509525202298,1.0,1.0,-0.0003975822810389218,0.0003975822810389218,False
37849,NPP,2017-12-22 00:00:00+00:00,826.8505633971945,1.0,1.0,-0.0003891230353474384,0.0003891230353474384,False
37849,NPP,2017-12-23 00:00:00+00:00,826.8499644861968,2.667,1.0,-0.0005989109977235785,0.0005989109977235785,False
37849,NPP,2017-12-24 00:00:00+00:00,826.8494890795332,3.333,1.0,-0.0004754066635541676,0.0004754066635541676,False
37849,NPP,2017-12-25 00:00:00+00:00,826.8491608628774,3.0,1.0,-0.0003282166558165045,0.0003282166558165045,False
37849,NPP,2017-12-26 00:00:00+00:00,826.8489832198566,3.667,1.0,-0.00017764302083378425,0.00017764302083378425,False
37849,NPP,2017-12-27 00:00:00+00:00,826.8484621337302,2.667,1.0,-0.0005210861263549305,0.0005210861263549305,False
37849,NPP,2017-12-28 00:00:00+00:00,826.8480493253055,1.667,1.0,-0.00041280842469859635,0.00041280842469859635,False
37849,NPP,2017-12-29 00:00:00+00:00,826.8479410476975,2.333,1.0,-0.00010827760797837982,0.00010827760797837982,False
37849,NPP,2017-12-30 00:00:00+00:00,826.8476365169417,1.667,1.0,-0.0003045307557840715,0.0003045307557840715,False
37849,NPP,2017-12-31 00:00:00+00:00,826.8473319862196,2.0,1.0,-0.00030453072213276755,0.00030453072213276755,False
37849,NPP,2018-01-01 00:00:00+00:00,826.8471255820809,3.667,1.0,-0.00020640413868022733,0.00020640413868022733,False
37849,NPP,2018-01-02 00:00:00+00:00,826.8466857044577,2.0,1.0,-0.0004398776231937518,0.0004398776231937518,False
37849,NPP,2018-01-03 00:00:00+00:00,826.846426853429,1.0,1.0,-0.0002588510287750978,0.0002588510287750978,False
37849,NPP,2018-01-04 00:00:00+00:00,826.846107096304,1.333,1.0,-0.0003197571249984321,0.0003197571249984321,False
37849,NPP,2018-01-05 00:00:00+00:00,826.845866855525,2.0,1.0,-0.00024024077902140561,0.00024024077902140561,False
37849,NPP,2018-01-06 00:00:00+00:00,826.8455234127568,1.333,1.0,-0.00034344276809861185,0.00034344276809861185,False
37849,NPP,2018-01-07 00:00:00+00:00,826.8452679455022,1.0,1.0,-0.0002554672546466463,0.0002554672546466463,False
37849,NPP,2018-01-08 00:00:00+00:00,826.8447671620761,3.667,1.0,-0.0005007834261050448,0.0005007834261050448,False
37849,NPP,2018-01-09 00:00:00+00:00,826.8442985236106,3.667,1.0,-0.00046863846546330024,0.00046863846546330024,False
37849,NPP,2018-01-10 00:00:00+00:00,826.844002452417,1.667,1.0,-0.0002960711935884319,0.0002960711935884319,False
37849,NPP,2018-01-11 00:00:00+00:00,826.8439009423005,1.0,1.0,-0.00010151011656489572,0.00010151011656489572,False
37849,NPP,2018-01-12 00:00:00+00:00,826.8435913364679,1.333,1.0,-0.00030960583262640284,0.00030960583262640284,False
37849,NPP,2018-01-13 00:00:00+00:00,826.843186987915,3.0,1.0,-0.0004043485528200108,0.0004043485528200108,False
37849,NPP,2018-01-14 00:00:00+00:00,826.8428300107894,4.667,1.0,-0.00035697712564797257,0.00035697712564797257,False
37849,NPP,2018-01-15 00:00:00+00:00,826.842645600821,3.667,1.0,-0.00018440996836943668,0.00018440996836943668,False
37849,NPP,2018-01-16 00:00:00+00:00,826.8423918256567,2.0,1.0,-0.00025377516431035474,0.00025377516431035474,False
37849,NPP,2018-01-17 00:00:00+00:00,826.8422683217518,0.667,1.0,-0.00012350390488791163,0.00012350390488791163,False
37849,NPP,2018-01-18 00:00:00+00:00,826.8420043956157,0.333,1.0,-0.00026392613608550164,0.00026392613608550164,False
37849,NPP,2018-01-19 00:00:00+00:00,826.8414376312357,2.667,1.0,-0.0005667643799824873,0.0005667643799824873,False
37849,NPP,2018-01-20 00:00:00+00:00,826.8412176928514,3.0,1.0,-0.00021993838436173974,0.00021993838436173974,False
37849,NPP,2018-01-21 00:00:00+00:00,826.8408488731347,3.0,1.0,-0.00036881971664115554,0.00036881971664115554,False
37849,NPP,2018-01-22 00:00:00+00:00,826.8406678469605,3.333,1.0,-0.00018102617423210177,0.00018102617423210177,False
37849,NPP,2018-01-23 00:00:00+00:00,826.8403548578117,2.0,1.0,-0.000312989148824272,0.000312989148824272,False
37849,NPP,2018-01-24 00:00:00+00:00,826.8398286977431,4.0,1.0,-0.0005261600686026213,0.0005261600686026213,False
37849,NPP,2018-01-25 00:00:00+00:00,826.8394125068912,3.0,1.0,-0.0004161908518653945,0.0004161908518653945,False
37849,NPP,2018-01-26 00:00:00+00:00,826.8391316626908,3.0,1.0,-0.0002808442004607059,0.0002808442004607059,False
37849,NPP,2018-01-27 00:00:00+00:00,826.8389793977749,2.667,1.0,-0.00015226491586872726,0.00015226491586872726,False
37849,NPP,2018-01-28 00:00:00+00:00,826.8386664088071,1.667,1.0,-0.0003129889678348263,0.0003129889678348263,False
37849,NPP,2018-01-29 00:00:00+00:00,826.8383787973517,1.0,1.0,-0.00028761145540556754,0.00028761145540556754,False
37849,NPP,2018-01-30 00:00:00+00:00,826.8381554755379,2.333,1.0,-0.00022332181379169924,0.00022332181379169924,False
37849,NPP,2018-01-31 00:00:00+00:00,826.8379152354205,2.667,1.0,-0.00024024011736401008,0.00024024011736401008,False
37849,NPP,2018-02-01 00:00:00+00:00,826.8376868381447,2.667,1.0,-0.00022839727580503677,0.00022839727580503677,False
37849,NPP,2018-02-02 00:00:00+00:00,826.837424604259,2.0,1.0,-0.00026223388567814254,0.00026223388567814254,False
37849,NPP,2018-02-03 00:00:00+00:00,826.8370946971468,1.667,1.0,-0.00032990711224556435,0.00032990711224556435,False
37849,NPP,2018-02-04 00:00:00+00:00,826.8367191106336,2.333,1.0,-0.0003755865132006875,0.0003755865132006875,False
37849,NPP,2018-02-05 00:00:00+00:00,826.836395970925,3.0,1.0,-0.000323139708598319,0.000323139708598319,False
37849,NPP,2018-02-06 00:00:00+00:00,826.8360694475919,2.333,1.0,-0.000326523333114892,0.000326523333114892,False
37849,NPP,2018-02-07 00:00:00+00:00,826.8358359749732,1.667,1.0,-0.00023347261867456837,0.00023347261867456837,False
37849,NPP,2018-02-08 00:00:00+00:00,826.8353335013535,1.333,1.0,-0.0005024736196901358,0.0005024736196901358,False
37849,NPP,2018-02-09 00:00:00+00:00,826.8351287899063,2.667,1.0,-0.00020471144716793788,0.00020471144716793788,False
37849,NPP,2018-02-10 00:00:00+00:00,826.8348090340346,2.333,1.0,-0.0003197558717147331,0.0003197558717147331,False
37849,NPP,2018-02-11 00:00:00+00:00,826.8346178572629,0.667,1.0,-0.0001911767717501789,0.0001911767717501789,False
37849,NPP,2018-02-12 00:00:00+00:00,826.8344402151388,1.667,1.0,-0.0001776421240720083,0.0001776421240720083,False
37849,NPP,2018-02-13 00:00:00+00:00,826.8341458367895,0.667,1.0,-0.00029437834928103257,0.00029437834928103257,False
37849,NPP,2018-02-14 00:00:00+00:00,826.8337854771235,1.333,1.0,-0.0003603596660468611,0.0003603596660468611,False
37849,NPP,2018-02-15 00:00:00+00:00,826.8335046334723,4.667,1.0,-0.00028084365112590604,0.00028084365112590604,False
37849,NPP,2018-02-16 00:00:00+00:00,826.8333675953154,2.333,1.0,-0.00013703815693588695,0.00013703815693588695,False
37849,NPP,2018-02-17 00:00:00+00:00,826.8331036699929,3.667,1.0,-0.0002639253225424909,0.0002639253225424909,False
37849,NPP,2018-02-18 00:00:00+00:00,826.8328397446967,4.0,1.0,-0.00026392529616714455,0.00026392529616714455,False
37849,NPP,2018-02-19 00:00:00+00:00,826.8324100202276,4.0,1.0,-0.000429724469086068,0.000429724469086068,False
37849,NPP,2018-02-20 00:00:00+00:00,826.8318246476229,2.667,1.0,-0.000585372604746226,0.000585372604746226,False
37849,NPP,2018-02-21 00:00:00+00:00,826.8315539551304,2.0,1.0,-0.0002706924924495979,0.0002706924924495979,False
37849,NPP,2018-02-22 00:00:00+00:00,826.8313560112624,3.667,1.0,-0.00019794386798821506,0.00019794386798821506,False
37849,NPP,2018-02-23 00:00:00+00:00,826.8311969794468,4.333,1.0,-0.00015903181565590785,0.00015903181565590785,False
37849,NPP,2018-02-24 00:00:00+00:00,826.8308670730466,3.333,1.0,-0.00032990640011121286,0.00032990640011121286,False
37849,NPP,2018-02-25 00:00:00+00:00,826.8303527575058,2.0,1.0,-0.0005143155408404709,0.0005143155408404709,False
37849,NPP,2018-02-26 00:00:00+00:00,826.8300651468803,3.0,1.0,-0.00028761062549165217,0.00028761062549165217,False
37849,NPP,2018-02-27 00:00:00+00:00,826.829895964172,5.333,1.0,-0.0001691827083050157,0.0001691827083050157,True
37849,NPP,2018-02-28 00:00:00+00:00,826.8296946367623,2.333,1.0,-0.00020132740974077024,0.00020132740974077024,False
37849,NPP,2018-03-01 00:00:00+00:00,826.9071086001759,2.667,1.0,0.07741396341361906,-0.07741396341361906,False
37849,NPP,2018-03-02 00:00:00+00:00,826.9066027303879,2.667,1.0,-0.0005058697879576357,0.0005058697879576357,False
37849,NPP,2018-03-03 00:00:00+00:00,826.9060545639018,2.667,1.0,-0.000548166486169066,0.000548166486169066,False
37849,NPP,2018-03-04 00:00:00+00:00,826.905902295443,2.667,1.0,-0.00015226845880533801,0.00015226845880533801,False
37849,NPP,2018-03-05 00:00:00+00:00,826.905700962724,1.333,1.0,-0.00020133271891609184,0.00020133271891609184,False
37849,NPP,2018-03-06 00:00:00+00:00,826.9053828908959,2.0,1.0,-0.0003180718281328154,0.0003180718281328154,False
37849,NPP,2018-03-07 00:00:00+00:00,826.9049463881233,2.667,1.0,-0.00043650277257256676,0.00043650277257256676,False
37849,NPP,2018-03-08 00:00:00+00:00,826.9046181651511,1.667,1.0,-0.0003282229722572083,0.0003282229722572083,False
37849,NPP,2018-03-09 00:00:00+00:00,826.9042408779678,4.333,1.0,-0.00037728718325524824,0.00037728718325524824,False
37849,NPP,2018-03-10 00:00:00+00:00,826.9039803298997,4.0,1.0,-0.0002605480681268091,0.0002605480681268091,False
37849,NPP,2018-03-11 00:00:00+00:00,826.9035996590574,2.333,1.0,-0.00038067084233261994,0.00038067084233261994,False
37849,NPP,2018-03-12 00:00:00+00:00,826.9033441866563,1.0,1.0,-0.0002554724010224163,0.0002554724010224163,False
37849,NPP,2018-03-13 00:00:00+00:00,826.9030345744359,1.0,1.0,-0.00030961222046244075,0.00030961222046244075,False
37849,NPP,2018-03-14 00:00:00+00:00,826.9026894329841,4.0,1.0,-0.00034514145181674394,0.00034514145181674394,False
37849,NPP,2018-03-15 00:00:00+00:00,826.9024576468369,4.0,1.0,-0.00023178614719654433,0.00023178614719654433,False
37849,NPP,2018-03-16 00:00:00+00:00,826.9022664655758,4.333,1.0,-0.00019118126101602684,0.00019118126101602684,False
37849,NPP,2018-03-17 00:00:00+00:00,826.9019906908611,4.333,1.0,-0.00027577471473705373,0.00027577471473705373,False
37849,NPP,2018-03-18 00:00:00+00:00,826.9017216836464,6.0,1.0,-0.00026900721468336997,0.00026900721468336997,True
37849,NPP,2018-03-19 00:00:00+00:00,826.9011565993933,4.333,1.0,-0.0005650842531395028,0.0005650842531395028,False
37849,NPP,2018-03-20 00:00:00+00:00,826.9007437834216,3.0,1.0,-0.00041281597168563167,0.00041281597168563167,False
37849,NPP,2018-03-21 00:00:00+00:00,826.9004020259808,2.0,1.0,-0.00034175744076492265,0.00034175744076492265,False
37849,NPP,2018-03-22 00:00:00+00:00,826.9001380945224,3.0,1.0,-0.0002639314584484964,0.0002639314584484964,False
37849,NPP,2018-03-23 00:00:00+00:00,826.8998064883626,4.0,1.0,-0.00033160615976157715,0.00033160615976157715,False
37849,NPP,2018-03-24 00:00:00+00:00,826.8993767539059,2.667,1.0,-0.0004297344567021355,0.0004297344567021355,False
37849,NPP,2018-03-25 00:00:00+00:00,826.8989097984277,4.0,1.0,-0.0004669554782594787,0.0004669554782594787,False
37849,NPP,2018-03-26 00:00:00+00:00,826.8985968029519,3.0,1.0,-0.00031299547572416486,0.00031299547572416486,False
37849,NPP,2018-03-27 00:00:00+00:00,826.8983176448501,3.0,1.0,-0.0002791581018755096,0.0002791581018755096,False
37849,NPP,2018-03-28 00:00:00+00:00,826.8980672485168,0.667,1.0,-0.0002503963332856074,0.0002503963332856074,False
37849,NPP,2018-03-29 00:00:00+00:00,826.8975935257859,1.667,1.0,-0.0004737227309306036,0.0004737227309306036,False
37849,NPP,2018-03-30 00:00:00+00:00,826.8974395659129,2.333,1.0,-0.00015395987293231883,0.00015395987293231883,False
37849,NPP,2018-03-31 00:00:00+00:00,826.897251768718,2.667,1.0,-0.0001877971949397761,0.0001877971949397761,False
37849,NPP,2018-04-01 00:00:00+00:00,826.8968254183746,1.333,1.0,-0.00042635034333216026,0.00042635034333216026,False
37849,NPP,2018-04-02 00:00:00+00:00,826.8966596154814,1.667,1.0,-0.00016580289320700103,0.00016580289320700103,False
37849,NPP,2018-04-03 00:00:00+00:00,826.8963719982394,2.0,1.0,-0.00028761724206560757,0.00028761724206560757,False
37849,NPP,2018-04-04 00:00:00+00:00,826.8959321131006,1.667,1.0,-0.0004398851388032199,0.0004398851388032199,False
37849,NPP,2018-04-05 00:00:00+00:00,826.8952892041716,3.0,1.0,-0.00064290892896679,0.00064290892896679,False
37849,NPP,2018-04-06 00:00:00+00:00,826.8949440636479,1.667,1.0,-0.0003451405236774008,0.0003451405236774008,False
37849,NPP,2018-04-07 00:00:00+00:00,826.8946801326883,2.0,1.0,-0.0002639309595906525,0.0002639309595906525,False
37849,NPP,2018-04-08 00:00:00+00:00,826.8943011549413,2.333,1.0,-0.0003789777470046829,0.0003789777470046829,False
37849,NPP,2018-04-09 00:00:00+00:00,826.8939340202974,4.333,1.0,-0.00036713464396598283,0.00036713464396598283,False
37849,NPP,2018-04-10 00:00:00+00:00,826.8935076704465,4.0,1.0,-0.00042634985084077925,0.00042634985084077925,False
37849,NPP,2018-04-11 00:00:00+00:00,826.8931540708127,4.333,1.0,-0.0003535996338541736,0.0003535996338541736,False
37849,NPP,2018-04-12 00:00:00+00:00,826.8929408959366,3.0,1.0,-0.00021317487608030206,0.00021317487608030206,False
37849,NPP,2018-04-13 00:00:00+00:00,826.892700651254,3.667,1.0,-0.00024024468257266562,0.00024024468257266562,False
37849,NPP,2018-04-14 00:00:00+00:00,826.8923250574953,2.0,1.0,-0.00037559375869022915,0.00037559375869022915,False
37849,NPP,2018-04-15 00:00:00+00:00,826.8919088590624,2.333,1.0,-0.00041619843295848113,0.00041619843295848113,False
37849,NPP,2018-04-16 00:00:00+00:00,826.8917870448977,1.0,1.0,-0.00012181416468592943,0.00012181416468592943,False
37849,NPP,2018-04-17 00:00:00+00:00,826.8913979163517,1.0,1.0,-0.00038912854597583646,0.00038912854597583646,False
37849,NPP,2018-04-18 00:00:00+00:00,826.890934345894,2.0,1.0,-0.00046357045766853844,0.00046357045766853844,False
37849,NPP,2018-04-19 00:00:00+00:00,826.8905621360882,1.0,1.0,-0.0003722098058460688,0.0003722098058460688,False
37849,NPP,2018-04-20 00:00:00+00:00,826.8902271473044,6.0,1.0,-0.00033498878383397823,0.00033498878383397823,True
37849,NPP,2018-04-21 00:00:00+00:00,826.8897669607586,3.333,1.0,-0.00046018654575163964,0.00046018654575163964,False
37849,NPP,2018-04-22 00:00:00+00:00,826.8891375880994,1.667,1.0,-0.0006293726592048188,0.0006293726592048188,False
37849,NPP,2018-04-23 00:00:00+00:00,826.8889667100634,3.0,1.0,-0.00017087803598769824,0.00017087803598769824,False
37849,NPP,2018-04-24 00:00:00+00:00,826.8886486400816,2.0,1.0,-0.00031806998185857083,0.00031806998185857083,False
37849,NPP,2018-04-25 00:00:00+00:00,826.8882984247716,2.0,1.0,-0.0003502153099361749,0.0003502153099361749,False
37849,NPP,2018-04-26 00:00:00+00:00,826.8878686920289,1.667,1.0,-0.00042973274275937,0.00042973274275937,False
37849,NPP,2018-04-27 00:00:00+00:00,826.8876825873185,2.667,1.0,-0.0001861047103375313,0.0001861047103375313,False
37849,NPP,2018-04-28 00:00:00+00:00,826.887381436085,1.667,1.0,-0.0003011512335433508,0.0003011512335433508,False
37849,NPP,2018-04-29 00:00:00+00:00,826.8871496511701,1.333,1.0,-0.00023178491483122343,0.00023178491483122343,False
37849,NPP,2018-04-30 00:00:00+00:00,826.886792668598,2.333,1.0,-0.00035698257215699414,0.00035698257215699414,False
37849,NPP,2018-05-01 00:00:00+00:00,826.8864915174581,1.0,1.0,-0.00030115113986539654,0.00030115113986539654,False
37849,NPP,2018-05-02 00:00:00+00:00,826.8861429942681,2.0,1.0,-0.0003485231900413055,0.0003485231900413055,False
37849,NPP,2018-05-03 00:00:00+00:00,826.8858655292352,1.333,1.0,-0.0002774650329229189,0.0002774650329229189,False
37849,NPP,2018-05-04 00:00:00+00:00,826.8854865526464,1.333,1.0,-0.0003789765887631802,0.0003789765887631802,False
37849,NPP,2018-05-05 00:00:00+00:00,826.8851752504866,5.667,1.0,-0.00031130215984376264,0.00031130215984376264,True
37849,NPP,2018-05-06 00:00:00+00:00,826.8846879949997,5.667,1.0,-0.0004872554868597945,0.0004872554868597945,True
37849,NPP,2018-05-07 00:00:00+00:00,826.8842853325405,4.0,1.0,-0.00040266245923703536,0.00040266245923703536,False
37849,NPP,2018-05-08 00:00:00+00:00,826.8839909490971,3.667,1.0,-0.0002943834433608572,0.0002943834433608572,False
37849,NPP,2018-05-09 00:00:00+00:00,826.8836796470996,4.0,1.0,-0.00031130199749895837,0.00031130199749895837,False
37849,NPP,2018-05-10 00:00:00+00:00,826.8832431476148,3.333,1.0,-0.00043649948474921985,0.00043649948474921985,False
37849,NPP,2018-05-11 00:00:00+00:00,826.8828641713708,3.667,1.0,-0.0003789762440646882,0.0003789762440646882,False
37849,NPP,2018-05-12 00:00:00+00:00,826.8826002415171,3.667,1.0,-0.00026392985364509514,0.00026392985364509514,False
37849,NPP,2018-05-13 00:00:00+00:00,826.8823160093934,2.333,1.0,-0.00028423212370398687,0.00028423212370398687,False
37849,NPP,2018-05-14 00:00:00+00:00,826.8819302658412,2.0,1.0,-0.0003857435522149899,0.0003857435522149899,False
37849,NPP,2018-05-15 00:00:00+00:00,826.8816477256419,1.333,1.0,-0.00028254019935047836,0.00028254019935047836,False
37849,NPP,2018-05-16 00:00:00+00:00,826.8812585984651,1.333,1.0,-0.00038912717673156294,0.00038912717673156294,False
37849,NPP,2018-05-17 00:00:00+00:00,826.8808407097731,3.0,1.0,-0.0004178886920271907,0.0004178886920271907,False
37849,NPP,2018-05-18 00:00:00+00:00,826.8804752687001,1.667,1.0,-0.00036544107297231676,0.00036544107297231676,False
37849,NPP,2018-05-19 00:00:00+00:00,826.8801893449277,1.0,1.0,-0.00028592377248060075,0.00028592377248060075,False
37849,NPP,2018-05-20 00:00:00+00:00,826.8799000374738,1.0,1.0,-0.00028930745384059264,0.00028930745384059264,False
37849,NPP,2018-05-21 00:00:00+00:00,826.8795312128063,1.0,1.0,-0.00036882466747556464,0.00036882466747556464,False
37849,NPP,2018-05-22 00:00:00+00:00,826.878989818887,2.0,1.0,-0.0005413939193203987,0.0005413939193203987,False
37849,NPP,2018-05-23 00:00:00+00:00,826.8788020228931,3.333,1.0,-0.0001877959939520224,0.0001877959939520224,False
37849,NPP,2018-05-24 00:00:00+00:00,826.8785211748564,1.333,1.0,-0.000280848036709358,0.000280848036709358,False
37849,NPP,2018-05-25 00:00:00+00:00,826.8782640128202,1.333,1.0,-0.00025716203617776046,0.00025716203617776046,False
37849,NPP,2018-05-26 00:00:00+00:00,826.8778748861009,1.333,1.0,-0.00038912671925572795,0.00038912671925572795,False
37849,NPP,2018-05-27 00:00:00+00:00,826.8776329508182,1.333,1.0,-0.00024193528270188835,0.00024193528270188835,False
37849,NPP,2018-05-28 00:00:00+00:00,826.8774350037852,1.667,1.0,-0.00019794703302977723,0.00019794703302977723,False
37849,NPP,2018-05-29 00:00:00+00:00,826.8771592314442,1.667,1.0,-0.0002757723409558821,0.0002757723409558821,False
37849,NPP,2018-05-30 00:00:00+00:00,826.8768665405842,1.667,1.0,-0.00029269086007843725,0.00029269086007843725,False
37849,NPP,2018-05-31 00:00:00+00:00,826.8766229135326,4.333,1.0,-0.00024362705153180286,0.00024362705153180286,False
37849,NPP,2018-06-01 00:00:00+00:00,826.8762710078267,4.667,1.0,-0.00035190570588383707,0.00035190570588383707,False
37849,NPP,2018-06-02 00:00:00+00:00,826.8757651434521,4.0,1.0,-0.0005058643746451708,0.0005058643746451708,False
37849,NPP,2018-06-03 00:00:00+00:00,826.8754589179043,2.667,1.0,-0.0003062255477743747,0.0003062255477743747,False
37849,NPP,2018-06-04 00:00:00+00:00,826.8751019367801,1.333,1.0,-0.0003569811242414289,0.0003569811242414289,False
37849,NPP,2018-06-05 00:00:00+00:00,826.8748024787151,1.667,1.0,-0.0002994580650010903,0.0002994580650010903,False
37849,NPP,2018-06-06 00:00:00+00:00,826.8743981257849,3.667,1.0,-0.00040435293021801044,0.00040435293021801044,False
37849,NPP,2018-06-07 00:00:00+00:00,826.8739210232357,2.667,1.0,-0.0004771025492118497,0.0004771025492118497,False
37849,NPP,2018-06-08 00:00:00+00:00,826.8737146171939,2.0,1.0,-0.0002064060417978908,0.0002064060417978908,False
37849,NPP,2018-06-09 00:00:00+00:00,826.8734845252284,1.333,1.0,-0.00023009196547718602,0.00023009196547718602,False
37849,NPP,2018-06-10 00:00:00+00:00,826.8732408984633,1.0,1.0,-0.0002436267650409718,0.0002436267650409718,False
37849,NPP,2018-06-11 00:00:00+00:00,826.872963434671,1.333,1.0,-0.0002774637923721457,0.0002774637923721457,False
37849,NPP,2018-06-12 00:00:00+00:00,826.8726944301684,1.667,1.0,-0.0002690045025701693,0.0002690045025701693,False
37849,NPP,2018-06-13 00:00:00+00:00,826.8725134019933,2.0,1.0,-0.00018102817512044567,0.00018102817512044567,False
37849,NPP,2018-06-14 00:00:00+00:00,826.8721953338272,1.333,1.0,-0.00031806816605239874,0.00031806816605239874,False
37849,NPP,2018-06-15 00:00:00+00:00,826.8719720093909,1.0,1.0,-0.0002233244363196718,0.0002233244363196718,False
37849,NPP,2018-06-16 00:00:00+00:00,826.871638714621,0.667,1.0,-0.0003332947699163924,0.0003332947699163924,False
37849,NPP,2018-06-17 00:00:00+00:00,826.8713883206055,1.667,1.0,-0.00025039401543835993,0.00025039401543835993,False
37849,NPP,2018-06-18 00:00:00+00:00,826.8709078348543,4.0,1.0,-0.00048048575126813375,0.00048048575126813375,False
37849,NPP,2018-06-19 00:00:00+00:00,826.8705914587149,2.333,1.0,-0.0003163761393807363,0.0003163761393807363,False
37849,NPP,2018-06-20 00:00:00+00:00,826.8704391921374,2.333,1.0,-0.0001522665775155474,0.0001522665775155474,False
37849,NPP,2018-06-21 00:00:00+00:00,826.8701278916042,1.0,1.0,-0.0003113005332124885,0.0003113005332124885,False
37849,NPP,2018-06-22 00:00:00+00:00,826.8697929051964,1.333,1.0,-0.00033498640777906985,0.00033498640777906985,False
37849,NPP,2018-06-23 00:00:00+00:00,826.8692515131083,4.0,1.0,-0.0005413920880528167,0.0005413920880528167,False
37849,NPP,2018-06-24 00:00:00+00:00,826.869144926547,2.667,1.0,-0.00010658656128725852,0.00010658656128725852,False
37849,NPP,2018-06-25 00:00:00+00:00,826.8690315725976,5.0,1.0,-0.00011335394947309396,0.00011335394947309396,True
37849,NPP,2018-06-26 00:00:00+00:00,826.8687321151615,4.667,1.0,-0.000299457436085504,0.000299457436085504,False
37849,NPP,2018-06-27 00:00:00+00:00,826.8684225066613,2.667,1.0,-0.00030960850017436314,0.00030960850017436314,False
37849,NPP,2018-06-28 00:00:00+00:00,826.868129816688,1.667,1.0,-0.000292689973321103,0.000292689973321103,False
37849,NPP,2018-06-29 00:00:00+00:00,826.8678625044854,1.333,1.0,-0.00026731220259534894,0.00026731220259534894,False
37849,NPP,2018-06-30 00:00:00+00:00,826.8676222618919,1.0,1.0,-0.00024024259346333565,0.00024024259346333565,False
37849,NPP,2018-07-01 00:00:00+00:00,826.8674141644524,0.667,1.0,-0.00020809743955396698,0.00020809743955396698,False
37849,NPP,2018-07-02 00:00:00+00:00,826.8670893294525,1.0,1.0,-0.00032483499990121345,0.00032483499990121345,False
37849,NPP,2018-07-03 00:00:00+00:00,826.8667340412144,1.667,1.0,-0.0003552882380972733,0.0003552882380972733,False
37849,NPP,2018-07-04 00:00:00+00:00,826.8663753693231,1.333,1.0,-0.0003586718912629294,0.0003586718912629294,False
37849,NPP,2018-07-05 00:00:00+00:00,826.8661808067595,4.667,1.0,-0.00019456256359262625,0.00019456256359262625,False
37849,NPP,2018-07-06 00:00:00+00:00,826.8659405643075,3.667,1.0,-0.00024024245203690953,0.00024024245203690953,False
37849,NPP,2018-07-07 00:00:00+00:00,826.8656766360032,2.0,1.0,-0.00026392830432087067,0.00026392830432087067,False
37849,NPP,2018-07-08 00:00:00+00:00,826.8653196560917,1.333,1.0,-0.0003569799114302441,0.0003569799114302441,False
37849,NPP,2018-07-09 00:00:00+00:00,826.8651572387043,0.667,1.0,-0.00016241738740063738,0.00016241738740063738,False
37849,NPP,2018-07-10 00:00:00+00:00,826.8648425550455,2.333,1.0,-0.00031468365887121763,0.00031468365887121763,False
37849,NPP,2018-07-11 00:00:00+00:00,826.8647275094154,2.667,1.0,-0.0001150456300820224,0.0001150456300820224,False
37849,NPP,2018-07-12 00:00:00+00:00,826.8645955453158,2.667,1.0,-0.0001319640996371163,0.0001319640996371163,False
37849,NPP,2018-07-13 00:00:00+00:00,826.8641844264289,2.667,1.0,-0.0004111188868591853,0.0004111188868591853,False
37849,NPP,2018-07-14 00:00:00+00:00,826.8638206793162,1.667,1.0,-0.00036374711271491833,0.00036374711271491833,False
37849,NPP,2018-07-15 00:00:00+00:00,826.8637191684993,1.333,1.0,-0.00010151081687581609,0.00010151081687581609,False
37849,NPP,2018-07-16 00:00:00+00:00,826.863472158866,2.667,1.0,-0.0002470096333127003,0.0002470096333127003,False
37849,NPP,2018-07-17 00:00:00+00:00,826.8933504843685,3.0,1.0,0.029878325502522785,-0.029878325502522785,False
37849,NPP,2018-07-18 00:00:00+00:00,826.9224623826572,1.0,1.0,0.029111898288647353,-0.029111898288647353,False
37849,NPP,2018-07-19 00:00:00+00:00,826.9223693291788,1.0,1.0,-9.305347839472233e-05,9.305347839472233e-05,False
37849,NPP,2018-07-20 00:00:00+00:00,826.9219463588943,2.0,1.0,-0.00042297028448956553,0.00042297028448956553,False
37849,NPP,2018-07-21 00:00:00+00:00,826.9215030860796,3.333,1.0,-0.00044327281466394197,0.00044327281466394197,False
37849,NPP,2018-07-22 00:00:00+00:00,826.9212712984199,1.333,1.0,-0.00023178765968623338,0.00023178765968623338,False
37849,NPP,2018-07-23 00:00:00+00:00,826.9210496620599,1.0,1.0,-0.0002216363600382465,0.0002216363600382465,False
37849,NPP,2018-07-24 00:00:00+00:00,826.9208127987959,4.0,1.0,-0.00023686326403549174,0.00023686326403549174,False
37849,NPP,2018-07-25 00:00:00+00:00,826.920464271454,3.333,1.0,-0.0003485273418846191,0.0003485273418846191,False
37849,NPP,2018-07-26 00:00:00+00:00,826.9203593748862,1.333,1.0,-0.00010489656779100187,0.00010489656779100187,False
37849,NPP,2018-07-27 00:00:00+00:00,826.9201326629568,1.667,1.0,-0.00022671192937195883,0.00022671192937195883,False
37849,NPP,2018-07-28 00:00:00+00:00,826.9199330211231,2.0,1.0,-0.0001996418336602801,0.0001996418336602801,False
37849,NPP,2018-07-29 00:00:00+00:00,826.9198332002165,1.333,1.0,-9.982090659832465e-05,9.982090659832465e-05,False
37849,NPP,2018-07-30 00:00:00+00:00,826.9194795973522,2.0,1.0,-0.0003536028643793543,0.0003536028643793543,False
37849,NPP,2018-07-31 00:00:00+00:00,826.9191141513797,2.333,1.0,-0.0003654459724202752,0.0003654459724202752,False
37849,NPP,2018-08-01 00:00:00+00:00,826.918785926794,2.333,1.0,-0.00032822458570080926,0.00032822458570080926,False
37849,NPP,2018-08-02 00:00:00+00:00,826.9185219936498,2.667,1.0,-0.00026393314419692615,0.00026393314419692615,False
37849,NPP,2018-08-03 00:00:00+00:00,826.9183274275697,2.667,1.0,-0.00019456608015389065,0.00019456608015389065,False
37849,NPP,2018-08-04 00:00:00+00:00,826.9179805924068,2.0,1.0,-0.0003468351628725941,0.0003468351628725941,False
37849,NPP,2018-08-05 00:00:00+00:00,826.9176354491647,2.0,1.0,-0.0003451432421570644,0.0003451432421570644,False
37849,NPP,2018-08-06 00:00:00+00:00,826.9174459587757,1.0,1.0,-0.00018949038894788828,0.00018949038894788828,False
37849,NPP,2018-08-07 00:00:00+00:00,826.9172970734803,3.0,1.0,-0.00014888529540257878,0.00014888529540257878,False
37849,NPP,2018-08-08 00:00:00+00:00,826.9170940480863,1.667,1.0,-0.00020302539405747666,0.00020302539405747666,False
37849,NPP,2018-08-09 00:00:00+00:00,826.9167573643413,1.333,1.0,-0.00033668374499029596,0.00033668374499029596,False
37849,NPP,2018-08-10 00:00:00+00:00,826.9165526471088,1.333,1.0,-0.00020471723246373585,0.00020471723246373585,False
37849,NPP,2018-08-11 00:00:00+00:00,826.9163902268347,3.667,1.0,-0.0001624202741368208,0.0001624202741368208,False
37849,NPP,2018-08-12 00:00:00+00:00,826.9160484675413,2.0,1.0,-0.00034175929340563016,0.00034175929340563016,False
37849,NPP,2018-08-13 00:00:00+00:00,826.9158048371746,1.333,1.0,-0.00024363036663999083,0.00024363036663999083,False
37849,NPP,2018-08-14 00:00:00+00:00,826.9155392124294,1.333,1.0,-0.0002656247452250682,0.0002656247452250682,False
37849,NPP,2018-08-15 00:00:00+00:00,826.915192377603,4.0,1.0,-0.0003468348263595544,0.0003468348263595544,False
37849,NPP,2018-08-16 00:00:00+00:00,826.9148235484181,3.667,1.0,-0.00036882918493574834,0.00036882918493574834,False
37849,NPP,2018-08-17 00:00:00+00:00,826.9146543607371,4.0,1.0,-0.00016918768096729764,0.00016918768096729764,False
37849,NPP,2018-08-18 00:00:00+00:00,826.9143159854007,3.333,1.0,-0.0003383753364687436,0.0003383753364687436,False
37849,NPP,2018-08-19 00:00:00+00:00,826.9141264952295,2.667,1.0,-0.0001894901711239072,0.0001894901711239072,False
37849,NPP,2018-08-20 00:00:00+00:00,826.913717061152,4.0,1.0,-0.00040943407748272875,0.00040943407748272875,False
37849,NPP,2018-08-22 00:00:00+00:00,826.9131384395405,2.333,2.0,-0.0005786216115666321,0.00028931080578331603,False
37849,NPP,2018-08-23 00:00:00+00:00,826.9130013975969,1.667,1.0,-0.00013704194361707778,0.00013704194361707778,False
37849,NPP,2018-08-24 00:00:00+00:00,826.9127780699987,2.667,1.0,-0.00022332759817800252,0.00022332759817800252,False
37849,NPP,2018-08-25 00:00:00+00:00,826.912586888051,4.333,1.0,-0.00019118194768452668,0.00019118194768452668,False
37849,NPP,2018-08-26 00:00:00+00:00,826.9121842216955,7.333,1.0,-0.00040266635551233776,0.00040266635551233776,True
37849,NPP,2018-08-27 00:00:00+00:00,826.9118729166512,5.667,1.0,-0.0003113050443062093,0.0003113050443062093,True
37849,NPP,2018-08-28 00:00:00+00:00,826.9114905528941,3.667,1.0,-0.0003823637571258587,0.0003823637571258587,False
37849,NPP,2018-08-29 00:00:00+00:00,826.9112909116602,2.333,1.0,-0.00019964123384852428,0.00019964123384852428,False
37849,NPP,2018-08-30 00:00:00+00:00,826.91114879418,1.667,1.0,-0.00014211748020898085,0.00014211748020898085,False
37849,NPP,2018-08-31 00:00:00+00:00,826.9106175455663,2.333,1.0,-0.0005312486136972439,0.0005312486136972439,False
37849,NPP,2018-09-01 00:00:00+00:00,826.9103163919381,2.0,1.0,-0.0003011536282429006,0.0003011536282429006,False
37849,NPP,2018-09-02 00:00:00+00:00,826.9099103421495,2.0,1.0,-0.00040604978858027607,0.00040604978858027607,False
37849,NPP,2018-09-03 00:00:00+00:00,826.9097022416568,1.333,1.0,-0.00020810049272768083,0.00020810049272768083,False
37849,NPP,2018-09-04 00:00:00+00:00,826.9093317213014,3.0,1.0,-0.0003705203553181491,0.0003705203553181491,False
37849,NPP,2018-09-06 00:00:00+00:00,826.9088546129688,2.0,2.0,-0.00047710833268865827,0.00023855416634432913,False
37849,NPP,2018-09-07 00:00:00+00:00,826.9086549719186,2.333,1.0,-0.00019964105013059452,0.00019964105013059452,False
37849,NPP,2018-09-08 00:00:00+00:00,826.9083233647789,2.333,1.0,-0.0003316071397421183,0.0003316071397421183,False
37849,NPP,2018-09-09 00:00:00+00:00,826.9080865025599,2.667,1.0,-0.0002368622190260794,0.0002368622190260794,False
37849,NPP,2018-09-10 00:00:00+00:00,826.9079443852397,5.0,1.0,-0.00014211732013791334,0.00014211732013791334,True
37849,NPP,2018-09-11 00:00:00+00:00,826.907499422719,6.0,1.0,-0.00044496252075987286,0.00044496252075987286,True
37849,NPP,2018-09-12 00:00:00+00:00,826.9071999612843,4.0,1.0,-0.00029946143467896036,0.00029946143467896036,False
37849,NPP,2018-09-13 00:00:00+00:00,826.9069072673733,4.0,1.0,-0.00029269391097841435,0.00029269391097841435,False
37849,NPP,2018-09-14 00:00:00+00:00,826.9066704052707,4.333,1.0,-0.00023686210261075757,0.00023686210261075757,False
37849,NPP,2018-09-15 00:00:00+00:00,826.9061882217638,2.667,1.0,-0.0004821835068469227,0.0004821835068469227,False
37849,NPP,2018-09-16 00:00:00+00:00,826.9057770969439,2.333,1.0,-0.0004111248199478723,0.0004111248199478723,False
37849,NPP,2018-09-17 00:00:00+00:00,826.9054844031762,3.333,1.0,-0.0002926937677329988,0.0002926937677329988,False
37849,NPP,2018-09-18 00:00:00+00:00,826.9051646395005,2.333,1.0,-0.00031976367563402164,0.00031976367563402164,False
37849,NPP,2018-09-19 00:00:00+00:00,826.9049446962517,2.333,1.0,-0.00021994324879415217,0.00021994324879415217,False
37849,NPP,2018-09-20 00:00:00+00:00,826.9046215488934,0.667,1.0,-0.0003231473583582556,0.0003231473583582556,False
37849,NPP,2018-09-21 00:00:00+00:00,826.9042493373208,4.333,1.0,-0.00037221157253952697,0.00037221157253952697,False
37849,NPP,2018-09-22 00:00:00+00:00,826.9040395453667,4.667,1.0,-0.00020979195414838614,0.00020979195414838614,False
37849,NPP,2018-09-23 00:00:00+00:00,826.9036791769622,3.333,1.0,-0.00036036840447195573,0.00036036840447195573,False
37849,NPP,2018-09-24 00:00:00+00:00,826.903518449285,2.333,1.0,-0.00016072767721198034,0.00016072767721198034,False
37849,NPP,2018-09-25 00:00:00+00:00,826.903169924035,3.0,1.0,-0.000348525250046805,0.000348525250046805,False
37849,NPP,2018-09-26 00:00:00+00:00,826.9029465972003,2.667,1.0,-0.00022332683465720038,0.00022332683465720038,False
37849,NPP,2018-09-27 00:00:00+00:00,826.8696609408626,2.333,1.0,-0.033285656337739056,0.033285656337739056,False
37849,NPP,2018-09-28 00:00:00+00:00,826.8731241606556,3.0,1.0,0.003463219793047756,-0.003463219793047756,False
37849,NPP,2018-09-29 00:00:00+00:00,826.8722782345858,3.333,1.0,-0.0008459260698145954,0.0008459260698145954,False
37849,NPP,2018-09-30 00:00:00+00:00,826.8719821605023,2.333,1.0,-0.0002960740835078468,0.0002960740835078468,False
37849,NPP,2018-10-01 00:00:00+00:00,826.8716640923967,3.667,1.0,-0.00031806810557100107,0.00031806810557100107,False
37849,NPP,2018-10-02 00:00:00+00:00,826.8713460243207,3.667,1.0,-0.00031806807601242326,0.00031806807601242326,False
37849,NPP,2018-10-03 00:00:00+00:00,826.8709839681533,2.333,1.0,-0.0003620561674324563,0.0003620561674324563,False
37849,NPP,2018-10-04 00:00:00+00:00,826.870682818666,1.667,1.0,-0.0003011494873135234,0.0003011494873135234,False
37849,NPP,2018-10-05 00:00:00+00:00,826.8703901284639,3.0,1.0,-0.0002926902020590205,0.0002926902020590205,False
37849,NPP,2018-10-06 00:00:00+00:00,826.8699756250489,3.0,1.0,-0.00041450341495874454,0.00041450341495874454,False
37849,NPP,2018-10-07 00:00:00+00:00,826.8696101853525,5.333,1.0,-0.00036543969645208563,0.00036543969645208563,True
37849,NPP,2018-10-08 00:00:00+00:00,826.8711176249208,4.333,1.0,0.0015074395682859176,-0.0015074395682859176,False
37849,NPP,2018-10-09 00:00:00+00:00,826.8691500020991,3.667,1.0,-0.001967622821666737,0.001967622821666737,False
37849,NPP,2018-10-10 00:00:00+00:00,826.8687761032584,4.667,1.0,-0.00037389884073490975,0.00037389884073490975,False
37849,NPP,2018-10-11 00:00:00+00:00,826.8683734430219,3.0,1.0,-0.00040266023643198423,0.00040266023643198423,False
37849,NPP,2018-10-12 00:00:00+00:00,826.8681754966237,1.667,1.0,-0.0001979463982024754,0.0001979463982024754,False
37849,NPP,2018-10-13 00:00:00+00:00,826.8677288483905,4.333,1.0,-0.00044664823326456826,0.00044664823326456826,False
37849,NPP,2018-10-14 00:00:00+00:00,826.8672348284576,2.0,1.0,-0.0004940199328302697,0.0004940199328302697,False
37849,NPP,2018-10-15 00:00:00+00:00,826.8668321684372,3.0,1.0,-0.00040266002042699256,0.00040266002042699256,False
37849,NPP,2018-10-16 00:00:00+00:00,826.8664108981402,2.0,1.0,-0.00042127029701077845,0.00042127029701077845,False
37849,NPP,2018-10-17 00:00:00+00:00,826.8660471507446,1.667,1.0,-0.0003637473955677706,0.0003637473955677706,False
37849,NPP,2018-10-18 00:00:00+00:00,826.8657172403568,0.333,1.0,-0.0003299103877907328,0.0003299103877907328,False
37849,NPP,2018-10-19 00:00:00+00:00,826.8653839463086,0.667,1.0,-0.00033329404823234654,0.00033329404823234654,False
37849,NPP,2018-10-20 00:00:00+00:00,826.8650185071956,0.333,1.0,-0.00036543911301123444,0.00036543911301123444,False
37849,NPP,2018-10-21 00:00:00+00:00,826.8647782648409,2.0,1.0,-0.00024024235472097644,0.00024024235472097644,False
37849,NPP,2018-10-22 00:00:00+00:00,826.8645312551162,2.667,1.0,-0.00024700972471691784,0.00024700972471691784,False
37849,NPP,2018-10-23 00:00:00+00:00,826.8642267226069,1.0,1.0,-0.00030453250928985653,0.00030453250928985653,False
37849,NPP,2018-10-24 00:00:00+00:00,826.8638071445384,1.333,1.0,-0.0004195780684312922,0.0004195780684312922,False
37849,NPP,2018-10-25 00:00:00+00:00,826.8634417056246,2.0,1.0,-0.00036543891383189475,0.00036543891383189475,False
37849,NPP,2018-10-26 00:00:00+00:00,826.8632403758738,2.333,1.0,-0.0002013297507801326,0.0002013297507801326,False
37849,NPP,2018-10-27 00:00:00+00:00,826.8628715533382,1.667,1.0,-0.0003688225356199837,0.0003688225356199837,False
37849,NPP,2018-10-28 00:00:00+00:00,826.8626025497751,1.333,1.0,-0.00026900356306214235,0.00026900356306214235,False
37849,NPP,2018-10-29 00:00:00+00:00,826.8858401513471,0.333,1.0,0.02323760157196375,-0.02323760157196375,False
37849,NPP,2018-10-30 00:00:00+00:00,826.8851887853625,2.0,1.0,-0.0006513659845950315,0.0006513659845950315,False
37849,NPP,2018-10-31 00:00:00+00:00,826.8847692042436,1.667,1.0,-0.00041958111887652194,0.00041958111887652194,False
37849,NPP,2018-11-01 00:00:00+00:00,826.8843766929253,2.0,1.0,-0.00039251131829587393,0.00039251131829587393,False
37849,NPP,2018-11-02 00:00:00+00:00,826.8840298618497,2.667,1.0,-0.0003468310756034043,0.0003468310756034043,False
37849,NPP,2018-11-03 00:00:00+00:00,826.8836593447959,2.0,1.0,-0.00037051705385238165,0.00037051705385238165,False
37849,NPP,2018-11-04 00:00:00+00:00,826.8834021823045,5.333,1.0,-0.0002571624913798587,0.0002571624913798587,True
37849,NPP,2018-11-05 00:00:00+00:00,826.8831179501003,5.667,1.0,-0.000284232204194268,0.000284232204194268,True
37849,NPP,2018-11-06 00:00:00+00:00,826.8828658632292,3.667,1.0,-0.00025208687111444306,0.00025208687111444306,False
37849,NPP,2018-11-07 00:00:00+00:00,826.8824902707529,3.333,1.0,-0.00037559247630269965,0.00037559247630269965,False
37849,NPP,2018-11-08 00:00:00+00:00,826.8821332887564,4.0,1.0,-0.0003569819964468479,0.0003569819964468479,False
37849,NPP,2018-11-09 00:00:00+00:00,826.8817526208027,4.0,1.0,-0.0003806679537774471,0.0003806679537774471,False
37849,NPP,2018-11-10 00:00:00+00:00,826.8812975111796,4.333,1.0,-0.00045510962308981107,0.00045510962308981107,False
37849,NPP,2018-11-11 00:00:00+00:00,826.880976058329,3.0,1.0,-0.0003214528505850467,0.0003214528505850467,False
37849,NPP,2018-11-12 00:00:00+00:00,826.8807425820714,3.333,1.0,-0.00023347625756287016,0.00023347625756287016,False
37849,NPP,2018-11-13 00:00:00+00:00,826.8801808856456,2.0,1.0,-0.0005616964258479129,0.0005616964258479129,False
37849,NPP,2018-11-14 00:00:00+00:00,826.8796039626227,1.333,1.0,-0.0005769230228906963,0.0005769230228906963,False
37849,NPP,2018-11-15 00:00:00+00:00,826.8792706669692,0.667,1.0,-0.00033329565349049517,0.00033329565349049517,False
37849,NPP,2018-11-16 00:00:00+00:00,826.8790236560026,1.0,1.0,-0.0002470109666319331,0.0002470109666319331,False
37849,NPP,2018-11-17 00:00:00+00:00,826.8788409355757,0.667,1.0,-0.00018272042689204682,0.00018272042689204682,False
37849,NPP,2018-11-18 00:00:00+00:00,826.8783875182685,1.0,1.0,-0.00045341730719883344,0.00045341730719883344,False
37849,NPP,2018-11-19 00:00:00+00:00,826.8779577870055,1.667,1.0,-0.00042973126301149023,0.00042973126301149023,False
37849,NPP,2018-11-20 00:00:00+00:00,826.8776532530783,3.0,1.0,-0.0003045339271920966,0.0003045339271920966,False
37849,NPP,2018-11-21 00:00:00+00:00,826.8774028585417,2.667,1.0,-0.00025039453657882405,0.00025039453657882405,False
37849,NPP,2018-11-22 00:00:00+00:00,826.8772116789428,1.0,1.0,-0.00019117959891445935,0.00019117959891445935,False
37849,NPP,2018-11-23 00:00:00+00:00,826.8768022501117,1.0,1.0,-0.0004094288310625416,0.0004094288310625416,False
37849,NPP,2018-11-24 00:00:00+00:00,826.8762997693502,1.667,1.0,-0.0005024807614972815,0.0005024807614972815,False
37849,NPP,2018-11-25 00:00:00+00:00,826.876081520159,1.0,1.0,-0.00021824919122082065,0.00021824919122082065,False
37849,NPP,2018-11-26 00:00:00+00:00,826.8758801895219,0.667,1.0,-0.00020133063708271948,0.00020133063708271948,False
37849,NPP,2018-11-27 00:00:00+00:00,826.8755062898099,2.333,1.0,-0.00037389971203083405,0.00037389971203083405,False
37849,NPP,2018-11-28 00:00:00+00:00,826.8751442331195,1.0,1.0,-0.0003620566903919098,0.0003620566903919098,False
37849,NPP,2018-11-29 00:00:00+00:00,826.8747128104874,2.0,1.0,-0.0004314226321184833,0.0004314226321184833,False
37849,NPP,2018-11-30 00:00:00+00:00,826.8741595745,1.333,1.0,-0.0005532359873541282,0.0005532359873541282,False
37849,NPP,2018-12-01 00:00:00+00:00,826.8738567328278,3.0,1.0,-0.000302841672237264,0.000302841672237264,False
37849,NPP,2018-12-02 00:00:00+00:00,826.8736503267901,3.667,1.0,-0.00020640603770516464,0.00020640603770516464,False
37849,NPP,2018-12-03 00:00:00+00:00,826.8733863977805,3.0,1.0,-0.0002639290096340119,0.0002639290096340119,False
37849,NPP,2018-12-04 00:00:00+00:00,826.8730226495027,3.0,1.0,-0.0003637482777776313,0.0003637482777776313,False
37849,NPP,2018-12-05 00:00:00+00:00,826.8727248835066,2.0,1.0,-0.0002977659960379242,0.0002977659960379242,False
37849,NPP,2018-12-06 00:00:00+00:00,826.8723509842011,2.0,1.0,-0.00037389930548670236,0.00037389930548670236,False
37849,NPP,2018-12-07 00:00:00+00:00,826.8721953338277,3.333,1.0,-0.00015565037347187172,0.00015565037347187172,False
37849,NPP,2018-12-08 00:00:00+00:00,826.8719212538399,3.333,1.0,-0.0002740799877756217,0.0002740799877756217,False
37849,NPP,2018-12-09 00:00:00+00:00,826.8715727324116,3.667,1.0,-0.00034852142835006816,0.00034852142835006816,False
37849,NPP,2018-12-10 00:00:00+00:00,826.8712935769331,3.0,1.0,-0.00027915547843804234,0.00027915547843804234,False
37849,NPP,2018-12-11 00:00:00+00:00,826.870762335664,2.667,1.0,-0.0005312412690727797,0.0005312412690727797,False
37849,NPP,2018-12-12 00:00:00+00:00,826.8703410647913,2.0,1.0,-0.00042127087272092467,0.00042127087272092467,False
37849,NPP,2018-12-13 00:00:00+00:00,826.8700162294617,1.0,1.0,-0.00032483532959304284,0.00032483532959304284,False
37849,NPP,2018-12-14 00:00:00+00:00,826.8697675274398,0.667,1.0,-0.0002487020219632541,0.0002487020219632541,False
37849,NPP,2018-12-15 00:00:00+00:00,826.869331030061,0.333,1.0,-0.0004364973788142379,0.0004364973788142379,False
37849,NPP,2018-12-16 00:00:00+00:00,826.8689419045477,0.667,1.0,-0.0003891255132657534,0.0003891255132657534,False
37849,NPP,2018-12-17 00:00:00+00:00,826.8686255286239,2.333,1.0,-0.00031637592383049196,0.00031637592383049196,False
37849,NPP,2018-12-18 00:00:00+00:00,826.8684394251577,2.667,1.0,-0.00018610346614877926,0.00018610346614877926,False
37849,NPP,2018-12-19 00:00:00+00:00,826.8681974906681,2.0,1.0,-0.0002419344896225084,0.0002419344896225084,False
37849,NPP,2018-12-20 00:00:00+00:00,826.8678438941415,3.0,1.0,-0.000353596526565525,0.000353596526565525,False
37849,NPP,2018-12-21 00:00:00+00:00,826.8675427449825,2.0,1.0,-0.0003011491589859361,0.0003011491589859361,False
37849,NPP,2018-12-22 00:00:00+00:00,826.8673329556977,1.0,1.0,-0.00020978928478143644,0.00020978928478143644,False
37849,NPP,2018-12-23 00:00:00+00:00,826.8670605680227,0.667,1.0,-0.00027238767506787553,0.00027238767506787553,False
37849,NPP,2018-12-24 00:00:00+00:00,826.8667509597012,1.333,1.0,-0.00030960832145865425,0.00030960832145865425,False
37849,NPP,2018-12-25 00:00:00+00:00,826.8663009279935,1.667,1.0,-0.0004500317077145155,0.0004500317077145155,False
37849,NPP,2018-12-26 00:00:00+00:00,826.8660437670524,1.0,1.0,-0.0002571609411461395,0.0002571609411461395,False
37849,NPP,2018-12-27 00:00:00+00:00,826.8658204430885,2.333,1.0,-0.00022332396383717423,0.00022332396383717423,False
37849,NPP,2018-12-28 00:00:00+00:00,826.8655666658824,4.333,1.0,-0.0002537772061259602,0.0002537772061259602,False
37849,NPP,2018-12-29 00:00:00+00:00,826.8649914376329,3.0,1.0,-0.0005752282495450345,0.0005752282495450345,False
37849,NPP,2018-12-30 00:00:00+00:00,826.8646936724681,3.0,1.0,-0.0002977651647597668,0.0002977651647597668,False
37849,NPP,2018-12-31 00:00:00+00:00,826.8644906507789,3.0,1.0,-0.000203021689230809,0.000203021689230809,False
37849,NPP,2019-01-01 00:00:00+00:00,826.8641658161096,2.667,1.0,-0.00032483466929988936,0.00032483466929988936,False
37849,NPP,2019-01-02 00:00:00+00:00,826.8638139119257,0.333,1.0,-0.00035190418384445366,0.00035190418384445366,False
37849,NPP,2019-01-03 00:00:00+00:00,826.8635685941308,1.0,1.0,-0.0002453177949064411,0.0002453177949064411,False
37849,NPP,2019-01-04 00:00:00+00:00,826.8633435785168,3.333,1.0,-0.00022501561397803016,0.00022501561397803016,False
37849,NPP,2019-01-05 00:00:00+00:00,826.8631422487733,5.0,1.0,-0.00020132974350417498,0.00020132974350417498,True
37849,NPP,2019-01-06 00:00:00+00:00,826.8627514322479,3.0,1.0,-0.00039081652539607603,0.00039081652539607603,False
37849,NPP,2019-01-07 00:00:00+00:00,826.862385993466,2.333,1.0,-0.000365438781955163,0.000365438781955163,False
37849,NPP,2019-01-08 00:00:00+00:00,826.8621829719427,2.333,1.0,-0.00020302152324802591,0.00020302152324802591,False
37849,NPP,2019-01-09 00:00:00+00:00,826.862040856884,1.667,1.0,-0.00014211505867933738,0.00014211505867933738,False
37849,NPP,2019-01-10 00:00:00+00:00,826.861722789873,1.333,1.0,-0.0003180670109941275,0.0003180670109941275,False
37849,NPP,2019-01-11 00:00:00+00:00,826.861198317752,3.333,1.0,-0.0005244721210146963,0.0005244721210146963,False
37849,NPP,2019-01-12 00:00:00+00:00,826.8606738457265,1.0,1.0,-0.0005244720255177526,0.0005244720255177526,False
37849,NPP,2019-01-13 00:00:00+00:00,826.8605181959829,1.0,1.0,-0.00015564974364679074,0.00015564974364679074,False
37849,NPP,2019-01-14 00:00:00+00:00,826.860274570312,2.667,1.0,-0.00024362567091884557,0.00024362567091884557,False
37849,NPP,2019-01-15 00:00:00+00:00,826.8600377120438,2.667,1.0,-0.0002368582681810949,0.0002368582681810949,False
37849,NPP,2019-01-16 00:00:00+00:00,826.859658738852,2.667,1.0,-0.00037897319180046907,0.00037897319180046907,False
37849,NPP,2019-01-17 00:00:00+00:00,826.8594252643188,2.667,1.0,-0.0002334745331609156,0.0002334745331609156,False
37849,NPP,2019-01-18 00:00:00+00:00,826.8592290103802,2.0,1.0,-0.0001962539386113349,0.0001962539386113349,False
37849,NPP,2019-01-19 00:00:00+00:00,826.859025989078,2.667,1.0,-0.00020302130224081338,0.00020302130224081338,False
37849,NPP,2019-01-20 00:00:00+00:00,826.8587536021882,1.667,1.0,-0.00027238688971920055,0.00027238688971920055,False
37849,NPP,2019-01-21 00:00:00+00:00,826.8584845990104,1.667,1.0,-0.00026900317789113615,0.00026900317789113615,False
37849,NPP,2019-01-22 00:00:00+00:00,826.8581766834545,2.0,1.0,-0.0003079155558225466,0.0003079155558225466,False
37849,NPP,2019-01-23 00:00:00+00:00,826.8579702785382,4.0,1.0,-0.00020640491629819735,0.00020640491629819735,False
37849,NPP,2019-01-24 00:00:00+00:00,826.8576572875068,4.333,1.0,-0.00031299103147830465,0.00031299103147830465,False
37849,NPP,2019-01-25 00:00:00+00:00,826.857310459648,3.333,1.0,-0.00034682785872064414,0.00034682785872064414,False
37849,NPP,2019-01-26 00:00:00+00:00,826.8570110034343,3.0,1.0,-0.00029945621372462483,0.00029945621372462483,False
37849,NPP,2019-01-27 00:00:00+00:00,826.8566134203675,2.0,1.0,-0.0003975830668423441,0.0003975830668423441,False
37849,NPP,2019-01-28 00:00:00+00:00,826.8562784355299,0.667,1.0,-0.00033498483753646724,0.00033498483753646724,False
37849,NPP,2019-01-29 00:00:00+00:00,826.8559992815303,1.667,1.0,-0.00027915399959965725,0.00027915399959965725,False
39084,LANDSAT 8,2017-12-02 00:00:00+00:00,702.5160349966054,2.333,,,,False
39084,LANDSAT 8,2017-12-03 00:00:00+00:00,702.5151894652736,0.667,1.0,-0.0008455313318336266,0.0008455313318336266,False
39084,LANDSAT 8,2017-12-04 00:00:00+00:00,702.5146160591103,4.0,1.0,-0.0005734061633120291,0.0005734061633120291,False
39084,LANDSAT 8,2017-12-05 00:00:00+00:00,702.5137672886203,5.0,1.0,-0.0008487704899380333,0.0008487704899380333,True
39084,LANDSAT 8,2017-12-06 00:00:00+00:00,702.5129411954495,4.0,1.0,-0.0008260931708718999,0.0008260931708718999,False
39084,LANDSAT 8,2017-12-07 00:00:00+00:00,702.5125330083238,3.333,1.0,-0.0004081871256857994,0.0004081871256857994,False
39084,LANDSAT 8,2017-12-08 00:00:00+00:00,702.5119336860639,2.0,1.0,-0.0005993222598590364,0.0005993222598590364,False
39084,LANDSAT 8,2017-12-09 00:00:00+00:00,702.5112371765681,1.667,1.0,-0.0006965094958104601,0.0006965094958104601,False
39084,LANDSAT 8,2017-12-10 00:00:00+00:00,702.5350190232466,1.333,1.0,0.023781846678502916,-0.023781846678502916,False
39084,LANDSAT 8,2017-12-11 00:00:00+00:00,702.5343678625459,3.333,1.0,-0.0006511607007269049,0.0006511607007269049,False
39084,LANDSAT 8,2017-12-12 00:00:00+00:00,702.5332080841572,4.0,1.0,-0.0011597783886827528,0.0011597783886827528,False
39084,LANDSAT 8,2017-12-13 00:00:00+00:00,702.532702706013,2.667,1.0,-0.0005053781442256877,0.0005053781442256877,False
39084,LANDSAT 8,2017-12-14 00:00:00+00:00,702.5323139536558,2.667,1.0,-0.00038875235713931033,0.00038875235713931033,False
39084,LANDSAT 8,2017-12-15 00:00:00+00:00,702.5315980015384,1.333,1.0,-0.0007159521173889516,0.0007159521173889516,False
39084,LANDSAT 8,2017-12-16 00:00:00+00:00,702.5307135903486,2.0,1.0,-0.0008844111898724805,0.0008844111898724805,False
39084,LANDSAT 8,2017-12-17 00:00:00+00:00,702.5297481894386,4.667,1.0,-0.0009654009099904215,0.0009654009099904215,False
39084,LANDSAT 8,2017-12-18 00:00:00+00:00,702.5286094703315,4.333,1.0,-0.0011387191070753033,0.0011387191070753033,False
39084,LANDSAT 8,2017-12-19 00:00:00+00:00,702.5278238677993,2.333,1.0,-0.0007856025322325877,0.0007856025322325877,False
39084,LANDSAT 8,2017-12-20 00:00:00+00:00,702.5270884792362,2.0,1.0,-0.0007353885630436707,0.0007353885630436707,False
39084,LANDSAT 8,2017-12-21 00:00:00+00:00,702.522948280166,1.0,1.0,-0.004140199070207018,0.004140199070207018,False
39084,LANDSAT 8,2017-12-22 00:00:00+00:00,702.5021760896025,1.0,1.0,-0.020772190563548065,0.020772190563548065,False
39084,LANDSAT 8,2017-12-23 00:00:00+00:00,702.5015994464984,2.667,1.0,-0.0005766431040683528,0.0005766431040683528,False
39084,LANDSAT 8,2017-12-24 00:00:00+00:00,702.5010940739976,3.333,1.0,-0.0005053725008110632,0.0005053725008110632,False
39084,LANDSAT 8,2017-12-25 00:00:00+00:00,702.4999634653304,3.0,1.0,-0.001130608667153865,0.001130608667153865,False
39084,LANDSAT 8,2017-12-26 00:00:00+00:00,702.4994127391974,3.667,1.0,-0.0005507261330421898,0.0005507261330421898,False
39084,LANDSAT 8,2017-12-27 00:00:00+00:00,702.4983453026989,2.667,1.0,-0.0010674364984879503,0.0010674364984879503,False
39084,LANDSAT 8,2017-12-28 00:00:00+00:00,702.4977378845274,1.667,1.0,-0.0006074181715121085,0.0006074181715121085,False
39084,LANDSAT 8,2017-12-29 00:00:00+00:00,702.4972616687796,2.333,1.0,-0.00047621574776712805,0.00047621574776712805,False
39084,LANDSAT 8,2017-12-30 00:00:00+00:00,702.4967141827447,1.667,1.0,-0.0005474860349750088,0.0005474860349750088,False
39084,LANDSAT 8,2017-12-31 00:00:00+00:00,702.4960128176544,2.0,1.0,-0.0007013650902081281,0.0007013650902081281,False
39084,LANDSAT 8,2018-01-01 00:00:00+00:00,702.4951527142684,3.667,1.0,-0.0008601033860031748,0.0008601033860031748,False
39084,LANDSAT 8,2018-01-02 00:00:00+00:00,702.4946894571904,2.0,1.0,-0.0004632570780813694,0.0004632570780813694,False
39084,LANDSAT 8,2018-01-03 00:00:00+00:00,702.4935685697501,1.0,1.0,-0.0011208874402655056,0.0011208874402655056,False
39084,LANDSAT 8,2018-01-04 00:00:00+00:00,702.4928202318542,1.333,1.0,-0.000748337895856821,0.000748337895856821,False
39084,LANDSAT 8,2018-01-05 00:00:00+00:00,702.4923116213567,2.0,1.0,-0.0005086104974907357,0.0005086104974907357,False
39084,LANDSAT 8,2018-01-06 00:00:00+00:00,702.4916831473693,1.333,1.0,-0.0006284739874899969,0.0006284739874899969,False
39084,LANDSAT 8,2018-01-07 00:00:00+00:00,702.4910741108542,1.0,1.0,-0.0006090365150157595,0.0006090365150157595,False
39084,LANDSAT 8,2018-01-08 00:00:00+00:00,702.4904909909119,3.667,1.0,-0.0005831199423482758,0.0005831199423482758,False
39084,LANDSAT 8,2018-01-09 00:00:00+00:00,702.4898673766597,3.667,1.0,-0.0006236142521629517,0.0006236142521629517,False
39084,LANDSAT 8,2018-01-10 00:00:00+00:00,702.4891611539297,1.667,1.0,-0.0007062227300593804,0.0007062227300593804,False
39084,LANDSAT 8,2018-01-11 00:00:00+00:00,702.4885780343875,1.0,1.0,-0.000583119542170607,0.000583119542170607,False
39084,LANDSAT 8,2018-01-12 00:00:00+00:00,702.4878880097367,1.333,1.0,-0.00069002465079393,0.00069002465079393,False
39084,LANDSAT 8,2018-01-13 00:00:00+00:00,702.4870829811948,3.0,1.0,-0.0008050285418903513,0.0008050285418903513,False
39084,LANDSAT 8,2018-01-14 00:00:00+00:00,702.4863184472538,4.667,1.0,-0.0007645339410373708,0.0007645339410373708,False
39084,LANDSAT 8,2018-01-15 00:00:00+00:00,702.4858260356732,3.667,1.0,-0.000492411580580665,0.000492411580580665,False
39084,LANDSAT 8,2018-01-16 00:00:00+00:00,702.4853627801203,2.0,1.0,-0.0004632555528587545,0.0004632555528587545,False
39084,LANDSAT 8,2018-01-17 00:00:00+00:00,702.4848833269061,0.667,1.0,-0.0004794532142113894,0.0004794532142113894,False
39084,LANDSAT 8,2018-01-18 00:00:00+00:00,702.4842159799946,0.333,1.0,-0.0006673469115412445,0.0006673469115412445,False
39084,LANDSAT 8,2018-01-19 00:00:00+00:00,702.482939598468,2.667,1.0,-0.001276381526622572,0.001276381526622572,False
39084,LANDSAT 8,2018-01-20 00:00:00+00:00,702.4822187995242,3.0,1.0,-0.0007207989438029472,0.0007207989438029472,False
39084,LANDSAT 8,2018-01-21 00:00:00+00:00,702.481624342985,3.0,1.0,-0.0005944565391473589,0.0005944565391473589,False
39084,LANDSAT 8,2018-01-22 00:00:00+00:00,702.4808581907496,3.333,1.0,-0.0007661522354283079,0.0007661522354283079,False
39084,LANDSAT 8,2018-01-23 00:00:00+00:00,702.480508320034,2.0,1.0,-0.0003498707155813463,0.0003498707155813463,False
39084,LANDSAT 8,2018-01-24 00:00:00+00:00,702.4800159094611,4.0,1.0,-0.0004924105728605355,0.0004924105728605355,False
39084,LANDSAT 8,2018-01-25 00:00:00+00:00,702.4796174457165,3.0,1.0,-0.00039846374465923873,0.00039846374465923873,False
39084,LANDSAT 8,2018-01-26 00:00:00+00:00,702.4787298112101,3.0,1.0,-0.0008876345063981717,0.0008876345063981717,False
39084,LANDSAT 8,2018-01-27 00:00:00+00:00,702.4780932413892,2.667,1.0,-0.0006365698209265247,0.0006365698209265247,False
39084,LANDSAT 8,2018-01-28 00:00:00+00:00,702.4771975085132,1.667,1.0,-0.0008957328759606753,0.0008957328759606753,False
39084,LANDSAT 8,2018-01-29 00:00:00+00:00,702.4766629845144,1.0,1.0,-0.0005345239987946115,0.0005345239987946115,False
39084,LANDSAT 8,2018-01-30 00:00:00+00:00,702.4760507116903,2.333,1.0,-0.0006122728241280129,0.0006122728241280129,False
39084,LANDSAT 8,2018-01-31 00:00:00+00:00,702.4756700659509,2.667,1.0,-0.0003806457393693563,0.0003806457393693563,False
39084,LANDSAT 8,2018-02-01 00:00:00+00:00,702.4826901629963,2.667,1.0,0.007020097045369766,-0.007020097045369766,False
39084,LANDSAT 8,2018-02-02 00:00:00+00:00,702.5012252764636,2.0,1.0,0.01853511346735104,-0.01853511346735104,False
39084,LANDSAT 8,2018-02-03 00:00:00+00:00,702.5007312425219,1.667,1.0,-0.0004940339417771611,0.0004940339417771611,False
39084,LANDSAT 8,2018-02-04 00:00:00+00:00,702.499543941593,2.333,1.0,-0.0011873009289047332,0.0011873009289047332,False
39084,LANDSAT 8,2018-02-05 00:00:00+00:00,702.4989996946751,3.0,1.0,-0.0005442469177978637,0.0005442469177978637,False
39084,LANDSAT 8,2018-02-06 00:00:00+00:00,702.4985364369686,2.333,1.0,-0.0004632577065422083,0.0004632577065422083,False
39084,LANDSAT 8,2018-02-07 00:00:00+00:00,702.4980780386823,1.667,1.0,-0.0004583982863550773,0.0004583982863550773,False
39084,LANDSAT 8,2018-02-08 00:00:00+00:00,702.4974949172956,1.333,1.0,-0.0005831213866258622,0.0005831213866258622,False
39084,LANDSAT 8,2018-02-09 00:00:00+00:00,702.4971887786155,2.667,1.0,-0.000306138680116419,0.000306138680116419,False
39084,LANDSAT 8,2018-02-10 00:00:00+00:00,702.4966704486528,2.333,1.0,-0.0005183299626878579,0.0005183299626878579,False
39084,LANDSAT 8,2018-02-11 00:00:00+00:00,702.4960225363284,0.667,1.0,-0.0006479123244389484,0.0006479123244389484,False
39084,LANDSAT 8,2018-02-12 00:00:00+00:00,702.4953649054792,1.667,1.0,-0.000657630849218549,0.000657630849218549,False
39084,LANDSAT 8,2018-02-13 00:00:00+00:00,702.4943217671871,0.667,1.0,-0.0010431382920614851,0.0010431382920614851,False
39084,LANDSAT 8,2018-02-14 00:00:00+00:00,702.4936673762936,1.333,1.0,-0.0006543908934872888,0.0006543908934872888,False
39084,LANDSAT 8,2018-02-15 00:00:00+00:00,702.4930891151444,4.667,1.0,-0.0005782611492577416,0.0005782611492577416,False
39084,LANDSAT 8,2018-02-16 00:00:00+00:00,702.4925027552272,2.333,1.0,-0.0005863599171789247,0.0005863599171789247,False
39084,LANDSAT 8,2018-02-17 00:00:00+00:00,702.4919666085634,3.667,1.0,-0.000536146663762338,0.000536146663762338,False
39084,LANDSAT 8,2018-02-18 00:00:00+00:00,702.4913024995321,4.0,1.0,-0.0006641090312768938,0.0006641090312768938,False
39084,LANDSAT 8,2018-02-19 00:00:00+00:00,702.49059465667,4.0,1.0,-0.0007078428620843624,0.0007078428620843624,False
39084,LANDSAT 8,2018-02-20 00:00:00+00:00,702.4898657568801,2.667,1.0,-0.0007288997899195238,0.0007288997899195238,False
39084,LANDSAT 8,2018-02-21 00:00:00+00:00,702.489149815492,2.0,1.0,-0.0007159413880799548,0.0007159413880799548,False
39084,LANDSAT 8,2018-02-22 00:00:00+00:00,702.4886978978357,3.667,1.0,-0.00045191765639174264,0.00045191765639174264,False
39084,LANDSAT 8,2018-02-23 00:00:00+00:00,702.4879641392022,4.333,1.0,-0.0007337586334870139,0.0007337586334870139,False
39084,LANDSAT 8,2018-02-24 00:00:00+00:00,702.4875494765729,3.333,1.0,-0.0004146626292822475,0.0004146626292822475,False
39084,LANDSAT 8,2018-02-25 00:00:00+00:00,702.4870926998424,2.0,1.0,-0.00045677673051613965,0.00045677673051613965,False
39084,LANDSAT 8,2018-02-26 00:00:00+00:00,702.4868286764477,3.0,1.0,-0.00026402339472042513,0.00026402339472042513,False
39084,LANDSAT 8,2018-02-27 00:00:00+00:00,702.4861256940326,5.333,1.0,-0.0007029824150777131,0.0007029824150777131,True
39084,LANDSAT 8,2018-02-28 00:00:00+00:00,702.4853773580967,2.333,1.0,-0.0007483359358957387,0.0007483359358957387,False
39084,LANDSAT 8,2018-03-01 00:00:00+00:00,702.4848412127712,2.667,1.0,-0.0005361453254408843,0.0005361453254408843,False
39084,LANDSAT 8,2018-03-02 00:00:00+00:00,702.4843714783588,2.667,1.0,-0.0004697344124906522,0.0004697344124906522,False
39084,LANDSAT 8,2018-03-03 00:00:00+00:00,702.4833186254086,2.667,1.0,-0.001052852950124361,0.001052852950124361,False
39084,LANDSAT 8,2018-03-04 00:00:00+00:00,702.4829833323452,2.667,1.0,-0.0003352930634719087,0.0003352930634719087,False
39084,LANDSAT 8,2018-03-05 00:00:00+00:00,702.4824471874813,1.333,1.0,-0.0005361448638723232,0.0005361448638723232,False
39084,LANDSAT 8,2018-03-06 00:00:00+00:00,702.4817863202288,2.0,1.0,-0.000660867252463504,0.000660867252463504,False
39084,LANDSAT 8,2018-03-07 00:00:00+00:00,702.481266373316,2.667,1.0,-0.0005199469128456258,0.0005199469128456258,False
39084,LANDSAT 8,2018-03-08 00:00:00+00:00,702.4807464264868,1.667,1.0,-0.0005199468291721132,0.0005199468291721132,False
39084,LANDSAT 8,2018-03-09 00:00:00+00:00,702.4797664646703,4.333,1.0,-0.00097996181648341,0.00097996181648341,False
39084,LANDSAT 8,2018-03-10 00:00:00+00:00,702.4791655295712,4.0,1.0,-0.0006009350991007523,0.0006009350991007523,False
39084,LANDSAT 8,2018-03-11 00:00:00+00:00,702.4788286172252,2.333,1.0,-0.00033691234602883924,0.00033691234602883924,False
39084,LANDSAT 8,2018-03-12 00:00:00+00:00,702.4783426860322,1.0,1.0,-0.0004859311929976684,0.0004859311929976684,False
39084,LANDSAT 8,2018-03-13 00:00:00+00:00,702.477898868945,1.0,1.0,-0.00044381708721630275,0.00044381708721630275,False
39084,LANDSAT 8,2018-03-14 00:00:00+00:00,702.477578154454,4.0,1.0,-0.00032071449095383286,0.00032071449095383286,False
39084,LANDSAT 8,2018-03-15 00:00:00+00:00,702.476632208889,4.0,1.0,-0.0009459455650357995,0.0009459455650357995,False
39084,LANDSAT 8,2018-03-16 00:00:00+00:00,702.49534708789,4.333,1.0,0.018714879000981455,-0.018714879000981455,False
39084,LANDSAT 8,2018-03-17 00:00:00+00:00,702.495029610981,4.333,1.0,-0.00031747690900374437,0.00031747690900374437,False
39084,LANDSAT 8,2018-03-18 00:00:00+00:00,702.4947445297057,6.0,1.0,-0.00028508127525128657,0.00028508127525128657,True
39084,LANDSAT 8,2018-03-19 00:00:00+00:00,702.4937791410557,4.333,1.0,-0.0009653886500018416,0.0009653886500018416,False
39084,LANDSAT 8,2018-03-20 00:00:00+00:00,702.4933385611112,3.0,1.0,-0.0004405799445521552,0.0004405799445521552,False
39084,LANDSAT 8,2018-03-21 00:00:00+00:00,702.4928623461001,2.0,1.0,-0.0004762150110764196,0.0004762150110764196,False
39084,LANDSAT 8,2018-03-22 00:00:00+00:00,702.4919714678917,3.0,1.0,-0.0008908782083381084,0.0008908782083381084,False
39084,LANDSAT 8,2018-03-23 00:00:00+00:00,702.4914337015462,4.0,1.0,-0.0005377663455874426,0.0005377663455874426,False
39084,LANDSAT 8,2018-03-24 00:00:00+00:00,702.4906367708836,2.667,1.0,-0.0007969306625454919,0.0007969306625454919,False
39084,LANDSAT 8,2018-03-25 00:00:00+00:00,702.4895725772435,4.0,1.0,-0.0010641936401043495,0.0010641936401043495,False
39084,LANDSAT 8,2018-03-26 00:00:00+00:00,702.4890979826378,3.0,1.0,-0.0004745946057482797,0.0004745946057482797,False
39084,LANDSAT 8,2018-03-27 00:00:00+00:00,702.4887059967141,3.0,1.0,-0.0003919859236702905,0.0003919859236702905,False
39084,LANDSAT 8,2018-03-28 00:00:00+00:00,702.4882362615854,0.667,1.0,-0.0004697351287177298,0.0004697351287177298,False
39084,LANDSAT 8,2018-03-29 00:00:00+00:00,702.4877438496728,1.667,1.0,-0.0004924119125462312,0.0004924119125462312,False
39084,LANDSAT 8,2018-03-30 00:00:00+00:00,702.4872287609887,2.333,1.0,-0.0005150886840965541,0.0005150886840965541,False
39084,LANDSAT 8,2018-03-31 00:00:00+00:00,702.4866796571168,2.667,1.0,-0.0005491038718901109,0.0005491038718901109,False
39084,LANDSAT 8,2018-04-01 00:00:00+00:00,702.4860722414514,1.333,1.0,-0.0006074156653994578,0.0006074156653994578,False
39084,LANDSAT 8,2018-04-02 00:00:00+00:00,702.4852607343296,1.667,1.0,-0.0008115071218526282,0.0008115071218526282,False
39084,LANDSAT 8,2018-04-03 00:00:00+00:00,702.4846403607753,2.0,1.0,-0.000620373554284015,0.000620373554284015,False
39084,LANDSAT 8,2018-04-04 00:00:00+00:00,702.4838320936146,1.667,1.0,-0.0008082671606643999,0.0008082671606643999,False
39084,LANDSAT 8,2018-04-05 00:00:00+00:00,702.483388275663,3.0,1.0,-0.0004438179516910168,0.0004438179516910168,False
39084,LANDSAT 8,2018-04-06 00:00:00+00:00,702.4828197352581,1.667,1.0,-0.0005685404048563214,0.0005685404048563214,False
39084,LANDSAT 8,2018-04-07 00:00:00+00:00,702.4824277502021,2.0,1.0,-0.000391985056012345,0.000391985056012345,False
39084,LANDSAT 8,2018-04-08 00:00:00+00:00,702.481983932481,2.333,1.0,-0.0004438177211341099,0.0004438177211341099,False
39084,LANDSAT 8,2018-04-09 00:00:00+00:00,702.4813068676149,4.333,1.0,-0.000677064866067667,0.000677064866067667,False
39084,LANDSAT 8,2018-04-10 00:00:00+00:00,702.4806945937871,4.0,1.0,-0.0006122738277554163,0.0006122738277554163,False
39084,LANDSAT 8,2018-04-11 00:00:00+00:00,702.4795996282255,4.333,1.0,-0.0010949655616059317,0.0010949655616059317,False
39084,LANDSAT 8,2018-04-12 00:00:00+00:00,702.4792400390361,3.0,1.0,-0.00035958918942924356,0.00035958918942924356,False
39084,LANDSAT 8,2018-04-13 00:00:00+00:00,702.4788739708074,3.667,1.0,-0.0003660682286863448,0.0003660682286863448,False
39084,LANDSAT 8,2018-04-14 00:00:00+00:00,702.4783653628174,2.0,1.0,-0.0005086079900138429,0.0005086079900138429,False
39084,LANDSAT 8,2018-04-15 00:00:00+00:00,702.4778356979159,2.333,1.0,-0.0005296649014780996,0.0005296649014780996,False
39084,LANDSAT 8,2018-04-16 00:00:00+00:00,702.4769658814321,1.0,1.0,-0.0008698164838278899,0.0008698164838278899,False
39084,LANDSAT 8,2018-04-17 00:00:00+00:00,702.4761495176203,1.0,1.0,-0.0008163638117366645,0.0008163638117366645,False
39084,LANDSAT 8,2018-04-18 00:00:00+00:00,702.4753347738019,2.0,1.0,-0.0008147438184096245,0.0008147438184096245,False
39084,LANDSAT 8,2018-04-19 00:00:00+00:00,702.4747467977813,1.0,1.0,-0.0005879760205971252,0.0005879760205971252,False
39084,LANDSAT 8,2018-04-20 00:00:00+00:00,702.4846727577283,6.0,1.0,0.009925959946940566,-0.009925959946940566,True
39084,LANDSAT 8,2018-04-21 00:00:00+00:00,702.487047346131,3.333,1.0,0.0023745884027448483,-0.0023745884027448483,False
39084,LANDSAT 8,2018-04-22 00:00:00+00:00,702.487082981188,1.667,1.0,3.5635056974570034e-05,-3.5635056974570034e-05,False
39084,LANDSAT 8,2018-04-23 00:00:00+00:00,702.4861111160499,3.0,1.0,-0.0009718651381263044,0.0009718651381263044,False
39084,LANDSAT 8,2018-04-24 00:00:00+00:00,702.4857709633307,2.0,1.0,-0.0003401527192181675,0.0003401527192181675,False
39084,LANDSAT 8,2018-04-25 00:00:00+00:00,702.4849092432983,2.0,1.0,-0.0008617200323897123,0.0008617200323897123,False
39084,LANDSAT 8,2018-04-26 00:00:00+00:00,702.4841673867913,1.667,1.0,-0.0007418565069201577,0.0007418565069201577,False
39084,LANDSAT 8,2018-04-27 00:00:00+00:00,702.4835227168587,2.667,1.0,-0.0006446699326261296,0.0006446699326261296,False
39084,LANDSAT 8,2018-04-28 00:00:00+00:00,702.4828521307204,1.667,1.0,-0.0006705861383125011,0.0006705861383125011,False
39084,LANDSAT 8,2018-04-29 00:00:00+00:00,702.4824293699762,1.333,1.0,-0.00042276074418623466,0.00042276074418623466,False
39084,LANDSAT 8,2018-04-30 00:00:00+00:00,702.482000130206,2.333,1.0,-0.00042923977025566273,0.00042923977025566273,False
39084,LANDSAT 8,2018-05-01 00:00:00+00:00,702.4814915216571,1.0,1.0,-0.0005086085488983372,0.0005086085488983372,False
39084,LANDSAT 8,2018-05-02 00:00:00+00:00,702.4809327002617,2.0,1.0,-0.0005588213953160448,0.0005588213953160448,False
39084,LANDSAT 8,2018-05-03 00:00:00+00:00,702.4804840234538,1.333,1.0,-0.0004486768079914327,0.0004486768079914327,False
39084,LANDSAT 8,2018-05-04 00:00:00+00:00,702.4795931491408,1.333,1.0,-0.0008908743129723007,0.0008908743129723007,False
39084,LANDSAT 8,2018-05-05 00:00:00+00:00,702.4788869289741,5.667,1.0,-0.0007062201666485635,0.0007062201666485635,True
39084,LANDSAT 8,2018-05-06 00:00:00+00:00,702.4782017660077,5.667,1.0,-0.000685162966419739,0.000685162966419739,True
39084,LANDSAT 8,2018-05-07 00:00:00+00:00,702.4777725268686,4.0,1.0,-0.0004292391390663397,0.0004292391390663397,False
39084,LANDSAT 8,2018-05-08 00:00:00+00:00,702.4775522381324,3.667,1.0,-0.0002202887362727779,0.0002202887362727779,False
39084,LANDSAT 8,2018-05-09 00:00:00+00:00,702.4769075697222,4.0,1.0,-0.0006446684101319988,0.0006446684101319988,False
39084,LANDSAT 8,2018-05-10 00:00:00+00:00,702.476283958465,3.333,1.0,-0.0006236112571968988,0.0006236112571968988,False
39084,LANDSAT 8,2018-05-11 00:00:00+00:00,702.4752975191086,3.667,1.0,-0.0009864393564384955,0.0009864393564384955,False
39084,LANDSAT 8,2018-05-12 00:00:00+00:00,702.474571862796,3.667,1.0,-0.0007256563126247784,0.0007256563126247784,False
39084,LANDSAT 8,2018-05-13 00:00:00+00:00,702.4739385334442,2.333,1.0,-0.0006333293517855054,0.0006333293517855054,False
39084,LANDSAT 8,2018-05-14 00:00:00+00:00,702.4732144972386,2.0,1.0,-0.0007240362056109007,0.0007240362056109007,False
39084,LANDSAT 8,2018-05-15 00:00:00+00:00,702.4727496239861,1.333,1.0,-0.00046487325244015665,0.00046487325244015665,False
39084,LANDSAT 8,2018-05-16 00:00:00+00:00,702.4721503101446,1.333,1.0,-0.0005993138415760768,0.0005993138415760768,False
39084,LANDSAT 8,2018-05-17 00:00:00+00:00,702.4714505709067,3.0,1.0,-0.0006997392379162193,0.0006997392379162193,False
39084,LANDSAT 8,2018-05-18 00:00:00+00:00,702.4706536458584,1.667,1.0,-0.0007969250482346979,0.0007969250482346979,False
39084,LANDSAT 8,2018-05-19 00:00:00+00:00,702.4700996859065,1.0,1.0,-0.0005539599519579497,0.0005539599519579497,False
39084,LANDSAT 8,2018-05-20 00:00:00+00:00,702.4693707913857,1.0,1.0,-0.000728894520761969,0.000728894520761969,False
39084,LANDSAT 8,2018-05-21 00:00:00+00:00,702.4688848618175,1.0,1.0,-0.0004859295681853837,0.0004859295681853837,False
39084,LANDSAT 8,2018-05-22 00:00:00+00:00,702.4682677313808,2.0,1.0,-0.0006171304366944241,0.0006171304366944241,False
39084,LANDSAT 8,2018-05-23 00:00:00+00:00,702.4678725088093,3.333,1.0,-0.0003952225715693203,0.0003952225715693203,False
39084,LANDSAT 8,2018-05-24 00:00:00+00:00,702.4675420768658,1.333,1.0,-0.00033043194343918003,0.00033043194343918003,False
39084,LANDSAT 8,2018-05-25 00:00:00+00:00,702.4670075546846,1.333,1.0,-0.00053452218116945,0.00053452218116945,False
39084,LANDSAT 8,2018-05-26 00:00:00+00:00,702.4665167662279,1.333,1.0,-0.0004907884567728615,0.0004907884567728615,False
39084,LANDSAT 8,2018-05-27 00:00:00+00:00,702.4659563280311,1.333,1.0,-0.0005604381967714289,0.0005604381967714289,False
39084,LANDSAT 8,2018-05-28 00:00:00+00:00,702.4652760274735,1.667,1.0,-0.0006803005576330179,0.0006803005576330179,False
39084,LANDSAT 8,2018-05-29 00:00:00+00:00,702.4645762899295,1.667,1.0,-0.0006997375439823372,0.0006997375439823372,False
39084,LANDSAT 8,2018-05-30 00:00:00+00:00,702.4640223311571,1.667,1.0,-0.0005539587723433215,0.0005539587723433215,False
39084,LANDSAT 8,2018-05-31 00:00:00+00:00,702.4840184406526,4.333,1.0,0.019996109495423298,-0.019996109495423298,False
39084,LANDSAT 8,2018-06-01 00:00:00+00:00,702.5057234191095,4.667,1.0,0.021704978456909885,-0.021704978456909885,False
39084,LANDSAT 8,2018-06-02 00:00:00+00:00,702.5052682592209,4.0,1.0,-0.0004551598885882413,0.0004551598885882413,False
39084,LANDSAT 8,2018-06-03 00:00:00+00:00,702.5043579396702,2.667,1.0,-0.0009103195507123019,0.0009103195507123019,False
39084,LANDSAT 8,2018-06-04 00:00:00+00:00,702.5037699576451,1.333,1.0,-0.0005879820250811463,0.0005879820250811463,False
39084,LANDSAT 8,2018-06-05 00:00:00+00:00,702.502968164149,1.667,1.0,-0.0008017934960662387,0.0008017934960662387,False
39084,LANDSAT 8,2018-06-06 00:00:00+00:00,702.5560797791741,3.667,1.0,0.05311161502504547,-0.05311161502504547,False
39084,LANDSAT 8,2018-06-07 00:00:00+00:00,702.5583410417653,2.667,1.0,0.0022612625912188378,-0.0022612625912188378,False
39084,LANDSAT 8,2018-06-08 00:00:00+00:00,702.5579668642285,2.0,1.0,-0.0003741775367416267,0.0003741775367416267,False
39084,LANDSAT 8,2018-06-09 00:00:00+00:00,702.5572168894978,1.333,1.0,-0.000749974730752001,0.000749974730752001,False
39084,LANDSAT 8,2018-06-10 00:00:00+00:00,702.5568378526687,1.0,1.0,-0.0003790368291447521,0.0003790368291447521,False
39084,LANDSAT 8,2018-06-11 00:00:00+00:00,702.5563097928971,1.333,1.0,-0.0005280597715682234,0.0005280597715682234,False
39084,LANDSAT 8,2018-06-12 00:00:00+00:00,702.555797931373,1.667,1.0,-0.0005118615240462532,0.0005118615240462532,False
39084,LANDSAT 8,2018-06-13 00:00:00+00:00,702.5551192290518,2.0,1.0,-0.0006787023212382337,0.0006787023212382337,False
39084,LANDSAT 8,2018-06-14 00:00:00+00:00,702.5546041281132,1.333,1.0,-0.0005151009386281657,0.0005151009386281657,False
39084,LANDSAT 8,2018-06-15 00:00:00+00:00,702.5540760687572,1.0,1.0,-0.0005280593559291447,0.0005280593559291447,False
39084,LANDSAT 8,2018-06-16 00:00:00+00:00,702.5536500577523,0.667,1.0,-0.0004260110049472132,0.0004260110049472132,False
39084,LANDSAT 8,2018-06-17 00:00:00+00:00,702.5533876479644,1.667,1.0,-0.000262409787865181,0.000262409787865181,False
39084,LANDSAT 8,2018-06-18 00:00:00+00:00,702.5528531095874,4.0,1.0,-0.0005345383769963519,0.0005345383769963519,False
39084,LANDSAT 8,2018-06-19 00:00:00+00:00,702.5521727881528,2.333,1.0,-0.0006803214346291497,0.0006803214346291497,False
39084,LANDSAT 8,2018-06-20 00:00:00+00:00,702.5516755056897,2.333,1.0,-0.0004972824631295225,0.0004972824631295225,False
39084,LANDSAT 8,2018-06-21 00:00:00+00:00,702.550860740143,1.0,1.0,-0.0008147655466927972,0.0008147655466927972,False
39084,LANDSAT 8,2018-06-22 00:00:00+00:00,702.5504201513204,1.333,1.0,-0.00044058882258468657,0.00044058882258468657,False
39084,LANDSAT 8,2018-06-23 00:00:00+00:00,702.5498645559524,4.0,1.0,-0.000555595368041395,0.000555595368041395,False
39084,LANDSAT 8,2018-06-24 00:00:00+00:00,702.5494466446335,2.667,1.0,-0.00041791131889112876,0.00041791131889112876,False
39084,LANDSAT 8,2018-06-25 00:00:00+00:00,702.5491599380707,5.0,1.0,-0.0002867065627469856,0.0002867065627469856,True
39084,LANDSAT 8,2018-06-26 00:00:00+00:00,702.5484229241565,4.667,1.0,-0.0007370139142039989,0.0007370139142039989,False
39084,LANDSAT 8,2018-06-27 00:00:00+00:00,702.5478381725998,2.667,1.0,-0.0005847515567438677,0.0005847515567438677,False
39084,LANDSAT 8,2018-06-28 00:00:00+00:00,702.5471740504672,1.667,1.0,-0.0006641221325480728,0.0006641221325480728,False
39084,LANDSAT 8,2018-06-29 00:00:00+00:00,702.5464597144137,1.333,1.0,-0.0007143360535337706,0.0007143360535337706,False
39084,LANDSAT 8,2018-06-30 00:00:00+00:00,702.5458555255386,1.0,1.0,-0.0006041888750587532,0.0006041888750587532,False
39084,LANDSAT 8,2018-07-01 00:00:00+00:00,702.5454197969166,0.667,1.0,-0.0004357286220511014,0.0004357286220511014,False
39084,LANDSAT 8,2018-07-02 00:00:00+00:00,702.5450132249207,1.0,1.0,-0.00040657199588167714,0.00040657199588167714,False
39084,LANDSAT 8,2018-07-03 00:00:00+00:00,702.5446584868487,1.667,1.0,-0.000354738072019245,0.000354738072019245,False
39084,LANDSAT 8,2018-07-04 00:00:00+00:00,702.5443280459485,1.333,1.0,-0.0003304409001430031,0.0003304409001430031,False
39084,LANDSAT 8,2018-07-05 00:00:00+00:00,702.5437918894677,4.667,1.0,-0.0005361564808481489,0.0005361564808481489,False
39084,LANDSAT 8,2018-07-06 00:00:00+00:00,702.5432184775159,3.667,1.0,-0.0005734119517910585,0.0005734119517910585,False
39084,LANDSAT 8,2018-07-07 00:00:00+00:00,702.5426888004781,2.0,1.0,-0.0005296770377754001,0.0005296770377754001,False
39084,LANDSAT 8,2018-07-08 00:00:00+00:00,702.5419971428373,1.333,1.0,-0.0006916576408002584,0.0006916576408002584,False
39084,LANDSAT 8,2018-07-09 00:00:00+00:00,702.5417298747097,0.667,1.0,-0.0002672681275726063,0.0002672681275726063,False
39084,LANDSAT 8,2018-07-10 00:00:00+00:00,702.5414852838985,2.333,1.0,-0.00024459081123495707,0.00024459081123495707,False
39084,LANDSAT 8,2018-07-11 00:00:00+00:00,702.5411969583347,2.667,1.0,-0.00028832556381530594,0.00028832556381530594,False
39084,LANDSAT 8,2018-07-12 00:00:00+00:00,702.540824402874,2.667,1.0,-0.00037255546067171963,0.00037255546067171963,False
39084,LANDSAT 8,2018-07-13 00:00:00+00:00,702.5402153557966,2.667,1.0,-0.0006090470774324785,0.0006090470774324785,False
39084,LANDSAT 8,2018-07-14 00:00:00+00:00,702.5394864432328,1.667,1.0,-0.0007289125637726102,0.0007289125637726102,False
39084,LANDSAT 8,2018-07-15 00:00:00+00:00,702.5390037412408,1.333,1.0,-0.00048270199204125674,0.00048270199204125674,False
39084,LANDSAT 8,2018-07-16 00:00:00+00:00,702.5382975062621,2.667,1.0,-0.0007062349786792765,0.0007062349786792765,False
39084,LANDSAT 8,2018-07-17 00:00:00+00:00,702.5377937470157,3.0,1.0,-0.000503759246385016,0.000503759246385016,False
39084,LANDSAT 8,2018-07-18 00:00:00+00:00,702.5373450611996,1.0,1.0,-0.00044868581608170643,0.00044868581608170643,False
39084,LANDSAT 8,2018-07-19 00:00:00+00:00,702.5370065221309,1.0,1.0,-0.00033853906870717765,0.00033853906870717765,False
39084,LANDSAT 8,2018-07-20 00:00:00+00:00,702.5367165772195,2.0,1.0,-0.0002899449114011077,0.0002899449114011077,False
39084,LANDSAT 8,2018-07-21 00:00:00+00:00,702.5360832339679,3.333,1.0,-0.0006333432515930326,0.0006333432515930326,False
39084,LANDSAT 8,2018-07-22 00:00:00+00:00,702.535325166019,1.333,1.0,-0.0007580679489365139,0.0007580679489365139,False
39084,LANDSAT 8,2018-07-23 00:00:00+00:00,702.5346432289934,1.0,1.0,-0.0006819370255470858,0.0006819370255470858,False
39084,LANDSAT 8,2018-07-24 00:00:00+00:00,702.5342479971628,4.0,1.0,-0.0003952318306801317,0.0003952318306801317,False
39084,LANDSAT 8,2018-07-25 00:00:00+00:00,702.5337037435784,3.333,1.0,-0.0005442535843940277,0.0005442535843940277,False
39084,LANDSAT 8,2018-07-26 00:00:00+00:00,702.533519086136,1.333,1.0,-0.00018465744233253645,0.00018465744233253645,False
39084,LANDSAT 8,2018-07-27 00:00:00+00:00,702.5527656396753,1.667,1.0,0.01924655353923299,-0.01924655353923299,False
39084,LANDSAT 8,2018-07-28 00:00:00+00:00,702.5525550639832,2.0,1.0,-0.00021057569210825022,0.00021057569210825022,False
39084,LANDSAT 8,2018-07-29 00:00:00+00:00,702.5517743142545,1.333,1.0,-0.000780749728619412,0.000780749728619412,False
39084,LANDSAT 8,2018-07-30 00:00:00+00:00,702.5510907534558,2.0,1.0,-0.0006835607987341064,0.0006835607987341064,False
39084,LANDSAT 8,2018-07-31 00:00:00+00:00,702.5504541673677,2.333,1.0,-0.0006365860881487606,0.0006365860881487606,False
39084,LANDSAT 8,2018-08-01 00:00:00+00:00,702.5498856134964,2.333,1.0,-0.0005685538712896232,0.0005685538712896232,False
39084,LANDSAT 8,2018-08-02 00:00:00+00:00,702.5496264436797,2.667,1.0,-0.00025916981667251093,0.00025916981667251093,False
39084,LANDSAT 8,2018-08-03 00:00:00+00:00,702.5493024814414,2.667,1.0,-0.0003239622383262031,0.0003239622383262031,False
39084,LANDSAT 8,2018-08-04 00:00:00+00:00,702.5489914777299,2.0,1.0,-0.0003110037114311126,0.0003110037114311126,False
39084,LANDSAT 8,2018-08-05 00:00:00+00:00,702.5486901929162,2.0,1.0,-0.0003012848137586843,0.0003012848137586843,False
39084,LANDSAT 8,2018-08-06 00:00:00+00:00,702.5483921477544,1.0,1.0,-0.0002980451617986546,0.0002980451617986546,False
39084,LANDSAT 8,2018-08-07 00:00:00+00:00,702.5479094442453,3.0,1.0,-0.0004827035090784193,0.0004827035090784193,False
39084,LANDSAT 8,2018-08-08 00:00:00+00:00,702.5471837693258,1.667,1.0,-0.0007256749195221346,0.0007256749195221346,False
39084,LANDSAT 8,2018-08-09 00:00:00+00:00,702.5465682416461,1.333,1.0,-0.0006155276796562248,0.0006155276796562248,False
39084,LANDSAT 8,2018-08-10 00:00:00+00:00,702.5461179346248,1.333,1.0,-0.00045030702131043654,0.00045030702131043654,False
39084,LANDSAT 8,2018-08-11 00:00:00+00:00,702.5459462348481,3.667,1.0,-0.00017169977672892855,0.00017169977672892855,False
39084,LANDSAT 8,2018-08-12 00:00:00+00:00,702.5456692474968,2.0,1.0,-0.0002769873512988852,0.0002769873512988852,False
39084,LANDSAT 8,2018-08-13 00:00:00+00:00,702.5451071738207,1.333,1.0,-0.000562073676064756,0.000562073676064756,False
39084,LANDSAT 8,2018-08-14 00:00:00+00:00,702.5445888350891,1.333,1.0,-0.0005183387315810251,0.0005183387315810251,False
39084,LANDSAT 8,2018-08-15 00:00:00+00:00,702.544366921351,4.0,1.0,-0.00022191373818714055,0.00022191373818714055,False
39084,LANDSAT 8,2018-08-16 00:00:00+00:00,702.5431877011774,3.667,1.0,-0.0011792201735261187,0.0011792201735261187,False
39084,LANDSAT 8,2018-08-17 00:00:00+00:00,702.5425770337783,4.0,1.0,-0.0006106673990871059,0.0006106673990871059,False
39084,LANDSAT 8,2018-08-18 00:00:00+00:00,702.5422692704119,3.333,1.0,-0.0003077633664361201,0.0003077633664361201,False
39084,LANDSAT 8,2018-08-19 00:00:00+00:00,702.5419517882447,2.667,1.0,-0.00031748216724736267,0.00031748216724736267,False
39084,LANDSAT 8,2018-08-20 00:00:00+00:00,702.5415695138445,4.0,1.0,-0.0003822744001809042,0.0003822744001809042,False
39084,LANDSAT 8,2018-08-22 00:00:00+00:00,702.5409053931871,2.333,2.0,-0.0006641206573476666,0.0003320603286738333,False
39084,LANDSAT 8,2018-08-23 00:00:00+00:00,702.5401343654985,1.667,1.0,-0.0007710276886427891,0.0007710276886427891,False
39084,LANDSAT 8,2018-08-24 00:00:00+00:00,702.5396872991246,2.667,1.0,-0.0004470663739084557,0.0004470663739084557,False
39084,LANDSAT 8,2018-08-25 00:00:00+00:00,702.5391560029348,4.333,1.0,-0.000531296189819841,0.000531296189819841,False
39084,LANDSAT 8,2018-08-26 00:00:00+00:00,702.5384173718185,7.333,1.0,-0.0007386311162917991,0.0007386311162917991,True
39084,LANDSAT 8,2018-08-27 00:00:00+00:00,702.5378115648627,5.667,1.0,-0.0006058069557184353,0.0006058069557184353,True
39084,LANDSAT 8,2018-08-28 00:00:00+00:00,702.5374876039778,3.667,1.0,-0.00032396088499808684,0.00032396088499808684,False
39084,LANDSAT 8,2018-08-29 00:00:00+00:00,702.5368234842781,2.333,1.0,-0.0006641196996497456,0.0006641196996497456,False
39084,LANDSAT 8,2018-08-30 00:00:00+00:00,702.5364476897848,1.667,1.0,-0.00037579449326585745,0.00037579449326585745,False
39084,LANDSAT 8,2018-08-31 00:00:00+00:00,702.5357414554428,2.333,1.0,-0.0007062343420329853,0.0007062343420329853,False
39084,LANDSAT 8,2018-09-01 00:00:00+00:00,702.5348764805922,2.0,1.0,-0.0008649748506286414,0.0008649748506286414,False
39084,LANDSAT 8,2018-09-02 00:00:00+00:00,702.5342317991344,2.0,1.0,-0.0006446814577429905,0.0006446814577429905,False
39084,LANDSAT 8,2018-09-03 00:00:00+00:00,702.5337912128962,1.333,1.0,-0.0004405862382554915,0.0004405862382554915,False
39084,LANDSAT 8,2018-09-04 00:00:00+00:00,702.533496408907,3.0,1.0,-0.0002948039891634835,0.0002948039891634835,False
39084,LANDSAT 8,2018-09-05 00:00:00+00:00,702.5331789277234,3.333,1.0,-0.0003174811836288427,0.0003174811836288427,False
39084,LANDSAT 8,2018-09-06 00:00:00+00:00,702.5329165198332,2.0,1.0,-0.00026240789020448574,0.00026240789020448574,False
39084,LANDSAT 8,2018-09-07 00:00:00+00:00,702.5324759337991,2.333,1.0,-0.00044058603407393093,0.00044058603407393093,False
39084,LANDSAT 8,2018-09-08 00:00:00+00:00,702.5318911855366,2.333,1.0,-0.0005847482625540579,0.0005847482625540579,False
39084,LANDSAT 8,2018-09-09 00:00:00+00:00,702.5313129165816,2.667,1.0,-0.0005782689549960196,0.0005782689549960196,False
39084,LANDSAT 8,2018-09-10 00:00:00+00:00,702.5305111153048,5.0,1.0,-0.0008018012767934124,0.0008018012767934124,True
39084,LANDSAT 8,2018-09-11 00:00:00+00:00,702.5299360862368,6.0,1.0,-0.0005750290679316095,0.0005750290679316095,True
39084,LANDSAT 8,2018-09-12 00:00:00+00:00,702.5295181778606,4.0,1.0,-0.00041790837622102117,0.00041790837622102117,False
39084,LANDSAT 8,2018-09-13 00:00:00+00:00,702.5291440041401,4.0,1.0,-0.00037417372050185804,0.00037417372050185804,False
39084,LANDSAT 8,2018-09-14 00:00:00+00:00,702.5285624961525,4.333,1.0,-0.0005815079875901574,0.0005815079875901574,False
39084,LANDSAT 8,2018-09-15 00:00:00+00:00,702.528061978242,2.667,1.0,-0.000500517910495546,0.000500517910495546,False
39084,LANDSAT 8,2018-09-16 00:00:00+00:00,702.5273670845718,2.333,1.0,-0.000694893670242891,0.000694893670242891,False
39084,LANDSAT 8,2018-09-17 00:00:00+00:00,702.5267386028104,3.333,1.0,-0.0006284817613959603,0.0006284817613959603,False
39084,LANDSAT 8,2018-09-18 00:00:00+00:00,702.526369288843,2.333,1.0,-0.00036931396743966616,0.00036931396743966616,False
39084,LANDSAT 8,2018-09-19 00:00:00+00:00,702.5259610997819,2.333,1.0,-0.0004081890610905248,0.0004081890610905248,False
39084,LANDSAT 8,2018-09-20 00:00:00+00:00,702.5267969155411,0.667,1.0,0.000835815759273828,-0.000835815759273828,False
39084,LANDSAT 8,2018-09-21 00:00:00+00:00,702.5486059627574,4.333,1.0,0.021809047216265753,-0.021809047216265753,False
39084,LANDSAT 8,2018-09-22 00:00:00+00:00,702.5481054413003,4.667,1.0,-0.0005005214570701355,0.0005005214570701355,False
39084,LANDSAT 8,2018-09-23 00:00:00+00:00,702.5472760984912,3.333,1.0,-0.0008293428090837551,0.0008293428090837551,False
39084,LANDSAT 8,2018-09-24 00:00:00+00:00,702.5467464206922,2.333,1.0,-0.0005296777990224655,0.0005296777990224655,False
39084,LANDSAT 8,2018-09-25 00:00:00+00:00,702.5457518577532,3.0,1.0,-0.0009945629390131216,0.0009945629390131216,False
39084,LANDSAT 8,2018-09-26 00:00:00+00:00,702.5453112697269,2.667,1.0,-0.00044058802632207517,0.00044058802632207517,False
39084,LANDSAT 8,2018-09-27 00:00:00+00:00,702.5448901194632,2.333,1.0,-0.00042115026371902786,0.00042115026371902786,False
39084,LANDSAT 8,2018-09-28 00:00:00+00:00,702.5445499596844,3.0,1.0,-0.00034015977871604264,0.00034015977871604264,False
39084,LANDSAT 8,2018-09-29 00:00:00+00:00,702.5440057041242,3.333,1.0,-0.0005442555602712673,0.0005442555602712673,False
39084,LANDSAT 8,2018-09-30 00:00:00+00:00,702.543461448668,2.333,1.0,-0.000544255456134124,0.000544255456134124,False
39084,LANDSAT 8,2018-10-01 00:00:00+00:00,702.5429188131266,3.667,1.0,-0.0005426355414783757,0.0005426355414783757,False
39084,LANDSAT 8,2018-10-02 00:00:00+00:00,702.5422465931133,3.667,1.0,-0.0006722200132571743,0.0006722200132571743,False
39084,LANDSAT 8,2018-10-03 00:00:00+00:00,702.5418740375144,2.333,1.0,-0.0003725555989149143,0.0003725555989149143,False
39084,LANDSAT 8,2018-10-04 00:00:00+00:00,702.5411240670451,1.667,1.0,-0.0007499704693145759,0.0007499704693145759,False
39084,LANDSAT 8,2018-10-05 00:00:00+00:00,702.5407839077179,3.0,1.0,-0.0003401593271519232,0.0003401593271519232,False
39084,LANDSAT 8,2018-10-06 00:00:00+00:00,702.540370857163,3.0,1.0,-0.00041305055492557585,0.00041305055492557585,False
39084,LANDSAT 8,2018-10-07 00:00:00+00:00,702.539765049788,5.333,1.0,-0.0006058073749954929,0.0006058073749954929,True
39084,LANDSAT 8,2018-10-08 00:00:00+00:00,702.5392240347642,4.333,1.0,-0.0005410150238276401,0.0005410150238276401,False
39084,LANDSAT 8,2018-10-09 00:00:00+00:00,702.5388255626749,3.667,1.0,-0.0003984720892731275,0.0003984720892731275,False
39084,LANDSAT 8,2018-10-10 00:00:00+00:00,702.5381063693053,4.667,1.0,-0.0007191933696049091,0.0007191933696049091,False
39084,LANDSAT 8,2018-10-11 00:00:00+00:00,702.5380917910593,3.0,1.0,-1.457824600947788e-05,1.457824600947788e-05,False
39084,LANDSAT 8,2018-10-12 00:00:00+00:00,702.5378455807709,1.667,1.0,-0.0002462102884237538,0.0002462102884237538,False
39084,LANDSAT 8,2018-10-13 00:00:00+00:00,702.5384011737697,4.333,1.0,0.0005555929988076969,-0.0005555929988076969,False
39084,LANDSAT 8,2018-10-14 00:00:00+00:00,702.5367279158486,2.0,1.0,-0.0016732579210838594,0.0016732579210838594,False
39084,LANDSAT 8,2018-10-15 00:00:00+00:00,702.535688001934,3.0,1.0,-0.0010399139146102243,0.0010399139146102243,False
39084,LANDSAT 8,2018-10-16 00:00:00+00:00,702.5353527026732,2.0,1.0,-0.00033529926076880656,0.00033529926076880656,False
39084,LANDSAT 8,2018-10-17 00:00:00+00:00,702.534079537706,1.667,1.0,-0.0012731649671877676,0.0012731649671877676,False
39084,LANDSAT 8,2018-10-18 00:00:00+00:00,702.5321681715368,0.333,1.0,-0.0019113661692244932,0.0019113661692244932,False
39084,LANDSAT 8,2018-10-19 00:00:00+00:00,702.5321940883568,0.667,1.0,2.5916820050042588e-05,-2.5916820050042588e-05,False
39084,LANDSAT 8,2018-10-20 00:00:00+00:00,702.5318004766723,0.333,1.0,-0.0003936116845579818,0.0003936116845579818,False
39084,LANDSAT 8,2018-10-21 00:00:00+00:00,702.5315737045371,2.0,1.0,-0.0002267721351927321,0.0002267721351927321,False
39084,LANDSAT 8,2018-10-22 00:00:00+00:00,702.5313339739932,2.667,1.0,-0.00023973054385351134,0.00023973054385351134,False
39084,LANDSAT 8,2018-10-23 00:00:00+00:00,702.5314716570647,1.0,1.0,0.0001376830714434618,-0.0001376830714434618,False
39084,LANDSAT 8,2018-10-24 00:00:00+00:00,702.5319818944113,1.333,1.0,0.0005102373465888377,-0.0005102373465888377,False
39084,LANDSAT 8,2018-10-25 00:00:00+00:00,702.5308917684042,2.0,1.0,-0.0010901260070568242,0.0010901260070568242,False
39084,LANDSAT 8,2018-10-26 00:00:00+00:00,702.5299782010352,2.333,1.0,-0.0009135673690252588,0.0009135673690252588,False
39084,LANDSAT 8,2018-10-27 00:00:00+00:00,702.5284863656016,1.667,1.0,-0.0014918354336259654,0.0014918354336259654,False
39084,LANDSAT 8,2018-10-28 00:00:00+00:00,702.5268147333277,1.333,1.0,-0.0016716322738830058,0.0016716322738830058,False
39084,LANDSAT 8,2018-10-29 00:00:00+00:00,702.5261700536994,0.333,1.0,-0.0006446796282943978,0.0006446796282943978,False
39084,LANDSAT 8,2018-10-30 00:00:00+00:00,702.524997320294,2.0,1.0,-0.0011727334053830418,0.0011727334053830418,False
39084,LANDSAT 8,2018-10-31 00:00:00+00:00,702.5242084791662,1.667,1.0,-0.0007888411278145213,0.0007888411278145213,False
39084,LANDSAT 8,2018-11-01 00:00:00+00:00,702.5236512691422,2.0,1.0,-0.0005572100239987776,0.0005572100239987776,False
39084,LANDSAT 8,2018-11-02 00:00:00+00:00,702.5233661849852,2.667,1.0,-0.00028508415698524914,0.00028508415698524914,False
39084,LANDSAT 8,2018-11-03 00:00:00+00:00,702.5238764208884,2.0,1.0,0.000510235903220746,-0.000510235903220746,False
39084,LANDSAT 8,2018-11-04 00:00:00+00:00,702.5235443625807,5.333,1.0,-0.00033205830777660594,0.00033205830777660594,True
39084,LANDSAT 8,2018-11-05 00:00:00+00:00,702.5231766688362,5.667,1.0,-0.00036769374446521397,0.00036769374446521397,True
39084,LANDSAT 8,2018-11-06 00:00:00+00:00,702.5227701000408,3.667,1.0,-0.0004065687953698216,0.0004065687953698216,False
39084,LANDSAT 8,2018-11-07 00:00:00+00:00,702.5216945557404,3.333,1.0,-0.001075544300420006,0.001075544300420006,False
39084,LANDSAT 8,2018-11-08 00:00:00+00:00,702.5218986500113,4.0,1.0,0.00020409427088452503,-0.00020409427088452503,False
39084,LANDSAT 8,2018-11-09 00:00:00+00:00,702.5211827004696,4.0,1.0,-0.0007159495416999562,0.0007159495416999562,False
39084,LANDSAT 8,2018-11-10 00:00:00+00:00,702.5209688875375,4.333,1.0,-0.00021381293208833085,0.00021381293208833085,False
39084,LANDSAT 8,2018-11-11 00:00:00+00:00,702.5201330734981,3.0,1.0,-0.000835814039419347,0.000835814039419347,False
39084,LANDSAT 8,2018-11-12 00:00:00+00:00,702.5199548961191,3.333,1.0,-0.000178177378984401,0.000178177378984401,False
39084,LANDSAT 8,2018-11-13 00:00:00+00:00,702.5183480606211,2.0,1.0,-0.001606835498023429,0.001606835498023429,False
39084,LANDSAT 8,2018-11-14 00:00:00+00:00,702.5174701327405,1.333,1.0,-0.0008779278805377544,0.0008779278805377544,False
39084,LANDSAT 8,2018-11-15 00:00:00+00:00,702.5151570694416,0.667,1.0,-0.002313063298970519,0.002313063298970519,False
39084,LANDSAT 8,2018-11-16 00:00:00+00:00,702.514003778083,1.0,1.0,-0.0011532913586052018,0.0011532913586052018,False
39084,LANDSAT 8,2018-11-17 00:00:00+00:00,702.5135291793877,0.667,1.0,-0.00047459869529120624,0.00047459869529120624,False
39084,LANDSAT 8,2018-11-18 00:00:00+00:00,702.5131582473568,1.0,1.0,-0.000370932030818949,0.000370932030818949,False
39084,LANDSAT 8,2018-11-19 00:00:00+00:00,702.5132975493507,1.667,1.0,0.00013930199384049047,-0.00013930199384049047,False
39084,LANDSAT 8,2018-11-20 00:00:00+00:00,702.5131874035833,3.0,1.0,-0.00011014576739398763,0.00011014576739398763,False
39084,LANDSAT 8,2018-11-21 00:00:00+00:00,702.5134044555116,2.667,1.0,0.0002170519283026806,-0.0002170519283026806,False
39084,LANDSAT 8,2018-11-22 00:00:00+00:00,702.5136053095566,1.0,1.0,0.00020085404503333848,-0.00020085404503333848,False
39084,LANDSAT 8,2018-11-23 00:00:00+00:00,702.5129800704162,1.0,1.0,-0.0006252391403904767,0.0006252391403904767,False
39084,LANDSAT 8,2018-11-24 00:00:00+00:00,702.5124763156718,1.667,1.0,-0.0005037547443862422,0.0005037547443862422,False
39084,LANDSAT 8,2018-11-25 00:00:00+00:00,702.5105892609145,1.0,1.0,-0.0018870547573897056,0.0018870547573897056,False
39084,LANDSAT 8,2018-11-26 00:00:00+00:00,702.5104289019791,0.667,1.0,-0.00016035893531807233,0.00016035893531807233,False
39084,LANDSAT 8,2018-11-27 00:00:00+00:00,702.5094716067579,2.333,1.0,-0.0009572952212693053,0.0009572952212693053,False
39084,LANDSAT 8,2018-11-28 00:00:00+00:00,702.5081935940689,1.0,1.0,-0.001278012688999297,0.001278012688999297,False
39084,LANDSAT 8,2018-11-29 00:00:00+00:00,702.5060182201796,2.0,1.0,-0.0021753738892584806,0.0021753738892584806,False
39084,LANDSAT 8,2018-11-30 00:00:00+00:00,702.5058627206963,1.333,1.0,-0.00015549948329862673,0.00015549948329862673,False
39084,LANDSAT 8,2018-12-01 00:00:00+00:00,702.504579850277,3.0,1.0,-0.0012828704193452722,0.0012828704193452722,False
39084,LANDSAT 8,2018-12-02 00:00:00+00:00,702.5040971542358,3.667,1.0,-0.00048269604121742304,0.00048269604121742304,False
39084,LANDSAT 8,2018-12-03 00:00:00+00:00,702.5033504333433,3.0,1.0,-0.0007467208924936131,0.0007467208924936131,False
39084,LANDSAT 8,2018-12-04 00:00:00+00:00,702.5030216170408,3.0,1.0,-0.0003288163024990354,0.0003288163024990354,False
39084,LANDSAT 8,2018-12-05 00:00:00+00:00,702.5029471069483,2.0,1.0,-7.451009241776774e-05,7.451009241776774e-05,False
39084,LANDSAT 8,2018-12-06 00:00:00+00:00,702.502772170219,2.0,1.0,-0.00017493672930868343,0.00017493672930868343,False
39084,LANDSAT 8,2018-12-07 00:00:00+00:00,702.5035658647525,3.333,1.0,0.0007936945335131895,-0.0007936945335131895,False
39084,LANDSAT 8,2018-12-08 00:00:00+00:00,702.5028029462001,3.333,1.0,-0.0007629185524820059,0.0007629185524820059,False
39084,LANDSAT 8,2018-12-09 00:00:00+00:00,702.5019881946391,3.667,1.0,-0.0008147515609380207,0.0008147515609380207,False
39084,LANDSAT 8,2018-12-10 00:00:00+00:00,702.5018683306225,3.0,1.0,-0.00011986401659669355,0.00011986401659669355,False
39084,LANDSAT 8,2018-12-11 00:00:00+00:00,702.5014407077138,2.667,1.0,-0.0004276229087736283,0.0004276229087736283,False
39084,LANDSAT 8,2018-12-12 00:00:00+00:00,702.4989624396821,2.0,1.0,-0.002478268031609332,0.002478268031609332,False
39084,LANDSAT 8,2018-12-13 00:00:00+00:00,702.4987259514814,1.0,1.0,-0.00023648820069865906,0.00023648820069865906,False
39084,LANDSAT 8,2018-12-14 00:00:00+00:00,702.4999991005452,0.667,1.0,0.0012731490637634124,-0.0012731490637634124,False
39084,LANDSAT 8,2018-12-15 00:00:00+00:00,702.5051532544085,0.333,1.0,0.0051541538632591255,-0.0051541538632591255,False
39084,LANDSAT 8,2018-12-16 00:00:00+00:00,702.5126609723548,0.667,1.0,0.007507717946282355,-0.007507717946282355,False
39084,LANDSAT 8,2018-12-17 00:00:00+00:00,702.5195612874791,2.333,1.0,0.006900315124312328,-0.006900315124312328,False
39084,LANDSAT 8,2018-12-18 00:00:00+00:00,702.5236415503641,2.667,1.0,0.004080262885054253,-0.004080262885054253,False
39084,LANDSAT 8,2018-12-19 00:00:00+00:00,702.5291537232106,2.0,1.0,0.005512172846465546,-0.005512172846465546,False
39084,LANDSAT 8,2018-12-20 00:00:00+00:00,702.5287374345066,3.0,1.0,-0.0004162887039456109,0.0004162887039456109,False
39084,LANDSAT 8,2018-12-21 00:00:00+00:00,702.5280911346163,2.0,1.0,-0.0006462998903771222,0.0006462998903771222,False
39084,LANDSAT 8,2018-12-22 00:00:00+00:00,702.5245810324413,1.0,1.0,-0.003510102174914209,0.003510102174914209,False
39084,LANDSAT 8,2018-12-23 00:00:00+00:00,702.5203971001765,0.667,1.0,-0.004183932264822943,0.004183932264822943,False
39084,LANDSAT 8,2018-12-24 00:00:00+00:00,702.518169883354,1.333,1.0,-0.0022272168225754285,0.0022272168225754285,False
39084,LANDSAT 8,2018-12-25 00:00:00+00:00,702.5157628715515,1.667,1.0,-0.0024070118024610565,0.0024070118024610565,False
39084,LANDSAT 8,2018-12-26 00:00:00+00:00,702.5150857986159,1.0,1.0,-0.0006770729355594085,0.0006770729355594085,False
39084,LANDSAT 8,2018-12-27 00:00:00+00:00,702.5148525486447,2.333,1.0,-0.0002332499711883429,0.0002332499711883429,False
39084,LANDSAT 8,2018-12-28 00:00:00+00:00,702.5147456424147,4.333,1.0,-0.00010690623003029032,0.00010690623003029032,False
39084,LANDSAT 8,2018-12-29 00:00:00+00:00,702.5127047060741,3.0,1.0,-0.0020409363405633485,0.0020409363405633485,False
39084,LANDSAT 8,2018-12-30 00:00:00+00:00,702.511169145419,3.0,1.0,-0.001535560655156587,0.001535560655156587,False
39084,LANDSAT 8,2018-12-31 00:00:00+00:00,702.5097939446568,3.0,1.0,-0.0013752007621405937,0.0013752007621405937,False
39084,LANDSAT 8,2019-01-01 00:00:00+00:00,702.5090828575885,2.667,1.0,-0.0007110870683391113,0.0007110870683391113,False
39084,LANDSAT 8,2019-01-02 00:00:00+00:00,702.5089889098817,0.333,1.0,-9.394770677317865e-05,9.394770677317865e-05,False
39084,LANDSAT 8,2019-01-03 00:00:00+00:00,702.5085515671444,1.0,1.0,-0.00043734273731388384,0.00043734273731388384,False
39084,LANDSAT 8,2019-01-04 00:00:00+00:00,702.507960344667,3.333,1.0,-0.0005912224773965136,0.0005912224773965136,False
39084,LANDSAT 8,2019-01-06 00:00:00+00:00,702.508107745326,3.0,2.0,0.0001474006589887722,-7.37003294943861e-05,False
39084,LANDSAT 8,2019-01-07 00:00:00+00:00,702.5077870274126,2.333,1.0,-0.00032071791338239564,0.00032071791338239564,False
39084,LANDSAT 8,2019-01-08 00:00:00+00:00,702.5060570950518,2.333,1.0,-0.0017299323608312989,0.0017299323608312989,False
39084,LANDSAT 8,2019-01-09 00:00:00+00:00,702.5055420030367,1.667,1.0,-0.0005150920151208993,0.0005150920151208993,False
39084,LANDSAT 8,2019-01-10 00:00:00+00:00,702.5051856501241,1.333,1.0,-0.0003563529126040521,0.0003563529126040521,False
39084,LANDSAT 8,2019-01-11 00:00:00+00:00,702.5052990351369,3.333,1.0,0.00011338501280988567,-0.00011338501280988567,False
39084,LANDSAT 8,2019-01-12 00:00:00+00:00,702.5054707324525,1.0,1.0,0.00017169731563626556,-0.00017169731563626556,False
39084,LANDSAT 8,2019-01-13 00:00:00+00:00,702.5041846226386,1.0,1.0,-0.0012861098139183014,0.0012861098139183014,False
39084,LANDSAT 8,2019-01-14 00:00:00+00:00,702.5029859817787,2.667,1.0,-0.001198640859911393,0.001198640859911393,False
39084,LANDSAT 8,2019-01-15 00:00:00+00:00,702.5026652645647,2.667,1.0,-0.00032071721398097,0.00032071721398097,False
39084,LANDSAT 8,2019-01-16 00:00:00+00:00,702.5023477867171,2.667,1.0,-0.0003174778476022766,0.0003174778476022766,False
39084,LANDSAT 8,2019-01-17 00:00:00+00:00,702.5023170108284,2.667,1.0,-3.077588871747139e-05,3.077588871747139e-05,False
39084,LANDSAT 8,2019-01-18 00:00:00+00:00,702.5014990199029,2.0,1.0,-0.0008179909254977247,0.0008179909254977247,False
39084,LANDSAT 8,2019-01-19 00:00:00+00:00,702.5007701173081,2.667,1.0,-0.000728902594801184,0.000728902594801184,False
39084,LANDSAT 8,2019-01-20 00:00:00+00:00,702.5001254436147,1.667,1.0,-0.0006446736933867214,0.0006446736933867214,False
39084,LANDSAT 8,2019-01-21 00:00:00+00:00,702.4994532337623,1.667,1.0,-0.0006722098523823661,0.0006722098523823661,False
39084,LANDSAT 8,2019-01-22 00:00:00+00:00,702.4992993544201,2.0,1.0,-0.0001538793421786977,0.0001538793421786977,False
39084,LANDSAT 8,2019-01-23 00:00:00+00:00,702.4983015685802,4.0,1.0,-0.0009977858398997341,0.0009977858398997341,False
39084,LANDSAT 8,2019-01-24 00:00:00+00:00,702.497993810031,4.333,1.0,-0.0003077585492974322,0.0003077585492974322,False
39084,LANDSAT 8,2019-01-25 00:00:00+00:00,702.4975467503027,3.333,1.0,-0.00044705972823066986,0.00044705972823066986,False
39084,LANDSAT 8,2019-01-26 00:00:00+00:00,702.4983307246548,3.0,1.0,0.0007839743520889897,-0.0007839743520889897,False
39084,LANDSAT 8,2019-01-27 00:00:00+00:00,702.4991762509526,2.0,1.0,0.0008455262977804523,-0.0008455262977804523,False
39084,LANDSAT 8,2019-01-28 00:00:00+00:00,702.5017468468604,0.667,1.0,0.0025705959078550222,-0.0025705959078550222,False
39084,LANDSAT 8,2019-01-29 00:00:00+00:00,702.5026004730698,1.667,1.0,0.0008536262093912228,-0.0008536262093912228,False
39444,FUNCUBE 1,2017-12-02 00:00:00+00:00,624.3102358842511,2.333,,,,False
39444,FUNCUBE 1,2017-12-03 00:00:00+00:00,624.3080066440716,0.667,1.0,-0.002229240179531189,0.002229240179531189,False
39444,FUNCUBE 1,2017-12-04 00:00:00+00:00,624.3058372721139,4.0,1.0,-0.0021693719577342563,0.0021693719577342563,False
39444,FUNCUBE 1,2017-12-05 00:00:00+00:00,624.3029022421574,5.0,1.0,-0.0029350299564612214,0.0029350299564612214,True
39444,FUNCUBE 1,2017-12-06 00:00:00+00:00,624.2991889531095,4.0,1.0,-0.003713289047936996,0.003713289047936996,False
39444,FUNCUBE 1,2017-12-07 00:00:00+00:00,624.2969707497123,3.333,1.0,-0.002218203397205798,0.002218203397205798,False
39444,FUNCUBE 1,2017-12-08 00:00:00+00:00,624.294943174722,2.0,1.0,-0.0020275749902793905,0.0020275749902793905,False
39444,FUNCUBE 1,2017-12-09 00:00:00+00:00,624.2924461243674,1.667,1.0,-0.002497050354577368,0.002497050354577368,False
39444,FUNCUBE 1,2017-12-10 00:00:00+00:00,624.2903791670315,1.333,1.0,-0.0020669573359555216,0.0020669573359555216,False
39444,FUNCUBE 1,2017-12-11 00:00:00+00:00,624.2870109120795,3.333,1.0,-0.003368254951965355,0.003368254951965355,False
39444,FUNCUBE 1,2017-12-12 00:00:00+00:00,624.2852401381524,4.0,1.0,-0.0017707739270917955,0.0017707739270917955,False
39444,FUNCUBE 1,2017-12-13 00:00:00+00:00,624.2818246265952,2.667,1.0,-0.0034155115572502837,0.0034155115572502837,False
39444,FUNCUBE 1,2017-12-14 00:00:00+00:00,624.2799467272935,2.667,1.0,-0.0018778993016894674,0.0018778993016894674,False
39444,FUNCUBE 1,2017-12-15 00:00:00+00:00,624.2774701707431,1.333,1.0,-0.0024765565503912512,0.0024765565503912512,False
39444,FUNCUBE 1,2017-12-16 00:00:00+00:00,624.2748029911236,2.0,1.0,-0.002667179619493254,0.002667179619493254,False
39444,FUNCUBE 1,2017-12-17 00:00:00+00:00,624.2709826112514,4.667,1.0,-0.00382037987219519,0.00382037987219519,False
39444,FUNCUBE 1,2017-12-18 00:00:00+00:00,624.2691015685978,4.333,1.0,-0.0018810426536219893,0.0018810426536219893,False
39444,FUNCUBE 1,2017-12-19 00:00:00+00:00,624.2665525525099,2.333,1.0,-0.0025490160878689494,0.0025490160878689494,False
39444,FUNCUBE 1,2017-12-20 00:00:00+00:00,624.2643753356087,2.0,1.0,-0.0021772169011455844,0.0021772169011455844,False
39444,FUNCUBE 1,2017-12-21 00:00:00+00:00,624.2620925681604,1.0,1.0,-0.0022827674483778537,0.0022827674483778537,False
39444,FUNCUBE 1,2017-12-22 00:00:00+00:00,624.2595451339675,1.0,1.0,-0.0025474341928202193,0.0025474341928202193,False
39444,FUNCUBE 1,2017-12-23 00:00:00+00:00,624.2566180295239,2.667,1.0,-0.0029271044436427474,0.0029271044436427474,False
39444,FUNCUBE 1,2017-12-24 00:00:00+00:00,624.2539177862654,3.333,1.0,-0.0027002432584595226,0.0027002432584595226,False
39444,FUNCUBE 1,2017-12-25 00:00:00+00:00,624.2507858854406,3.0,1.0,-0.003131900824882905,0.003131900824882905,False
39444,FUNCUBE 1,2017-12-26 00:00:00+00:00,624.2484999781509,3.667,1.0,-0.002285907289660827,0.002285907289660827,False
39444,FUNCUBE 1,2017-12-27 00:00:00+00:00,624.2460281755993,2.667,1.0,-0.002471802551553992,0.002471802551553992,False
39444,FUNCUBE 1,2017-12-28 00:00:00+00:00,624.2434760299411,1.667,1.0,-0.0025521456582282553,0.0025521456582282553,False
39444,FUNCUBE 1,2017-12-29 00:00:00+00:00,624.2419478944566,2.333,1.0,-0.0015281354844773887,0.0015281354844773887,False
39444,FUNCUBE 1,2017-12-30 00:00:00+00:00,624.23954068891,1.667,1.0,-0.002407205546660407,0.002407205546660407,False
39444,FUNCUBE 1,2017-12-31 00:00:00+00:00,624.2371240330667,2.0,1.0,-0.0024166558432625607,0.0024166558432625607,False
39444,FUNCUBE 1,2018-01-01 00:00:00+00:00,624.2346569667361,3.667,1.0,-0.0024670663306096685,0.0024670663306096685,False
39444,FUNCUBE 1,2018-01-02 00:00:00+00:00,624.2325238855942,2.0,1.0,-0.002133081141892035,0.002133081141892035,False
39444,FUNCUBE 1,2018-01-03 00:00:00+00:00,624.2304286154636,1.0,1.0,-0.002095270130666904,0.002095270130666904,False
39444,FUNCUBE 1,2018-01-04 00:00:00+00:00,624.228894185524,1.333,1.0,-0.0015344299395110284,0.0015344299395110284,False
39444,FUNCUBE 1,2018-01-05 00:00:00+00:00,624.2269816631597,2.0,1.0,-0.001912522364364122,0.001912522364364122,False
39444,FUNCUBE 1,2018-01-06 00:00:00+00:00,624.225412576679,1.333,1.0,-0.0015690864806856553,0.0015690864806856553,False
39444,FUNCUBE 1,2018-01-07 00:00:00+00:00,624.2233645733718,1.0,1.0,-0.002048003307209001,0.002048003307209001,False
39444,FUNCUBE 1,2018-01-08 00:00:00+00:00,624.2213701347332,3.667,1.0,-0.001994438638575957,0.001994438638575957,False
39444,FUNCUBE 1,2018-01-09 00:00:00+00:00,624.2195521405679,3.667,1.0,-0.0018179941653215792,0.0018179941653215792,False
39444,FUNCUBE 1,2018-01-10 00:00:00+00:00,624.2179294951256,1.667,1.0,-0.0016226454422394454,0.0016226454422394454,False
39444,FUNCUBE 1,2018-01-11 00:00:00+00:00,624.2160232817787,1.0,1.0,-0.001906213346956065,0.001906213346956065,False
39444,FUNCUBE 1,2018-01-12 00:00:00+00:00,624.213735827474,1.333,1.0,-0.002287454304678249,0.002287454304678249,False
39444,FUNCUBE 1,2018-01-13 00:00:00+00:00,624.2116862574012,3.0,1.0,-0.002049570072813367,0.002049570072813367,False
39444,FUNCUBE 1,2018-01-14 00:00:00+00:00,624.2093263392203,4.667,1.0,-0.002359918180900422,0.002359918180900422,False
39444,FUNCUBE 1,2018-01-15 00:00:00+00:00,624.208095968781,3.667,1.0,-0.0012303704393161752,0.0012303704393161752,False
39444,FUNCUBE 1,2018-01-16 00:00:00+00:00,624.206622990825,2.0,1.0,-0.0014729779559274903,0.0014729779559274903,False
39444,FUNCUBE 1,2018-01-17 00:00:00+00:00,624.2048113077553,0.667,1.0,-0.0018116830697181285,0.0018116830697181285,False
39444,FUNCUBE 1,2018-01-18 00:00:00+00:00,624.2024939304392,0.333,1.0,-0.002317377316103375,0.002317377316103375,False
39444,FUNCUBE 1,2018-01-19 00:00:00+00:00,624.200130869257,2.667,1.0,-0.0023630611822227365,0.0023630611822227365,False
39444,FUNCUBE 1,2018-01-20 00:00:00+00:00,624.1985744007134,3.0,1.0,-0.0015564685436402215,0.0015564685436402215,False
39444,FUNCUBE 1,2018-01-21 00:00:00+00:00,624.1962601793571,3.0,1.0,-0.00231422135630055,0.00231422135630055,False
39444,FUNCUBE 1,2018-01-22 00:00:00+00:00,624.1945461759201,3.333,1.0,-0.0017140034369731438,0.0017140034369731438,False
39444,FUNCUBE 1,2018-01-23 00:00:00+00:00,624.1927880631997,2.0,1.0,-0.0017581127203811775,0.0017581127203811775,False
39444,FUNCUBE 1,2018-01-24 00:00:00+00:00,624.1914080400074,4.0,1.0,-0.001380023192268709,0.001380023192268709,False
39444,FUNCUBE 1,2018-01-25 00:00:00+00:00,624.1893128006191,3.0,1.0,-0.002095239388381742,0.002095239388381742,False
39444,FUNCUBE 1,2018-01-26 00:00:00+00:00,624.1872459193896,3.0,1.0,-0.002066881229438877,0.002066881229438877,False
39444,FUNCUBE 1,2018-01-27 00:00:00+00:00,624.1854421256585,2.667,1.0,-0.0018037937311419228,0.0018037937311419228,False
39444,FUNCUBE 1,2018-01-28 00:00:00+00:00,624.183466618404,1.667,1.0,-0.0019755072544285213,0.0019755072544285213,False
39444,FUNCUBE 1,2018-01-29 00:00:00+00:00,624.1817085126345,1.0,1.0,-0.0017581057695679192,0.0017581057695679192,False
39444,FUNCUBE 1,2018-01-30 00:00:00+00:00,624.1803158920029,2.333,1.0,-0.0013926206315773015,0.0013926206315773015,False
39444,FUNCUBE 1,2018-01-31 00:00:00+00:00,624.1787310779673,2.667,1.0,-0.0015848140355956275,0.0015848140355956275,False
39444,FUNCUBE 1,2018-02-01 00:00:00+00:00,624.1769587969293,2.667,1.0,-0.0017722810380291776,0.0017722810380291776,False
39444,FUNCUBE 1,2018-02-02 00:00:00+00:00,624.1751361055117,2.0,1.0,-0.0018226914176011633,0.0018226914176011633,False
39444,FUNCUBE 1,2018-02-03 00:00:00+00:00,624.173403210712,1.667,1.0,-0.001732894799715723,0.001732894799715723,False
39444,FUNCUBE 1,2018-02-04 00:00:00+00:00,624.172056279579,2.333,1.0,-0.001346931132957252,0.001346931132957252,False
39444,FUNCUBE 1,2018-02-05 00:00:00+00:00,624.1706935955281,3.0,1.0,-0.0013626840509459726,0.0013626840509459726,False
39444,FUNCUBE 1,2018-02-06 00:00:00+00:00,624.1689544020514,2.333,1.0,-0.0017391934766237682,0.0017391934766237682,False
39444,FUNCUBE 1,2018-02-07 00:00:00+00:00,624.1674751433411,1.667,1.0,-0.0014792587103329424,0.0014792587103329424,False
39444,FUNCUBE 1,2018-02-08 00:00:00+00:00,624.1658982132776,1.333,1.0,-0.0015769300634929095,0.0015769300634929095,False
39444,FUNCUBE 1,2018-02-09 00:00:00+00:00,624.1639447746984,2.667,1.0,-0.001953438579221256,0.001953438579221256,False
39444,FUNCUBE 1,2018-02-10 00:00:00+00:00,624.1627317531102,2.333,1.0,-0.0012130215882280027,0.0012130215882280027,False
39444,FUNCUBE 1,2018-02-11 00:00:00+00:00,624.160578247147,0.667,1.0,-0.002153505963178759,0.002153505963178759,False
39444,FUNCUBE 1,2018-02-12 00:00:00+00:00,624.1588689915952,1.667,1.0,-0.00170925555175927,0.00170925555175927,False
39444,FUNCUBE 1,2018-02-13 00:00:00+00:00,624.1566351458441,0.667,1.0,-0.0022338457511068555,0.0022338457511068555,False
39444,FUNCUBE 1,2018-02-14 00:00:00+00:00,624.1547793853333,1.333,1.0,-0.0018557605108071584,0.0018557605108071584,False
39444,FUNCUBE 1,2018-02-15 00:00:00+00:00,624.1532796544861,4.667,1.0,-0.0014997308471720316,0.0014997308471720316,False
39444,FUNCUBE 1,2018-02-16 00:00:00+00:00,624.1518303355242,2.333,1.0,-0.0014493189619315672,0.0014493189619315672,False
39444,FUNCUBE 1,2018-02-17 00:00:00+00:00,624.1494137553605,3.667,1.0,-0.002416580163753679,0.002416580163753679,False
39444,FUNCUBE 1,2018-02-18 00:00:00+00:00,624.1475753284244,4.0,1.0,-0.0018384269360467442,0.0018384269360467442,False
39444,FUNCUBE 1,2018-02-19 00:00:00+00:00,624.1457148478999,4.0,1.0,-0.0018604805245558964,0.0018604805245558964,False
39444,FUNCUBE 1,2018-02-20 00:00:00+00:00,624.1440197795046,2.667,1.0,-0.0016950683952927648,0.0016950683952927648,False
39444,FUNCUBE 1,2018-02-21 00:00:00+00:00,624.1424570407771,2.0,1.0,-0.0015627387274435023,0.0015627387274435023,False
39444,FUNCUBE 1,2018-02-22 00:00:00+00:00,624.141195192929,3.667,1.0,-0.0012618478481272177,0.0012618478481272177,False
39444,FUNCUBE 1,2018-02-23 00:00:00+00:00,624.139107867888,4.333,1.0,-0.0020873250409749744,0.0020873250409749744,False
39444,FUNCUBE 1,2018-02-24 00:00:00+00:00,624.1364707513021,3.333,1.0,-0.002637116585901822,0.002637116585901822,False
39444,FUNCUBE 1,2018-02-25 00:00:00+00:00,624.134807195237,2.0,1.0,-0.0016635560650684056,0.0016635560650684056,False
39444,FUNCUBE 1,2018-02-26 00:00:00+00:00,624.1329577505435,3.0,1.0,-0.0018494446935619635,0.0018494446935619635,False
39444,FUNCUBE 1,2018-02-27 00:00:00+00:00,624.1308278975189,5.333,1.0,-0.0021298530245985603,0.0021298530245985603,True
39444,FUNCUBE 1,2018-02-28 00:00:00+00:00,624.1288823601194,2.333,1.0,-0.0019455373994787806,0.0019455373994787806,False
39444,FUNCUBE 1,2018-03-01 00:00:00+00:00,624.1278709962785,2.667,1.0,-0.0010113638409166015,0.0010113638409166015,False
39444,FUNCUBE 1,2018-03-02 00:00:00+00:00,624.1256292985645,2.667,1.0,-0.002241697713998292,0.002241697713998292,False
39444,FUNCUBE 1,2018-03-03 00:00:00+00:00,624.1234836978242,2.667,1.0,-0.0021456007402775867,0.0021456007402775867,False
39444,FUNCUBE 1,2018-03-04 00:00:00+00:00,624.1215775487362,2.667,1.0,-0.0019061490879721532,0.0019061490879721532,False
39444,FUNCUBE 1,2018-03-05 00:00:00+00:00,624.1197249621218,1.333,1.0,-0.0018525866144045722,0.0018525866144045722,False
39444,FUNCUBE 1,2018-03-06 00:00:00+00:00,624.1179054586037,2.0,1.0,-0.0018195035181634012,0.0018195035181634012,False
39444,FUNCUBE 1,2018-03-07 00:00:00+00:00,624.1162293109564,2.667,1.0,-0.0016761476472311188,0.0016761476472311188,False
39444,FUNCUBE 1,2018-03-08 00:00:00+00:00,624.1149800775288,1.667,1.0,-0.0012492334276430483,0.0012492334276430483,False
39444,FUNCUBE 1,2018-03-09 00:00:00+00:00,624.1132267407424,4.333,1.0,-0.001753336786350701,0.001753336786350701,False
39444,FUNCUBE 1,2018-03-10 00:00:00+00:00,624.1112875168119,4.0,1.0,-0.0019392239305489056,0.0019392239305489056,False
39444,FUNCUBE 1,2018-03-11 00:00:00+00:00,624.1083369374765,2.333,1.0,-0.002950579335447401,0.002950579335447401,False
39444,FUNCUBE 1,2018-03-12 00:00:00+00:00,624.1064544285236,1.0,1.0,-0.0018825089528036187,0.0018825089528036187,False
39444,FUNCUBE 1,2018-03-13 00:00:00+00:00,624.1041450092243,1.0,1.0,-0.0023094192993085016,0.0023094192993085016,False
39444,FUNCUBE 1,2018-03-14 00:00:00+00:00,624.1020939440241,4.0,1.0,-0.0020510652002485585,0.0020510652002485585,False
39444,FUNCUBE 1,2018-03-15 00:00:00+00:00,624.0990882383053,4.0,1.0,-0.0030057057188059844,0.0030057057188059844,False
39444,FUNCUBE 1,2018-03-16 00:00:00+00:00,624.0967473187598,4.333,1.0,-0.0023409195455315057,0.0023409195455315057,False
39444,FUNCUBE 1,2018-03-17 00:00:00+00:00,624.0937810016021,4.333,1.0,-0.0029663171576430614,0.0029663171576430614,False
39444,FUNCUBE 1,2018-03-18 00:00:00+00:00,624.091474743379,6.0,1.0,-0.0023062582231432316,0.0023062582231432316,True
39444,FUNCUBE 1,2018-03-19 00:00:00+00:00,624.0883761057112,4.333,1.0,-0.0030986376677901717,0.0030986376677901717,False
39444,FUNCUBE 1,2018-03-20 00:00:00+00:00,624.0856602715494,3.0,1.0,-0.0027158341617905535,0.0027158341617905535,False
39444,FUNCUBE 1,2018-03-21 00:00:00+00:00,624.0831901880101,2.0,1.0,-0.0024700835392650333,0.0024700835392650333,False
39444,FUNCUBE 1,2018-03-22 00:00:00+00:00,624.0809406495391,3.0,1.0,-0.0022495384710055077,0.0022495384710055077,False
39444,FUNCUBE 1,2018-03-23 00:00:00+00:00,624.0786438537207,4.0,1.0,-0.002296795818438113,0.002296795818438113,False
39444,FUNCUBE 1,2018-03-24 00:00:00+00:00,624.0768810879422,2.667,1.0,-0.001762765778494213,0.001762765778494213,False
39444,FUNCUBE 1,2018-03-25 00:00:00+00:00,624.0733382310736,4.0,1.0,-0.0035428568685347273,0.0035428568685347273,False
39444,FUNCUBE 1,2018-03-26 00:00:00+00:00,624.0712682848216,3.0,1.0,-0.0020699462520497036,0.0020699462520497036,False
39444,FUNCUBE 1,2018-03-27 00:00:00+00:00,624.0691195751087,3.0,1.0,-0.0021487097128556343,0.0021487097128556343,False
39444,FUNCUBE 1,2018-03-28 00:00:00+00:00,624.0674686614684,0.667,1.0,-0.001650913640332874,0.001650913640332874,False
39444,FUNCUBE 1,2018-03-29 00:00:00+00:00,624.0647118898169,1.667,1.0,-0.0027567716515477514,0.0027567716515477514,False
39444,FUNCUBE 1,2018-03-30 00:00:00+00:00,624.0625726369117,2.333,1.0,-0.0021392529051809106,0.0021392529051809106,False
39444,FUNCUBE 1,2018-03-31 00:00:00+00:00,624.0604963974356,2.667,1.0,-0.0020762394760822644,0.0020762394760822644,False
39444,FUNCUBE 1,2018-04-01 00:00:00+00:00,624.0584516653862,1.333,1.0,-0.00204473204939859,0.00204473204939859,False
39444,FUNCUBE 1,2018-04-02 00:00:00+00:00,624.0567881556531,1.667,1.0,-0.0016635097331345605,0.0016635097331345605,False
39444,FUNCUBE 1,2018-04-03 00:00:00+00:00,624.0552018362091,2.0,1.0,-0.0015863194439589279,0.0015863194439589279,False
39444,FUNCUBE 1,2018-04-04 00:00:00+00:00,624.0538360584901,1.667,1.0,-0.001365777719001926,0.001365777719001926,False
39444,FUNCUBE 1,2018-04-05 00:00:00+00:00,624.0520370765043,3.0,1.0,-0.001798981985757564,0.001798981985757564,False
39444,FUNCUBE 1,2018-04-06 00:00:00+00:00,624.0497938641865,1.667,1.0,-0.0022432123178077745,0.0022432123178077745,False
39444,FUNCUBE 1,2018-04-07 00:00:00+00:00,624.048007487143,2.0,1.0,-0.001786377043572429,0.001786377043572429,False
39444,FUNCUBE 1,2018-04-08 00:00:00+00:00,624.0468890329576,2.333,1.0,-0.00111845418541634,0.00111845418541634,False
39444,FUNCUBE 1,2018-04-09 00:00:00+00:00,624.04375736362,4.333,1.0,-0.0031316693375629256,0.0031316693375629256,False
39444,FUNCUBE 1,2018-04-10 00:00:00+00:00,624.0408273341081,4.0,1.0,-0.002930029511844623,0.002930029511844623,False
39444,FUNCUBE 1,2018-04-11 00:00:00+00:00,624.0378122424254,4.333,1.0,-0.0030150916827551555,0.0030150916827551555,False
39444,FUNCUBE 1,2018-04-12 00:00:00+00:00,624.035858893224,3.0,1.0,-0.0019533492013579234,0.0019533492013579234,False
39444,FUNCUBE 1,2018-04-13 00:00:00+00:00,624.0333857030446,3.667,1.0,-0.002473190179443918,0.002473190179443918,False
39444,FUNCUBE 1,2018-04-14 00:00:00+00:00,624.0313504424471,2.0,1.0,-0.0020352605974949256,0.0020352605974949256,False
39444,FUNCUBE 1,2018-04-15 00:00:00+00:00,624.0288394495965,2.333,1.0,-0.0025109928506026336,0.0025109928506026336,False
39444,FUNCUBE 1,2018-04-16 00:00:00+00:00,624.0265962558815,1.0,1.0,-0.0022431937150031445,0.0022431937150031445,False
39444,FUNCUBE 1,2018-04-17 00:00:00+00:00,624.0243483381491,1.0,1.0,-0.0022479177323475596,0.0022479177323475596,False
39444,FUNCUBE 1,2018-04-18 00:00:00+00:00,624.0224784878219,2.0,1.0,-0.0018698503272389644,0.0018698503272389644,False
39444,FUNCUBE 1,2018-04-19 00:00:00+00:00,624.0203707726196,1.0,1.0,-0.0021077152023281087,0.0021077152023281087,False
39444,FUNCUBE 1,2018-04-20 00:00:00+00:00,624.016941406805,6.0,1.0,-0.0034293658145543304,0.0034293658145543304,True
39444,FUNCUBE 1,2018-04-21 00:00:00+00:00,624.014331184927,3.333,1.0,-0.002610221878057928,0.002610221878057928,False
39444,FUNCUBE 1,2018-04-22 00:00:00+00:00,624.0122297769267,1.667,1.0,-0.0021014080002714763,0.0021014080002714763,False
39444,FUNCUBE 1,2018-04-23 00:00:00+00:00,624.0102638434328,3.0,1.0,-0.001965933493920602,0.001965933493920602,False
39444,FUNCUBE 1,2018-04-24 00:00:00+00:00,624.0076284235824,2.0,1.0,-0.002635419850321341,0.002635419850321341,False
39444,FUNCUBE 1,2018-04-25 00:00:00+00:00,624.0049741029525,2.0,1.0,-0.0026543206299720623,0.0026543206299720623,False
39444,FUNCUBE 1,2018-04-26 00:00:00+00:00,624.0030333787545,1.667,1.0,-0.0019407241979934042,0.0019407241979934042,False
39444,FUNCUBE 1,2018-04-27 00:00:00+00:00,624.0009508823673,2.667,1.0,-0.002082496387174615,0.002082496387174615,False
39444,FUNCUBE 1,2018-04-28 00:00:00+00:00,623.9990904992446,1.667,1.0,-0.0018603831226755574,0.0018603831226755574,False
39444,FUNCUBE 1,2018-04-29 00:00:00+00:00,623.997072591445,1.333,1.0,-0.0020179077996544947,0.0020179077996544947,False
39444,FUNCUBE 1,2018-04-30 00:00:00+00:00,623.9954721284676,2.333,1.0,-0.0016004629774215573,0.0016004629774215573,False
39444,FUNCUBE 1,2018-05-01 00:00:00+00:00,623.9940071385836,1.0,1.0,-0.001464989883970702,0.001464989883970702,False
39444,FUNCUBE 1,2018-05-02 00:00:00+00:00,623.9915276843358,2.0,1.0,-0.0024794542478048243,0.0024794542478048243,False
39444,FUNCUBE 1,2018-05-03 00:00:00+00:00,623.9899114720101,1.333,1.0,-0.0016162123256435734,0.0016162123256435734,False
39444,FUNCUBE 1,2018-05-04 00:00:00+00:00,623.988197594852,1.333,1.0,-0.0017138771581812762,0.0017138771581812762,False
39444,FUNCUBE 1,2018-05-05 00:00:00+00:00,623.9864301601324,5.667,1.0,-0.001767434719567973,0.001767434719567973,True
39444,FUNCUBE 1,2018-05-06 00:00:00+00:00,623.9828921435337,5.667,1.0,-0.0035380165986680367,0.0035380165986680367,True
39444,FUNCUBE 1,2018-05-07 00:00:00+00:00,623.9808317156239,4.0,1.0,-0.0020604279097824474,0.0020604279097824474,False
39444,FUNCUBE 1,2018-05-08 00:00:00+00:00,623.9787366337532,3.667,1.0,-0.0020950818707206054,0.0020950818707206054,False
39444,FUNCUBE 1,2018-05-09 00:00:00+00:00,623.9767455198025,4.0,1.0,-0.001991113950680301,0.001991113950680301,False
39444,FUNCUBE 1,2018-05-10 00:00:00+00:00,623.974199920488,3.333,1.0,-0.0025455993145442335,0.0025455993145442335,False
39444,FUNCUBE 1,2018-05-11 00:00:00+00:00,623.971063606688,3.667,1.0,-0.0031363138000415347,0.0031363138000415347,False
39444,FUNCUBE 1,2018-05-12 00:00:00+00:00,623.9686188281016,3.667,1.0,-0.002444778586323082,0.002444778586323082,False
39444,FUNCUBE 1,2018-05-13 00:00:00+00:00,623.9662276098716,2.333,1.0,-0.0023912182300591667,0.0023912182300591667,False
39444,FUNCUBE 1,2018-05-14 00:00:00+00:00,623.9636300371785,2.0,1.0,-0.002597572693048278,0.002597572693048278,False
39444,FUNCUBE 1,2018-05-15 00:00:00+00:00,623.9615869510721,1.333,1.0,-0.002043086106368719,0.002043086106368719,False
39444,FUNCUBE 1,2018-05-16 00:00:00+00:00,623.9596100265762,1.333,1.0,-0.0019769244959206844,0.0019769244959206844,False
39444,FUNCUBE 1,2018-05-17 00:00:00+00:00,623.9565257117974,3.0,1.0,-0.003084314778789121,0.003084314778789121,False
39444,FUNCUBE 1,2018-05-18 00:00:00+00:00,623.9541266277179,1.667,1.0,-0.002399084079570457,0.002399084079570457,False
39444,FUNCUBE 1,2018-05-19 00:00:00+00:00,623.9526096767295,1.0,1.0,-0.0015169509883889987,0.0015169509883889987,False
39444,FUNCUBE 1,2018-05-20 00:00:00+00:00,623.9507351486072,1.0,1.0,-0.001874528122243646,0.001874528122243646,False
39444,FUNCUBE 1,2018-05-21 00:00:00+00:00,623.9486684434264,1.0,1.0,-0.0020667051808231918,0.0020667051808231918,False
39444,FUNCUBE 1,2018-05-22 00:00:00+00:00,623.9462079320979,2.0,1.0,-0.002460511328536086,0.002460511328536086,False
39444,FUNCUBE 1,2018-05-23 00:00:00+00:00,623.9444720284491,3.333,1.0,-0.0017359036487505364,0.0017359036487505364,False
39444,FUNCUBE 1,2018-05-24 00:00:00+00:00,623.9423612215041,1.333,1.0,-0.0021108069449837785,0.0021108069449837785,False
39444,FUNCUBE 1,2018-05-25 00:00:00+00:00,623.9406662761603,1.333,1.0,-0.0016949453438428463,0.0016949453438428463,False
39444,FUNCUBE 1,2018-05-26 00:00:00+00:00,623.93860745454,1.333,1.0,-0.0020588216202668264,0.0020588216202668264,False
39444,FUNCUBE 1,2018-05-27 00:00:00+00:00,623.9365092538033,1.333,1.0,-0.002098200736782019,0.002098200736782019,False
39444,FUNCUBE 1,2018-05-28 00:00:00+00:00,623.9346032319736,1.667,1.0,-0.0019060218296544917,0.0019060218296544917,False
39444,FUNCUBE 1,2018-05-29 00:00:00+00:00,623.9325396891409,1.667,1.0,-0.0020635428327295813,0.0020635428327295813,False
39444,FUNCUBE 1,2018-05-30 00:00:00+00:00,623.9302934221159,1.667,1.0,-0.0022462670249296934,0.0022462670249296934,False
39444,FUNCUBE 1,2018-05-31 00:00:00+00:00,623.9279400419173,4.333,1.0,-0.002353380198655941,0.002353380198655941,False
39444,FUNCUBE 1,2018-06-01 00:00:00+00:00,623.9251755315036,4.667,1.0,-0.0027645104137263843,0.0027645104137263843,False
39444,FUNCUBE 1,2018-06-02 00:00:00+00:00,623.9226819612309,4.0,1.0,-0.002493570272690704,0.002493570272690704,False
39444,FUNCUBE 1,2018-06-03 00:00:00+00:00,623.92120283247,2.667,1.0,-0.0014791287608204584,0.0014791287608204584,False
39444,FUNCUBE 1,2018-06-04 00:00:00+00:00,623.9193598296797,1.333,1.0,-0.0018430027903377777,0.0018430027903377777,False
39444,FUNCUBE 1,2018-06-05 00:00:00+00:00,623.9172175373587,1.667,1.0,-0.0021422923209684086,0.0021422923209684086,False
39444,FUNCUBE 1,2018-06-06 00:00:00+00:00,623.9148515664447,3.667,1.0,-0.0023659709140702034,0.0023659709140702034,False
39444,FUNCUBE 1,2018-06-07 00:00:00+00:00,623.9128983029741,2.667,1.0,-0.001953263470568345,0.001953263470568345,False
39444,FUNCUBE 1,2018-06-08 00:00:00+00:00,623.9104882297888,2.0,1.0,-0.0024100731852740864,0.0024100731852740864,False
39444,FUNCUBE 1,2018-06-09 00:00:00+00:00,623.9086672869817,1.333,1.0,-0.0018209428071713774,0.0018209428071713774,False
39444,FUNCUBE 1,2018-06-10 00:00:00+00:00,623.9065974624345,1.0,1.0,-0.002069824547106691,0.002069824547106691,False
39444,FUNCUBE 1,2018-06-11 00:00:00+00:00,623.904751318827,1.333,1.0,-0.0018461436075085658,0.0018461436075085658,False
39444,FUNCUBE 1,2018-06-12 00:00:00+00:00,623.902741355007,1.667,1.0,-0.0020099638200008485,0.0020099638200008485,False
39444,FUNCUBE 1,2018-06-13 00:00:00+00:00,623.9011756004775,2.0,1.0,-0.0015657545295653108,0.0015657545295653108,False
39444,FUNCUBE 1,2018-06-14 00:00:00+00:00,623.8997201111424,1.333,1.0,-0.0014554893350577913,0.0014554893350577913,False
39444,FUNCUBE 1,2018-06-15 00:00:00+00:00,623.8979228033877,1.0,1.0,-0.0017973077547139837,0.0017973077547139837,False
39444,FUNCUBE 1,2018-06-16 00:00:00+00:00,623.8965303238951,0.667,1.0,-0.0013924794925515016,0.0013924794925515016,False
39444,FUNCUBE 1,2018-06-17 00:00:00+00:00,623.8947692478487,1.667,1.0,-0.0017610760464776831,0.0017610760464776831,False
39444,FUNCUBE 1,2018-06-18 00:00:00+00:00,623.892014221341,4.0,1.0,-0.0027550265076570213,0.0027550265076570213,False
39444,FUNCUBE 1,2018-06-19 00:00:00+00:00,623.8902310953217,2.333,1.0,-0.0017831260192906484,0.0017831260192906484,False
39444,FUNCUBE 1,2018-06-20 00:00:00+00:00,623.8882951762303,2.333,1.0,-0.001935919091465621,0.001935919091465621,False
39444,FUNCUBE 1,2018-06-21 00:00:00+00:00,623.886250569889,1.0,1.0,-0.0020446063413146476,0.0020446063413146476,False
39444,FUNCUBE 1,2018-06-22 00:00:00+00:00,623.8843902629233,1.333,1.0,-0.001860306965681957,0.001860306965681957,False
39444,FUNCUBE 1,2018-06-23 00:00:00+00:00,623.8823692873993,4.0,1.0,-0.0020209755239193328,0.0020209755239193328,False
39444,FUNCUBE 1,2018-06-24 00:00:00+00:00,623.8793433398823,2.667,1.0,-0.0030259475170169026,0.0030259475170169026,False
39444,FUNCUBE 1,2018-06-25 00:00:00+00:00,623.8776909629028,5.0,1.0,-0.0016523769795639964,0.0016523769795639964,True
39444,FUNCUBE 1,2018-06-26 00:00:00+00:00,623.8735592370203,4.667,1.0,-0.004131725882416504,0.004131725882416504,False
39444,FUNCUBE 1,2018-06-27 00:00:00+00:00,623.8711255698618,2.667,1.0,-0.002433667158584285,0.002433667158584285,False
39444,FUNCUBE 1,2018-06-28 00:00:00+00:00,623.8695787352676,1.667,1.0,-0.0015468345941371808,0.0015468345941371808,False
39444,FUNCUBE 1,2018-06-29 00:00:00+00:00,623.867504214033,1.333,1.0,-0.0020745212345900654,0.0020745212345900654,False
39444,FUNCUBE 1,2018-06-30 00:00:00+00:00,623.8657053517654,1.0,1.0,-0.0017988622676057275,0.0017988622676057275,False
39444,FUNCUBE 1,2018-07-01 00:00:00+00:00,623.863986825057,0.667,1.0,-0.001718526708373247,0.001718526708373247,False
39444,FUNCUBE 1,2018-07-02 00:00:00+00:00,623.8625723098221,1.0,1.0,-0.0014145152349556156,0.0014145152349556156,False
39444,FUNCUBE 1,2018-07-03 00:00:00+00:00,623.8614539296855,1.667,1.0,-0.0011183801366314583,0.0011183801366314583,False
39444,FUNCUBE 1,2018-07-04 00:00:00+00:00,623.8602300127804,1.333,1.0,-0.0012239169050189957,0.0012239169050189957,False
39444,FUNCUBE 1,2018-07-05 00:00:00+00:00,623.8589982205012,4.667,1.0,-0.0012317922792135505,0.0012317922792135505,False
39444,FUNCUBE 1,2018-07-06 00:00:00+00:00,623.8573978364584,3.667,1.0,-0.0016003840428311378,0.0016003840428311378,False
39444,FUNCUBE 1,2018-07-07 00:00:00+00:00,623.8555391238533,2.0,1.0,-0.0018587126050988445,0.0018587126050988445,False
39444,FUNCUBE 1,2018-07-08 00:00:00+00:00,623.853554398198,1.333,1.0,-0.0019847256553475745,0.0019847256553475745,False
39444,FUNCUBE 1,2018-07-09 00:00:00+00:00,623.8522343988975,0.667,1.0,-0.0013199993004491262,0.0013199993004491262,False
39444,FUNCUBE 1,2018-07-10 00:00:00+00:00,623.8504481478512,2.333,1.0,-0.0017862510462691716,0.0017862510462691716,False
39444,FUNCUBE 1,2018-07-11 00:00:00+00:00,623.8490619926215,2.667,1.0,-0.001386155229738506,0.001386155229738506,False
39444,FUNCUBE 1,2018-07-12 00:00:00+00:00,623.8479751213881,2.667,1.0,-0.0010868712333831354,0.0010868712333831354,False
39444,FUNCUBE 1,2018-07-13 00:00:00+00:00,623.84577775261,2.667,1.0,-0.0021973687780700857,0.0021973687780700857,False
39444,FUNCUBE 1,2018-07-14 00:00:00+00:00,623.8436024379016,1.667,1.0,-0.0021753147084382363,0.0021753147084382363,False
39444,FUNCUBE 1,2018-07-15 00:00:00+00:00,623.8422351881541,1.333,1.0,-0.0013672497475454293,0.0013672497475454293,False
39444,FUNCUBE 1,2018-07-16 00:00:00+00:00,623.8398944832625,2.667,1.0,-0.002340704891594214,0.002340704891594214,False
39444,FUNCUBE 1,2018-07-17 00:00:00+00:00,623.8378719646194,3.0,1.0,-0.0020225186431162,0.0020225186431162,False
39444,FUNCUBE 1,2018-07-18 00:00:00+00:00,623.8361975597231,1.0,1.0,-0.001674404896220949,0.001674404896220949,False
39444,FUNCUBE 1,2018-07-19 00:00:00+00:00,623.8347704571693,1.0,1.0,-0.0014271025538619142,0.0014271025538619142,False
39444,FUNCUBE 1,2018-07-20 00:00:00+00:00,623.833121256791,2.0,1.0,-0.001649200378324167,0.001649200378324167,False
39444,FUNCUBE 1,2018-07-21 00:00:00+00:00,623.8311081940346,3.333,1.0,-0.002013062756304862,0.002013062756304862,False
39444,FUNCUBE 1,2018-07-22 00:00:00+00:00,623.829082531407,1.333,1.0,-0.002025662627602287,0.002025662627602287,False
39444,FUNCUBE 1,2018-07-23 00:00:00+00:00,623.8272994454537,1.0,1.0,-0.0017830859533205512,0.0017830859533205512,False
39444,FUNCUBE 1,2018-07-24 00:00:00+00:00,623.8255636155181,4.0,1.0,-0.0017358299355691997,0.0017358299355691997,False
39444,FUNCUBE 1,2018-07-25 00:00:00+00:00,623.8244326488621,3.333,1.0,-0.001130966656091914,0.001130966656091914,False
39444,FUNCUBE 1,2018-07-26 00:00:00+00:00,623.8227062716724,1.333,1.0,-0.0017263771896978142,0.0017263771896978142,False
39444,FUNCUBE 1,2018-07-27 00:00:00+00:00,623.8214902475011,1.667,1.0,-0.0012160241712990683,0.0012160241712990683,False
39444,FUNCUBE 1,2018-07-28 00:00:00+00:00,623.8199497409541,2.0,1.0,-0.0015405065469167312,0.0015405065469167312,False
39444,FUNCUBE 1,2018-07-29 00:00:00+00:00,623.8190345734442,1.333,1.0,-0.0009151675099019485,0.0009151675099019485,False
39444,FUNCUBE 1,2018-07-30 00:00:00+00:00,623.8174105847747,2.0,1.0,-0.0016239886695075256,0.0016239886695075256,False
39444,FUNCUBE 1,2018-07-31 00:00:00+00:00,623.816122105658,2.333,1.0,-0.0012884791167380172,0.0012884791167380172,False
39444,FUNCUBE 1,2018-08-01 00:00:00+00:00,623.814074401681,2.333,1.0,-0.0020477039770412375,0.0020477039770412375,False
39444,FUNCUBE 1,2018-08-02 00:00:00+00:00,623.813231693241,2.667,1.0,-0.000842708439904527,0.000842708439904527,False
39444,FUNCUBE 1,2018-08-03 00:00:00+00:00,623.8119967712778,2.667,1.0,-0.0012349219632596942,0.0012349219632596942,False
39444,FUNCUBE 1,2018-08-04 00:00:00+00:00,623.8105287270432,2.0,1.0,-0.0014680442345706979,0.0014680442345706979,False
39444,FUNCUBE 1,2018-08-05 00:00:00+00:00,623.8090102786678,2.0,1.0,-0.0015184483754637768,0.0015184483754637768,False
39444,FUNCUBE 1,2018-08-06 00:00:00+00:00,623.8079943048451,1.0,1.0,-0.001015973822632077,0.001015973822632077,False
39444,FUNCUBE 1,2018-08-07 00:00:00+00:00,623.8060694686737,3.0,1.0,-0.0019248361713835038,0.0019248361713835038,False
39444,FUNCUBE 1,2018-08-08 00:00:00+00:00,623.8048676280778,1.667,1.0,-0.0012018405959679512,0.0012018405959679512,False
39444,FUNCUBE 1,2018-08-09 00:00:00+00:00,623.802853010463,1.333,1.0,-0.0020146176148045924,0.0020146176148045924,False
39444,FUNCUBE 1,2018-08-10 00:00:00+00:00,623.8014511272968,1.333,1.0,-0.0014018831661815057,0.0014018831661815057,False
39444,FUNCUBE 1,2018-08-11 00:00:00+00:00,623.79972948973,3.667,1.0,-0.0017216375667885586,0.0017216375667885586,False
39444,FUNCUBE 1,2018-08-12 00:00:00+00:00,623.7984425938816,2.0,1.0,-0.0012868958483522874,0.0012868958483522874,False
39444,FUNCUBE 1,2018-08-13 00:00:00+00:00,623.7970029094004,1.333,1.0,-0.0014396844812836207,0.0014396844812836207,False
39444,FUNCUBE 1,2018-08-14 00:00:00+00:00,623.795317502907,1.333,1.0,-0.0016854064933795598,0.0016854064933795598,False
39444,FUNCUBE 1,2018-08-15 00:00:00+00:00,623.7940479356948,4.0,1.0,-0.0012695672121481039,0.0012695672121481039,False
39444,FUNCUBE 1,2018-08-16 00:00:00+00:00,623.7924743662984,3.667,1.0,-0.0015735693964415987,0.0015735693964415987,False
39444,FUNCUBE 1,2018-08-17 00:00:00+00:00,623.7908897716993,4.0,1.0,-0.0015845945990804466,0.0015845945990804466,False
39444,FUNCUBE 1,2018-08-18 00:00:00+00:00,623.7890767822846,3.333,1.0,-0.0018129894147023151,0.0018129894147023151,False
39444,FUNCUBE 1,2018-08-19 00:00:00+00:00,623.7874732879018,2.667,1.0,-0.0016034943828344694,0.0016034943828344694,False
39444,FUNCUBE 1,2018-08-20 00:00:00+00:00,623.7854051280674,4.0,1.0,-0.0020681598343799124,0.0020681598343799124,False
39444,FUNCUBE 1,2018-08-22 00:00:00+00:00,623.7822091703902,2.333,2.0,-0.0031959576772351284,0.0015979788386175642,False
39444,FUNCUBE 1,2018-08-23 00:00:00+00:00,623.7812026571291,1.667,1.0,-0.0010065132610179717,0.0010065132610179717,False
39444,FUNCUBE 1,2018-08-24 00:00:00+00:00,623.7798952930857,2.667,1.0,-0.0013073640434413392,0.0013073640434413392,False
39444,FUNCUBE 1,2018-08-25 00:00:00+00:00,623.7785296494812,4.333,1.0,-0.0013656436044584552,0.0013656436044584552,False
39444,FUNCUBE 1,2018-08-26 00:00:00+00:00,623.7741444733447,7.333,1.0,-0.00438517613656586,0.00438517613656586,True
39444,FUNCUBE 1,2018-08-27 00:00:00+00:00,623.7724386039822,5.667,1.0,-0.001705869362467638,0.001705869362467638,True
39444,FUNCUBE 1,2018-08-28 00:00:00+00:00,623.7692647128551,3.667,1.0,-0.003173891127062234,0.003173891127062234,False
39444,FUNCUBE 1,2018-08-29 00:00:00+00:00,623.767995157451,2.333,1.0,-0.0012695554041783907,0.0012695554041783907,False
39444,FUNCUBE 1,2018-08-30 00:00:00+00:00,623.7665869912162,1.667,1.0,-0.0014081662347962265,0.0014081662347962265,False
39444,FUNCUBE 1,2018-08-31 00:00:00+00:00,623.7642447744443,2.333,1.0,-0.0023422167719218123,0.0023422167719218123,False
39444,FUNCUBE 1,2018-09-01 00:00:00+00:00,623.763046102059,2.0,1.0,-0.0011986723852714931,0.0011986723852714931,False
39444,FUNCUBE 1,2018-09-02 00:00:00+00:00,623.761786000277,2.0,1.0,-0.00126010178200886,0.00126010178200886,False
39444,FUNCUBE 1,2018-09-03 00:00:00+00:00,623.7603179823632,1.333,1.0,-0.0014680179137940286,0.0014680179137940286,False
39444,FUNCUBE 1,2018-09-04 00:00:00+00:00,623.7588105870955,3.0,1.0,-0.001507395267708489,0.001507395267708489,False
39444,FUNCUBE 1,2018-09-05 00:00:00+00:00,623.7578324344486,3.333,1.0,-0.0009781526468941593,0.0009781526468941593,False
39444,FUNCUBE 1,2018-09-06 00:00:00+00:00,623.7555012508628,2.0,1.0,-0.002331183585738472,0.002331183585738472,False
39444,FUNCUBE 1,2018-09-07 00:00:00+00:00,623.7539355786521,2.333,1.0,-0.001565672210745106,0.001565672210745106,False
39444,FUNCUBE 1,2018-09-08 00:00:00+00:00,623.7525274194832,2.333,1.0,-0.0014081591689318884,0.0014081591689318884,False
39444,FUNCUBE 1,2018-09-09 00:00:00+00:00,623.7514342852464,2.667,1.0,-0.0010931342367257457,0.0010931342367257457,False
39444,FUNCUBE 1,2018-09-10 00:00:00+00:00,623.7500040756481,5.0,1.0,-0.001430209598311194,0.001430209598311194,True
39444,FUNCUBE 1,2018-09-11 00:00:00+00:00,623.7472113887752,6.0,1.0,-0.0027926868729082344,0.0027926868729082344,True
39444,FUNCUBE 1,2018-09-12 00:00:00+00:00,623.7452629675481,4.0,1.0,-0.0019484212270981516,0.0019484212270981516,False
39444,FUNCUBE 1,2018-09-13 00:00:00+00:00,623.743612244758,4.0,1.0,-0.0016507227901456645,0.0016507227901456645,False
39444,FUNCUBE 1,2018-09-14 00:00:00+00:00,623.7414322840937,4.333,1.0,-0.0021799606643071456,0.0021799606643071456,False
39444,FUNCUBE 1,2018-09-15 00:00:00+00:00,623.7399138731798,2.667,1.0,-0.001518410913831758,0.001518410913831758,False
39444,FUNCUBE 1,2018-09-16 00:00:00+00:00,623.7383324585462,2.333,1.0,-0.0015814146336197155,0.0015814146336197155,False
39444,FUNCUBE 1,2018-09-17 00:00:00+00:00,623.7365494303667,3.333,1.0,-0.0017830281794886105,0.0017830281794886105,False
39444,FUNCUBE 1,2018-09-18 00:00:00+00:00,623.7351759324029,2.333,1.0,-0.0013734979638684308,0.0013734979638684308,False
39444,FUNCUBE 1,2018-09-19 00:00:00+00:00,623.7334732368931,2.333,1.0,-0.0017026955097207974,0.0017026955097207974,False
39444,FUNCUBE 1,2018-09-20 00:00:00+00:00,623.731994208054,0.667,1.0,-0.0014790288391850481,0.0014790288391850481,False
39444,FUNCUBE 1,2018-09-21 00:00:00+00:00,623.7299024625308,4.333,1.0,-0.0020917455231028725,0.0020917455231028725,False
39444,FUNCUBE 1,2018-09-22 00:00:00+00:00,623.728448637331,4.667,1.0,-0.0014538251998601481,0.0014538251998601481,False
39444,FUNCUBE 1,2018-09-23 00:00:00+00:00,623.7255094870143,3.333,1.0,-0.0029391503167062183,0.0029391503167062183,False
39444,FUNCUBE 1,2018-09-24 00:00:00+00:00,623.724304530766,2.333,1.0,-0.001204956248329836,0.001204956248329836,False
39444,FUNCUBE 1,2018-09-25 00:00:00+00:00,623.7227451764147,3.0,1.0,-0.0015593543512295582,0.0015593543512295582,False
39444,FUNCUBE 1,2018-09-26 00:00:00+00:00,623.7206565880069,2.667,1.0,-0.0020885884077870287,0.0020885884077870287,False
39444,FUNCUBE 1,2018-09-27 00:00:00+00:00,623.7189854033822,2.333,1.0,-0.0016711846246835194,0.0016711846246835194,False
39444,FUNCUBE 1,2018-09-28 00:00:00+00:00,623.7175662360705,3.0,1.0,-0.001419167311723868,0.001419167311723868,False
39444,FUNCUBE 1,2018-09-29 00:00:00+00:00,623.7163392319299,3.333,1.0,-0.001227004140673671,0.001227004140673671,False
39444,FUNCUBE 1,2018-09-30 00:00:00+00:00,623.71471845304,2.333,1.0,-0.0016207788899009756,0.0016207788899009756,False
39444,FUNCUBE 1,2018-10-01 00:00:00+00:00,623.7131622542124,3.667,1.0,-0.0015561988275294425,0.0015561988275294425,False
39444,FUNCUBE 1,2018-10-02 00:00:00+00:00,623.7105255387469,3.667,1.0,-0.0026367154655417835,0.0026367154655417835,False
39444,FUNCUBE 1,2018-10-03 00:00:00+00:00,623.7092827867259,2.333,1.0,-0.0012427520209712384,0.0012427520209712384,False
39444,FUNCUBE 1,2018-10-04 00:00:00+00:00,623.7078210966565,1.667,1.0,-0.0014616900693908974,0.0014616900693908974,False
39444,FUNCUBE 1,2018-10-05 00:00:00+00:00,623.706006585981,3.0,1.0,-0.0018145106755582674,0.0018145106755582674,False
39444,FUNCUBE 1,2018-10-06 00:00:00+00:00,623.7042220032945,3.0,1.0,-0.0017845826864686387,0.0017845826864686387,False
39444,FUNCUBE 1,2018-10-07 00:00:00+00:00,623.7010497647129,5.333,1.0,-0.0031722385815555754,0.0031722385815555754,True
39444,FUNCUBE 1,2018-10-08 00:00:00+00:00,623.6982870532975,4.333,1.0,-0.0027627114154711307,0.0027627114154711307,False
39444,FUNCUBE 1,2018-10-09 00:00:00+00:00,623.6966647097961,3.667,1.0,-0.0016223435013671406,0.0016223435013671406,False
39444,FUNCUBE 1,2018-10-10 00:00:00+00:00,623.6948817081447,4.667,1.0,-0.0017830016513471492,0.0017830016513471492,False
39444,FUNCUBE 1,2018-10-11 00:00:00+00:00,623.6919677944607,3.0,1.0,-0.0029139136840967694,0.0029139136840967694,False
39444,FUNCUBE 1,2018-10-12 00:00:00+00:00,623.690002085752,1.667,1.0,-0.00196570870866708,0.00196570870866708,False
39444,FUNCUBE 1,2018-10-13 00:00:00+00:00,623.6870629758441,4.333,1.0,-0.0029391099078566185,0.0029391099078566185,False
39444,FUNCUBE 1,2018-10-14 00:00:00+00:00,623.6845396909139,2.0,1.0,-0.0025232849302483373,0.0025232849302483373,False
39444,FUNCUBE 1,2018-10-15 00:00:00+00:00,623.682180216872,3.0,1.0,-0.002359474041895737,0.002359474041895737,False
39444,FUNCUBE 1,2018-10-16 00:00:00+00:00,623.6804066749082,2.0,1.0,-0.0017735419637574523,0.0017735419637574523,False
39444,FUNCUBE 1,2018-10-17 00:00:00+00:00,623.6777416388586,1.667,1.0,-0.0026650360496205394,0.0026650360496205394,False
39444,FUNCUBE 1,2018-10-18 00:00:00+00:00,623.6762768153462,0.333,1.0,-0.0014648235123786435,0.0014648235123786435,False
39444,FUNCUBE 1,2018-10-19 00:00:00+00:00,623.673517278402,0.667,1.0,-0.002759536944267893,0.002759536944267893,False
39444,FUNCUBE 1,2018-10-20 00:00:00+00:00,623.6721973639505,0.333,1.0,-0.001319914451414661,0.001319914451414661,False
39444,FUNCUBE 1,2018-10-21 00:00:00+00:00,623.6710522835592,2.0,1.0,-0.001145080391324882,0.001145080391324882,False
39444,FUNCUBE 1,2018-10-22 00:00:00+00:00,623.6688109515508,2.667,1.0,-0.0022413320084524457,0.0022413320084524457,False
39444,FUNCUBE 1,2018-10-23 00:00:00+00:00,623.6662908331537,1.0,1.0,-0.0025201183971148566,0.0025201183971148566,False
39444,FUNCUBE 1,2018-10-24 00:00:00+00:00,623.6643345928987,1.333,1.0,-0.0019562402549127,0.0019562402549127,False
39444,FUNCUBE 1,2018-10-25 00:00:00+00:00,623.6621672945039,2.0,1.0,-0.0021672983948519686,0.0021672983948519686,False
39444,FUNCUBE 1,2018-10-26 00:00:00+00:00,623.6609828414612,2.333,1.0,-0.0011844530426969868,0.0011844530426969868,False
39444,FUNCUBE 1,2018-10-27 00:00:00+00:00,623.6589541518292,1.667,1.0,-0.0020286896319703374,0.0020286896319703374,False
39444,FUNCUBE 1,2018-10-28 00:00:00+00:00,623.656531696517,1.333,1.0,-0.0024224553121712233,0.0024224553121712233,False
39444,FUNCUBE 1,2018-10-29 00:00:00+00:00,623.6546841426825,0.333,1.0,-0.0018475538345228415,0.0018475538345228415,False
39444,FUNCUBE 1,2018-10-30 00:00:00+00:00,623.653170503977,2.0,1.0,-0.0015136387055463274,0.0015136387055463274,False
39444,FUNCUBE 1,2018-10-31 00:00:00+00:00,623.6514568328685,1.667,1.0,-0.0017136711085186107,0.0017136711085186107,False
39444,FUNCUBE 1,2018-11-01 00:00:00+00:00,623.6490816360429,2.0,1.0,-0.002375196825596504,0.002375196825596504,False
39444,FUNCUBE 1,2018-11-02 00:00:00+00:00,623.6477900843593,2.667,1.0,-0.0012915516836073948,0.0012915516836073948,False
39444,FUNCUBE 1,2018-11-03 00:00:00+00:00,623.6454668675806,2.0,1.0,-0.002323216778677306,0.002323216778677306,False
39444,FUNCUBE 1,2018-11-04 00:00:00+00:00,623.6437484759736,5.333,1.0,-0.0017183916070280247,0.0017183916070280247,True
39444,FUNCUBE 1,2018-11-05 00:00:00+00:00,623.641549692321,5.667,1.0,-0.0021987836526022875,0.0021987836526022875,True
39444,FUNCUBE 1,2018-11-06 00:00:00+00:00,623.6390737001893,3.667,1.0,-0.0024759921316217515,0.0024759921316217515,False
39444,FUNCUBE 1,2018-11-07 00:00:00+00:00,623.6363142000873,3.333,1.0,-0.002759500102001766,0.002759500102001766,False
39444,FUNCUBE 1,2018-11-08 00:00:00+00:00,623.6340807710594,4.0,1.0,-0.0022334290279104607,0.0022334290279104607,False
39444,FUNCUBE 1,2018-11-09 00:00:00+00:00,623.6314756311649,4.0,1.0,-0.0026051398945128312,0.0026051398945128312,False
39444,FUNCUBE 1,2018-11-10 00:00:00+00:00,623.6297714236098,4.333,1.0,-0.001704207555121684,0.001704207555121684,False
39444,FUNCUBE 1,2018-11-11 00:00:00+00:00,623.6274875982822,3.0,1.0,-0.0022838253275949683,0.0022838253275949683,False
39444,FUNCUBE 1,2018-11-12 00:00:00+00:00,623.6260574518528,3.333,1.0,-0.0014301464293566823,0.0014301464293566823,False
39444,FUNCUBE 1,2018-11-13 00:00:00+00:00,623.6223954616453,2.0,1.0,-0.0036619902075472055,0.0036619902075472055,False
39444,FUNCUBE 1,2018-11-14 00:00:00+00:00,623.6204802032785,1.333,1.0,-0.001915258366807393,0.001915258366807393,False
39444,FUNCUBE 1,2018-11-15 00:00:00+00:00,623.618179059873,0.667,1.0,-0.002301143405475159,0.002301143405475159,False
39444,FUNCUBE 1,2018-11-16 00:00:00+00:00,623.6164118586366,1.0,1.0,-0.0017672012363618705,0.0017672012363618705,False
39444,FUNCUBE 1,2018-11-17 00:00:00+00:00,623.6143264996117,0.667,1.0,-0.0020853590249316767,0.0020853590249316767,False
39444,FUNCUBE 1,2018-11-18 00:00:00+00:00,623.6118489565433,1.0,1.0,-0.002477543068380328,0.002477543068380328,False
39444,FUNCUBE 1,2018-11-19 00:00:00+00:00,623.6096265722745,1.667,1.0,-0.002222384268861788,0.002222384268861788,False
39444,FUNCUBE 1,2018-11-20 00:00:00+00:00,623.607484516856,3.0,1.0,-0.002142055418516975,0.002142055418516975,False
39444,FUNCUBE 1,2018-11-21 00:00:00+00:00,623.6059819289594,2.667,1.0,-0.0015025878965388983,0.0015025878965388983,False
39444,FUNCUBE 1,2018-11-22 00:00:00+00:00,623.6044761919388,1.0,1.0,-0.001505737020579545,0.001505737020579545,False
39444,FUNCUBE 1,2018-11-23 00:00:00+00:00,623.6025688208906,1.0,1.0,-0.00190737104821892,0.00190737104821892,False
39444,FUNCUBE 1,2018-11-24 00:00:00+00:00,623.6000093863199,1.667,1.0,-0.002559434570684971,0.002559434570684971,False
39444,FUNCUBE 1,2018-11-25 00:00:00+00:00,623.5982295962449,1.0,1.0,-0.0017797900750338158,0.0017797900750338158,False
39444,FUNCUBE 1,2018-11-26 00:00:00+00:00,623.5967112629796,0.667,1.0,-0.0015183332652668469,0.0015183332652668469,False
39444,FUNCUBE 1,2018-11-27 00:00:00+00:00,623.5948180726373,2.333,1.0,-0.001893190342343587,0.001893190342343587,False
39444,FUNCUBE 1,2018-11-28 00:00:00+00:00,623.5928524321143,1.0,1.0,-0.0019656405229397933,0.0019656405229397933,False
39444,FUNCUBE 1,2018-11-29 00:00:00+00:00,623.5916065822362,2.0,1.0,-0.0012458498781597882,0.0012458498781597882,False
39444,FUNCUBE 1,2018-11-30 00:00:00+00:00,623.5894487902151,1.333,1.0,-0.0021577920210802404,0.0021577920210802404,False
39444,FUNCUBE 1,2018-12-01 00:00:00+00:00,623.5877446082627,3.0,1.0,-0.0017041819523910817,0.0017041819523910817,False
39444,FUNCUBE 1,2018-12-02 00:00:00+00:00,623.5858923747155,3.667,1.0,-0.0018522335471971019,0.0018522335471971019,False
39444,FUNCUBE 1,2018-12-03 00:00:00+00:00,623.5843015969017,3.0,1.0,-0.0015907778138171125,0.0015907778138171125,False
39444,FUNCUBE 1,2018-12-04 00:00:00+00:00,623.5828100466088,3.0,1.0,-0.0014915502929397917,0.0014915502929397917,False
39444,FUNCUBE 1,2018-12-05 00:00:00+00:00,623.5809263158217,2.0,1.0,-0.0018837307870853692,0.0018837307870853692,False
39444,FUNCUBE 1,2018-12-06 00:00:00+00:00,623.579187488604,2.0,1.0,-0.001738827217650396,0.001738827217650396,False
39444,FUNCUBE 1,2018-12-07 00:00:00+00:00,623.5767619522708,3.333,1.0,-0.0024255363332486013,0.0024255363332486013,False
39444,FUNCUBE 1,2018-12-08 00:00:00+00:00,623.5747112732374,3.333,1.0,-0.0020506790333456593,0.0020506790333456593,False
39444,FUNCUBE 1,2018-12-09 00:00:00+00:00,623.5720920133645,3.667,1.0,-0.0026192598729721794,0.0026192598729721794,False
39444,FUNCUBE 1,2018-12-10 00:00:00+00:00,623.5701153636373,3.0,1.0,-0.0019766497271120897,0.0019766497271120897,False
39444,FUNCUBE 1,2018-12-11 00:00:00+00:00,623.5689892252185,2.667,1.0,-0.001126138418840128,0.001126138418840128,False
39444,FUNCUBE 1,2018-12-12 00:00:00+00:00,623.5669354018701,2.0,1.0,-0.0020538233484330704,0.0020538233484330704,False
39444,FUNCUBE 1,2018-12-13 00:00:00+00:00,623.5643728497698,1.0,1.0,-0.00256255210024392,0.00256255210024392,False
39444,FUNCUBE 1,2018-12-14 00:00:00+00:00,623.5621394781169,0.667,1.0,-0.0022333716528919467,0.0022333716528919467,False
39444,FUNCUBE 1,2018-12-15 00:00:00+00:00,623.560268361337,0.333,1.0,-0.0018711167799665418,0.0018711167799665418,False
39444,FUNCUBE 1,2018-12-16 00:00:00+00:00,623.5597249817151,0.667,1.0,-0.0005433796218312636,0.0005433796218312636,False
39444,FUNCUBE 1,2018-12-17 00:00:00+00:00,623.5576790401874,2.333,1.0,-0.0020459415277400694,0.0020459415277400694,False
39444,FUNCUBE 1,2018-12-18 00:00:00+00:00,623.5555811248241,2.667,1.0,-0.0020979153632652014,0.0020979153632652014,False
39444,FUNCUBE 1,2018-12-19 00:00:00+00:00,623.5538895635464,2.0,1.0,-0.0016915612777665956,0.0016915612777665956,False
39444,FUNCUBE 1,2018-12-20 00:00:00+00:00,623.5518326012325,3.0,1.0,-0.0020569623138726456,0.0020569623138726456,False
39444,FUNCUBE 1,2018-12-21 00:00:00+00:00,623.5497787904451,2.0,1.0,-0.002053810787401744,0.002053810787401744,False
39444,FUNCUBE 1,2018-12-22 00:00:00+00:00,623.5482699334807,1.0,1.0,-0.00150885696439218,0.00150885696439218,False
39444,FUNCUBE 1,2018-12-23 00:00:00+00:00,623.5465657765908,0.667,1.0,-0.0017041568899003323,0.0017041568899003323,False
39444,FUNCUBE 1,2018-12-24 00:00:00+00:00,623.5449340709674,1.333,1.0,-0.001631705623367452,0.001631705623367452,False
39444,FUNCUBE 1,2018-12-25 00:00:00+00:00,623.5434630167865,1.667,1.0,-0.001471054180910869,0.001471054180910869,False
39444,FUNCUBE 1,2018-12-26 00:00:00+00:00,623.5419447131285,1.0,1.0,-0.0015183036580310727,0.0015183036580310727,False
39444,FUNCUBE 1,2018-12-27 00:00:00+00:00,623.5403775852938,2.333,1.0,-0.0015671278347326734,0.0015671278347326734,False
39444,FUNCUBE 1,2018-12-28 00:00:00+00:00,623.5385143580643,4.333,1.0,-0.0018632272294780705,0.0018632272294780705,False
39444,FUNCUBE 1,2018-12-29 00:00:00+00:00,623.5367598070989,3.0,1.0,-0.0017545509654155467,0.0017545509654155467,False
39444,FUNCUBE 1,2018-12-30 00:00:00+00:00,623.5348572072944,3.0,1.0,-0.0019025998044526204,0.0019025998044526204,False
39444,FUNCUBE 1,2018-12-31 00:00:00+00:00,623.533398758319,3.0,1.0,-0.001458448975427018,0.001458448975427018,False
39444,FUNCUBE 1,2019-01-01 00:00:00+00:00,623.5317576103807,2.667,1.0,-0.001641147938244103,0.001641147938244103,False
39444,FUNCUBE 1,2019-01-02 00:00:00+00:00,623.5303385379402,0.333,1.0,-0.0014190724405125366,0.0014190724405125366,False
39444,FUNCUBE 1,2019-01-03 00:00:00+00:00,623.5284012925904,1.0,1.0,-0.001937245349836303,0.001937245349836303,False
39444,FUNCUBE 1,2019-01-04 00:00:00+00:00,623.5280941684514,3.333,1.0,-0.00030712413899891544,0.00030712413899891544,False
39444,FUNCUBE 1,2019-01-05 00:00:00+00:00,623.5254812522853,5.0,1.0,-0.0026129161660719546,0.0026129161660719546,True
39444,FUNCUBE 1,2019-01-06 00:00:00+00:00,623.5240590329104,3.0,1.0,-0.0014222193749446888,0.0014222193749446888,False
39444,FUNCUBE 1,2019-01-07 00:00:00+00:00,623.5223596157316,2.333,1.0,-0.0016994171787700907,0.0016994171787700907,False
39444,FUNCUBE 1,2019-01-08 00:00:00+00:00,623.520461750657,2.333,1.0,-0.0018978650746248604,0.0018978650746248604,False
39444,FUNCUBE 1,2019-01-09 00:00:00+00:00,623.5183292133979,1.667,1.0,-0.0021325372590581537,0.0021325372590581537,False
39444,FUNCUBE 1,2019-01-10 00:00:00+00:00,623.5169337725729,1.333,1.0,-0.001395440825035621,0.001395440825035621,False
39444,FUNCUBE 1,2019-01-11 00:00:00+00:00,623.5155698323206,3.333,1.0,-0.001363940252304019,0.001363940252304019,False
39444,FUNCUBE 1,2019-01-12 00:00:00+00:00,623.5144389907755,1.0,1.0,-0.0011308415450912435,0.0011308415450912435,False
39444,FUNCUBE 1,2019-01-13 00:00:00+00:00,623.5129065280698,1.0,1.0,-0.001532462705654325,0.001532462705654325,False
39444,FUNCUBE 1,2019-01-14 00:00:00+00:00,623.5114874652036,2.667,1.0,-0.001419062866261811,0.001419062866261811,False
39444,FUNCUBE 1,2019-01-15 00:00:00+00:00,623.5094903834129,2.667,1.0,-0.001997081790705124,0.001997081790705124,False
39444,FUNCUBE 1,2019-01-16 00:00:00+00:00,623.5083374945843,2.667,1.0,-0.0011528888285283756,0.0011528888285283756,False
39444,FUNCUBE 1,2019-01-17 00:00:00+00:00,623.5069641085292,2.667,1.0,-0.0013733860550928512,0.0013733860550928512,False
39444,FUNCUBE 1,2019-01-18 00:00:00+00:00,623.5051765027006,2.0,1.0,-0.0017876058286674379,0.0017876058286674379,False
39444,FUNCUBE 1,2019-01-19 00:00:00+00:00,623.5036141203905,2.667,1.0,-0.001562382310112298,0.001562382310112298,False
39444,FUNCUBE 1,2019-01-20 00:00:00+00:00,623.5025321082235,1.667,1.0,-0.0010820121669894434,0.0010820121669894434,False
39444,FUNCUBE 1,2019-01-21 00:00:00+00:00,623.5007980544565,1.667,1.0,-0.0017340537669952027,0.0017340537669952027,False
39444,FUNCUBE 1,2019-01-22 00:00:00+00:00,623.4996199695756,2.0,1.0,-0.0011780848808484734,0.0011780848808484734,False
39444,FUNCUBE 1,2019-01-23 00:00:00+00:00,623.4976685706479,4.0,1.0,-0.0019513989277584187,0.0019513989277584187,False
39444,FUNCUBE 1,2019-01-24 00:00:00+00:00,623.4959770443666,4.333,1.0,-0.001691526281319966,0.001691526281319966,False
39444,FUNCUBE 1,2019-01-25 00:00:00+00:00,623.4939972984403,3.333,1.0,-0.0019797459262917982,0.0019797459262917982,False
39444,FUNCUBE 1,2019-01-26 00:00:00+00:00,623.492723142871,3.0,1.0,-0.0012741555692628026,0.0012741555692628026,False
39444,FUNCUBE 1,2019-01-27 00:00:00+00:00,623.4916238101096,2.0,1.0,-0.0010993327614414738,0.0010993327614414738,False
39444,FUNCUBE 1,2019-01-28 00:00:00+00:00,623.4900897848875,0.667,1.0,-0.0015340252220994444,0.0015340252220994444,False
39444,FUNCUBE 1,2019-01-29 00:00:00+00:00,623.4884659871427,1.667,1.0,-0.0016237977447417506,0.0016237977447417506,False
40697,SENTINEL 2A,2017-12-02 00:00:00+00:00,788.9948599915424,2.333,,,,False
40697,SENTINEL 2A,2017-12-03 00:00:00+00:00,789.000904326148,0.667,1.0,0.006044334605576296,-0.006044334605576296,False
40697,SENTINEL 2A,2017-12-04 00:00:00+00:00,789.0066414466955,4.0,1.0,0.0057371205475647,-0.0057371205475647,False
40697,SENTINEL 2A,2017-12-05 00:00:00+00:00,789.009853972062,5.0,1.0,0.0032125253665071796,-0.0032125253665071796,True
40697,SENTINEL 2A,2017-12-06 00:00:00+00:00,789.0114068052599,4.0,1.0,0.0015528331978202914,-0.0015528331978202914,False
40697,SENTINEL 2A,2017-12-07 00:00:00+00:00,789.0110828808465,3.333,1.0,-0.00032392441335105104,0.00032392441335105104,False
40697,SENTINEL 2A,2017-12-08 00:00:00+00:00,789.0080139492993,2.0,1.0,-0.0030689315472045564,0.0030689315472045564,False
40697,SENTINEL 2A,2017-12-09 00:00:00+00:00,789.0045075570943,1.667,1.0,-0.0035063922050539986,0.0035063922050539986,False
40697,SENTINEL 2A,2017-12-10 00:00:00+00:00,789.0011781581834,1.333,1.0,-0.0033293989108642563,0.0033293989108642563,False
40697,SENTINEL 2A,2017-12-11 00:00:00+00:00,788.9980324307694,3.333,1.0,-0.0031457274139938818,0.0031457274139938818,False
40697,SENTINEL 2A,2017-12-12 00:00:00+00:00,788.9980574763581,4.0,1.0,2.504558869986795e-05,-2.504558869986795e-05,False
40697,SENTINEL 2A,2017-12-13 00:00:00+00:00,788.9981125766462,2.667,1.0,5.5100288136600284e-05,-5.5100288136600284e-05,False
40697,SENTINEL 2A,2017-12-14 00:00:00+00:00,788.9977752960908,2.667,1.0,-0.00033728055541359936,0.00033728055541359936,False
40697,SENTINEL 2A,2017-12-15 00:00:00+00:00,788.9972710450347,1.333,1.0,-0.0005042510560997471,0.0005042510560997471,False
40697,SENTINEL 2A,2017-12-16 00:00:00+00:00,788.9971474868416,2.0,1.0,-0.0001235581930814078,0.0001235581930814078,False
40697,SENTINEL 2A,2017-12-17 00:00:00+00:00,788.9970005527821,4.667,1.0,-0.00014693405955767957,0.00014693405955767957,False
40697,SENTINEL 2A,2017-12-18 00:00:00+00:00,788.9964094772104,4.333,1.0,-0.000591075571719557,0.000591075571719557,False
40697,SENTINEL 2A,2017-12-19 00:00:00+00:00,788.9959953904417,2.333,1.0,-0.0004140867686146521,0.0004140867686146521,False
40697,SENTINEL 2A,2017-12-20 00:00:00+00:00,788.9956514313153,2.0,1.0,-0.0003439591264395858,0.0003439591264395858,False
40697,SENTINEL 2A,2017-12-21 00:00:00+00:00,788.9950419892839,1.0,1.0,-0.000609442031418439,0.000609442031418439,False
40697,SENTINEL 2A,2017-12-22 00:00:00+00:00,788.9943924744794,1.0,1.0,-0.0006495148045360111,0.0006495148045360111,False
40697,SENTINEL 2A,2017-12-23 00:00:00+00:00,788.9941720736051,2.667,1.0,-0.0002204008742410224,0.0002204008742410224,False
40697,SENTINEL 2A,2017-12-24 00:00:00+00:00,788.9941052854638,3.333,1.0,-6.678814133920241e-05,6.678814133920241e-05,False
40697,SENTINEL 2A,2017-12-25 00:00:00+00:00,788.9935576227717,3.0,1.0,-0.0005476626920426497,0.0005476626920426497,False
40697,SENTINEL 2A,2017-12-26 00:00:00+00:00,788.9933873130522,3.667,1.0,-0.00017030971957865404,0.00017030971957865404,False
40697,SENTINEL 2A,2017-12-27 00:00:00+00:00,788.9930299966163,2.667,1.0,-0.00035731643583858386,0.00035731643583858386,False
40697,SENTINEL 2A,2017-12-28 00:00:00+00:00,788.9922519151878,1.667,1.0,-0.0007780814285069937,0.0007780814285069937,False
40697,SENTINEL 2A,2017-12-29 00:00:00+00:00,788.9917677015283,2.333,1.0,-0.0004842136595470947,0.0004842136595470947,False
40697,SENTINEL 2A,2017-12-30 00:00:00+00:00,788.9914471187376,1.667,1.0,-0.00032058279066404793,0.00032058279066404793,False
40697,SENTINEL 2A,2017-12-31 00:00:00+00:00,788.990765880425,2.0,1.0,-0.0006812383126089117,0.0006812383126089117,False
40697,SENTINEL 2A,2018-01-01 00:00:00+00:00,788.9904686735645,3.667,1.0,-0.00029720686052314704,0.00029720686052314704,False
40697,SENTINEL 2A,2018-01-02 00:00:00+00:00,788.9903484550678,2.0,1.0,-0.00012021849670418305,0.00012021849670418305,False
40697,SENTINEL 2A,2018-01-03 00:00:00+00:00,788.9898976357508,1.0,1.0,-0.0004508193169385777,0.0004508193169385777,False
40697,SENTINEL 2A,2018-01-04 00:00:00+00:00,788.9896004289812,1.333,1.0,-0.00029720676957367687,0.00029720676957367687,False
40697,SENTINEL 2A,2018-01-05 00:00:00+00:00,788.9891061975677,2.0,1.0,-0.0004942314135405468,0.0004942314135405468,False
40697,SENTINEL 2A,2018-01-06 00:00:00+00:00,788.9885518570272,1.333,1.0,-0.0005543405404750956,0.0005543405404750956,False
40697,SENTINEL 2A,2018-01-07 00:00:00+00:00,788.9877704374139,1.0,1.0,-0.0007814196133040241,0.0007814196133040241,False
40697,SENTINEL 2A,2018-01-08 00:00:00+00:00,788.987302921506,3.667,1.0,-0.00046751590798521647,0.00046751590798521647,False
40697,SENTINEL 2A,2018-01-09 00:00:00+00:00,788.9874799096624,3.667,1.0,0.00017698815645417199,-0.00017698815645417199,False
40697,SENTINEL 2A,2018-01-10 00:00:00+00:00,788.986808690488,1.667,1.0,-0.0006712191743645235,0.0006712191743645235,False
40697,SENTINEL 2A,2018-01-11 00:00:00+00:00,788.9878288769219,1.0,1.0,0.0010201864338341693,-0.0010201864338341693,False
40697,SENTINEL 2A,2018-01-12 00:00:00+00:00,788.9929665479085,1.333,1.0,0.005137670986641751,-0.005137670986641751,False
40697,SENTINEL 2A,2018-01-13 00:00:00+00:00,789.0018660778023,3.0,1.0,0.008899529893824365,-0.008899529893824365,False
40697,SENTINEL 2A,2018-01-14 00:00:00+00:00,789.0101244655261,4.667,1.0,0.008258387723799387,-0.008258387723799387,False
40697,SENTINEL 2A,2018-01-15 00:00:00+00:00,789.0168400583634,3.667,1.0,0.006715592837281292,-0.006715592837281292,False
40697,SENTINEL 2A,2018-01-16 00:00:00+00:00,789.0218692495764,2.0,1.0,0.00502919121299783,-0.00502919121299783,False
40697,SENTINEL 2A,2018-01-17 00:00:00+00:00,789.0239263449375,0.667,1.0,0.002057095361124084,-0.002057095361124084,False
40697,SENTINEL 2A,2018-01-18 00:00:00+00:00,789.0231883284132,0.333,1.0,-0.0007380165243375814,0.0007380165243375814,False
40697,SENTINEL 2A,2018-01-19 00:00:00+00:00,789.0208039686295,2.667,1.0,-0.002384359783718537,0.002384359783718537,False
40697,SENTINEL 2A,2018-01-20 00:00:00+00:00,789.0152204335891,3.0,1.0,-0.005583535040386778,0.005583535040386778,False
40697,SENTINEL 2A,2018-01-21 00:00:00+00:00,789.0114468783877,3.0,1.0,-0.003773555201405543,0.003773555201405543,False
40697,SENTINEL 2A,2018-01-22 00:00:00+00:00,789.0096402488489,3.333,1.0,-0.0018066295388052822,0.0018066295388052822,False
40697,SENTINEL 2A,2018-01-23 00:00:00+00:00,789.0085048445462,2.0,1.0,-0.0011354043026585714,0.0011354043026585714,False
40697,SENTINEL 2A,2018-01-24 00:00:00+00:00,789.0077100618018,4.0,1.0,-0.0007947827443786082,0.0007947827443786082,False
40697,SENTINEL 2A,2018-01-25 00:00:00+00:00,789.0074996781705,3.0,1.0,-0.00021038363138359273,0.00021038363138359273,False
40697,SENTINEL 2A,2018-01-26 00:00:00+00:00,789.0075247238415,3.0,1.0,2.504567100913846e-05,-2.504567100913846e-05,False
40697,SENTINEL 2A,2018-01-27 00:00:00+00:00,789.0070521955795,2.667,1.0,-0.0004725282619801874,0.0004725282619801874,False
40697,SENTINEL 2A,2018-01-28 00:00:00+00:00,789.0068701970845,1.667,1.0,-0.00018199849500888376,0.00018199849500888376,False
40697,SENTINEL 2A,2018-01-29 00:00:00+00:00,789.007118984021,1.0,1.0,0.00024878693648133776,-0.00024878693648133776,False
40697,SENTINEL 2A,2018-01-30 00:00:00+00:00,789.0070354984691,2.333,1.0,-8.34855518405675e-05,8.34855518405675e-05,False
40697,SENTINEL 2A,2018-01-31 00:00:00+00:00,789.006754987031,2.667,1.0,-0.00028051143817720003,0.00028051143817720003,False
40697,SENTINEL 2A,2018-02-01 00:00:00+00:00,789.0068752062152,2.667,1.0,0.0001202191842821776,-0.0001202191842821776,False
40697,SENTINEL 2A,2018-02-02 00:00:00+00:00,789.0063943295081,2.0,1.0,-0.0004808767071153852,0.0004808767071153852,False
40697,SENTINEL 2A,2018-02-03 00:00:00+00:00,789.0054359157557,1.667,1.0,-0.0009584137524143443,0.0009584137524143443,False
40697,SENTINEL 2A,2018-02-04 00:00:00+00:00,789.0052221928718,2.333,1.0,-0.00021372288392740302,0.00021372288392740302,False
40697,SENTINEL 2A,2018-02-05 00:00:00+00:00,789.0048581961219,3.0,1.0,-0.00036399674991116626,0.00036399674991116626,False
40697,SENTINEL 2A,2018-02-06 00:00:00+00:00,789.0040968085741,2.333,1.0,-0.0007613875477545662,0.0007613875477545662,False
40697,SENTINEL 2A,2018-02-07 00:00:00+00:00,789.0034923738667,1.667,1.0,-0.0006044347073839162,0.0006044347073839162,False
40697,SENTINEL 2A,2018-02-08 00:00:00+00:00,789.0035558228083,1.333,1.0,6.344894154608482e-05,-6.344894154608482e-05,False
40697,SENTINEL 2A,2018-02-09 00:00:00+00:00,789.0029380305468,2.667,1.0,-0.0006177922614369891,0.0006177922614369891,False
40697,SENTINEL 2A,2018-02-10 00:00:00+00:00,789.002834508613,2.333,1.0,-0.00010352193385188002,0.00010352193385188002,False
40697,SENTINEL 2A,2018-02-11 00:00:00+00:00,789.0029680853022,0.667,1.0,0.00013357668922253652,-0.00013357668922253652,False
40697,SENTINEL 2A,2018-02-12 00:00:00+00:00,789.0026274647571,1.667,1.0,-0.00034062054510286544,0.00034062054510286544,False
40697,SENTINEL 2A,2018-02-13 00:00:00+00:00,789.0021332310962,0.667,1.0,-0.0004942336609019549,0.0004942336609019549,False
40697,SENTINEL 2A,2018-02-14 00:00:00+00:00,789.0021933405906,1.333,1.0,6.0109494370408356e-05,-6.0109494370408356e-05,False
40697,SENTINEL 2A,2018-02-15 00:00:00+00:00,789.0022835048348,4.667,1.0,9.016424428409664e-05,-9.016424428409664e-05,False
40697,SENTINEL 2A,2018-02-16 00:00:00+00:00,789.0016556945993,2.333,1.0,-0.000627810235528159,0.000627810235528159,False
40697,SENTINEL 2A,2018-02-17 00:00:00+00:00,789.0011547822769,3.667,1.0,-0.0005009123224226641,0.0005009123224226641,False
40697,SENTINEL 2A,2018-02-18 00:00:00+00:00,789.0011080304648,4.0,1.0,-4.675181207858259e-05,4.675181207858259e-05,False
40697,SENTINEL 2A,2018-02-19 00:00:00+00:00,789.000303231528,4.0,1.0,-0.0008047989367696573,0.0008047989367696573,False
40697,SENTINEL 2A,2018-02-20 00:00:00+00:00,788.9996052940442,2.667,1.0,-0.0006979374838920194,0.0006979374838920194,False
40697,SENTINEL 2A,2018-02-21 00:00:00+00:00,788.9993698654102,2.0,1.0,-0.00023542863391412538,0.00023542863391412538,False
40697,SENTINEL 2A,2018-02-22 00:00:00+00:00,788.9985867731411,3.667,1.0,-0.0007830922691027808,0.0007830922691027808,False
40697,SENTINEL 2A,2018-02-23 00:00:00+00:00,788.9974814279153,4.333,1.0,-0.0011053452258238394,0.0011053452258238394,False
40697,SENTINEL 2A,2018-02-24 00:00:00+00:00,788.997481427914,3.333,1.0,-1.3642420526593924e-12,1.3642420526593924e-12,False
40697,SENTINEL 2A,2018-02-25 00:00:00+00:00,788.9976116649423,2.0,1.0,0.00013023702831560513,-0.00013023702831560513,False
40697,SENTINEL 2A,2018-02-26 00:00:00+00:00,788.9970940562744,3.0,1.0,-0.0005176086679057335,0.0005176086679057335,False
40697,SENTINEL 2A,2018-02-27 00:00:00+00:00,788.9969070492944,5.333,1.0,-0.00018700698001339333,0.00018700698001339333,True
40697,SENTINEL 2A,2018-02-28 00:00:00+00:00,788.9969471222166,2.333,1.0,4.007292227470316e-05,-4.007292227470316e-05,False
40697,SENTINEL 2A,2018-03-01 00:00:00+00:00,788.9967734728871,2.667,1.0,-0.00017364932955388213,0.00017364932955388213,False
40697,SENTINEL 2A,2018-03-02 00:00:00+00:00,788.9968836734224,2.667,1.0,0.00011020053534593899,-0.00011020053534593899,False
40697,SENTINEL 2A,2018-03-03 00:00:00+00:00,788.9970139104244,2.667,1.0,0.00013023700194025878,-0.00013023700194025878,False
40697,SENTINEL 2A,2018-03-04 00:00:00+00:00,788.9965998235666,2.667,1.0,-0.0004140868577451329,0.0004140868577451329,False
40697,SENTINEL 2A,2018-03-05 00:00:00+00:00,788.9956814859943,1.333,1.0,-0.0009183375723296194,0.0009183375723296194,False
40697,SENTINEL 2A,2018-03-06 00:00:00+00:00,788.9951037683277,2.0,1.0,-0.0005777176666015293,0.0005777176666015293,False
40697,SENTINEL 2A,2018-03-07 00:00:00+00:00,788.9947598093077,2.667,1.0,-0.0003439590200287057,0.0003439590200287057,False
40697,SENTINEL 2A,2018-03-08 00:00:00+00:00,788.9940819096155,1.667,1.0,-0.0006778996921639191,0.0006778996921639191,False
40697,SENTINEL 2A,2018-03-09 00:00:00+00:00,788.9936511261503,4.333,1.0,-0.0004307834651626763,0.0004307834651626763,False
40697,SENTINEL 2A,2018-03-10 00:00:00+00:00,788.9937546477531,4.0,1.0,0.00010352160279580858,-0.00010352160279580858,False
40697,SENTINEL 2A,2018-03-11 00:00:00+00:00,788.9931401970089,2.333,1.0,-0.0006144507442513714,0.0006144507442513714,False
40697,SENTINEL 2A,2018-03-12 00:00:00+00:00,788.9928663657411,1.0,1.0,-0.0002738312678047805,0.0002738312678047805,False
40697,SENTINEL 2A,2018-03-13 00:00:00+00:00,788.9931568940383,1.0,1.0,0.00029052829722786555,-0.00029052829722786555,False
40697,SENTINEL 2A,2018-03-14 00:00:00+00:00,788.993016638995,4.0,1.0,-0.0001402550433340366,0.0001402550433340366,False
40697,SENTINEL 2A,2018-03-15 00:00:00+00:00,788.9935275681146,4.0,1.0,0.0005109291196276899,-0.0005109291196276899,False
40697,SENTINEL 2A,2018-03-16 00:00:00+00:00,788.9973979426422,4.333,1.0,0.0038703745276507107,-0.0038703745276507107,False
40697,SENTINEL 2A,2018-03-17 00:00:00+00:00,789.0053958427134,4.333,1.0,0.00799790007113188,-0.00799790007113188,False
40697,SENTINEL 2A,2018-03-18 00:00:00+00:00,789.0118943616635,6.0,1.0,0.006498518950138532,-0.006498518950138532,True
40697,SENTINEL 2A,2018-03-19 00:00:00+00:00,789.0173927346787,4.333,1.0,0.005498373015143443,-0.005498373015143443,False
40697,SENTINEL 2A,2018-03-20 00:00:00+00:00,789.0213683337215,3.0,1.0,0.003975599042860267,-0.003975599042860267,False
40697,SENTINEL 2A,2018-03-21 00:00:00+00:00,789.0229612464427,2.0,1.0,0.00159291272120754,-0.00159291272120754,False
40697,SENTINEL 2A,2018-03-22 00:00:00+00:00,789.0220429004266,3.0,1.0,-0.0009183460160784307,0.0009183460160784307,False
40697,SENTINEL 2A,2018-03-23 00:00:00+00:00,789.0200559345958,4.0,1.0,-0.0019869658308380167,0.0019869658308380167,False
40697,SENTINEL 2A,2018-03-24 00:00:00+00:00,789.0158749622542,2.667,1.0,-0.004180972341600864,0.004180972341600864,False
40697,SENTINEL 2A,2018-03-25 00:00:00+00:00,789.0119511319353,4.0,1.0,-0.003923830318854016,0.003923830318854016,False
40697,SENTINEL 2A,2018-03-26 00:00:00+00:00,789.0100343010354,3.0,1.0,-0.0019168308999724104,0.0019168308999724104,False
40697,SENTINEL 2A,2018-03-27 00:00:00+00:00,789.0100176039077,3.0,1.0,-1.6697127648512833e-05,1.6697127648512833e-05,False
40697,SENTINEL 2A,2018-03-28 00:00:00+00:00,789.0094064891027,0.667,1.0,-0.0006111148049967596,0.0006111148049967596,False
40697,SENTINEL 2A,2018-03-29 00:00:00+00:00,789.0094198468023,1.667,1.0,1.3357699572225101e-05,-1.3357699572225101e-05,False
40697,SENTINEL 2A,2018-03-30 00:00:00+00:00,789.0096168728733,2.333,1.0,0.000197026070964057,-0.000197026070964057,False
40697,SENTINEL 2A,2018-03-31 00:00:00+00:00,789.0095567632234,2.667,1.0,-6.010964989400236e-05,6.010964989400236e-05,False
40697,SENTINEL 2A,2018-04-01 00:00:00+00:00,789.0091927659232,1.333,1.0,-0.00036399730015546083,0.00036399730015546083,False
40697,SENTINEL 2A,2018-04-02 00:00:00+00:00,789.0091526928281,1.667,1.0,-4.00730950786965e-05,4.00730950786965e-05,False
40697,SENTINEL 2A,2018-04-03 00:00:00+00:00,789.0085182022412,2.0,1.0,-0.0006344905868900241,0.0006344905868900241,False
40697,SENTINEL 2A,2018-04-04 00:00:00+00:00,789.007783529104,1.667,1.0,-0.0007346731372308568,0.0007346731372308568,False
40697,SENTINEL 2A,2018-04-05 00:00:00+00:00,789.006903591302,3.0,1.0,-0.0008799378019830328,0.0008799378019830328,False
40697,SENTINEL 2A,2018-04-06 00:00:00+00:00,789.0068284543104,1.667,1.0,-7.513699165428989e-05,7.513699165428989e-05,False
40697,SENTINEL 2A,2018-04-07 00:00:00+00:00,789.0061371940792,2.0,1.0,-0.0006912602311786031,0.0006912602311786031,False
40697,SENTINEL 2A,2018-04-08 00:00:00+00:00,789.0057030693815,2.333,1.0,-0.00043412469767645234,0.00043412469767645234,False
40697,SENTINEL 2A,2018-04-09 00:00:00+00:00,789.0062373767114,4.333,1.0,0.0005343073298718082,-0.0005343073298718082,False
40697,SENTINEL 2A,2018-04-10 00:00:00+00:00,789.0056763540188,4.0,1.0,-0.0005610226926364703,0.0005610226926364703,False
40697,SENTINEL 2A,2018-04-11 00:00:00+00:00,789.0054125398137,4.333,1.0,-0.0002638142050273018,0.0002638142050273018,False
40697,SENTINEL 2A,2018-04-12 00:00:00+00:00,789.0051637530228,3.0,1.0,-0.0002487867909621855,0.0002487867909621855,False
40697,SENTINEL 2A,2018-04-13 00:00:00+00:00,789.0049516998697,3.667,1.0,-0.00021205315306360717,0.00021205315306360717,False
40697,SENTINEL 2A,2018-04-14 00:00:00+00:00,789.0042103488095,2.0,1.0,-0.0007413510602418683,0.0007413510602418683,False
40697,SENTINEL 2A,2018-04-15 00:00:00+00:00,789.0040567355518,2.333,1.0,-0.0001536132576802629,0.0001536132576802629,False
40697,SENTINEL 2A,2018-04-16 00:00:00+00:00,789.0041068268301,1.0,1.0,5.0091278353647795e-05,-5.0091278353647795e-05,False
40697,SENTINEL 2A,2018-04-17 00:00:00+00:00,789.0033754942424,1.0,1.0,-0.0007313325877476018,0.0007313325877476018,False
40697,SENTINEL 2A,2018-04-18 00:00:00+00:00,789.0023369354994,2.0,1.0,-0.0010385587429482257,0.0010385587429482257,False
40697,SENTINEL 2A,2018-04-19 00:00:00+00:00,789.0026641983432,1.0,1.0,0.00032726284371165093,-0.00032726284371165093,False
40697,SENTINEL 2A,2018-04-20 00:00:00+00:00,789.0031884868531,6.0,1.0,0.0005242885099505656,-0.0005242885099505656,True
40697,SENTINEL 2A,2018-04-21 00:00:00+00:00,789.0038997828824,3.333,1.0,0.0007112960292943171,-0.0007112960292943171,False
40697,SENTINEL 2A,2018-04-22 00:00:00+00:00,789.0050418642004,1.667,1.0,0.0011420813179938705,-0.0011420813179938705,False
40697,SENTINEL 2A,2018-04-23 00:00:00+00:00,789.0055160618413,3.0,1.0,0.00047419764086953364,-0.00047419764086953364,False
40697,SENTINEL 2A,2018-04-24 00:00:00+00:00,789.0053591090918,2.0,1.0,-0.00015695274942117976,0.00015695274942117976,False
40697,SENTINEL 2A,2018-04-25 00:00:00+00:00,789.0050452036203,2.0,1.0,-0.00031390547155751847,0.00031390547155751847,False
40697,SENTINEL 2A,2018-04-26 00:00:00+00:00,789.0047346376023,1.667,1.0,-0.0003105660180153791,0.0003105660180153791,False
40697,SENTINEL 2A,2018-04-27 00:00:00+00:00,789.0045008782563,2.667,1.0,-0.0002337593459742493,0.0002337593459742493,False
40697,SENTINEL 2A,2018-04-28 00:00:00+00:00,789.0032652934588,1.667,1.0,-0.001235584797541378,0.001235584797541378,False
40697,SENTINEL 2A,2018-04-29 00:00:00+00:00,789.0026808954271,1.333,1.0,-0.000584398031605815,0.000584398031605815,False
40697,SENTINEL 2A,2018-04-30 00:00:00+00:00,789.0024805304156,2.333,1.0,-0.00020036501155118458,0.00020036501155118458,False
40697,SENTINEL 2A,2018-05-01 00:00:00+00:00,789.0021365705124,1.0,1.0,-0.00034395990314806113,0.00034395990314806113,False
40697,SENTINEL 2A,2018-05-02 00:00:00+00:00,789.0022334135883,2.0,1.0,9.684307588031515e-05,-9.684307588031515e-05,False
40697,SENTINEL 2A,2018-05-03 00:00:00+00:00,789.001575548622,1.333,1.0,-0.0006578649663424585,0.0006578649663424585,False
40697,SENTINEL 2A,2018-05-04 00:00:00+00:00,789.0006705671149,1.333,1.0,-0.0009049815071193734,0.0009049815071193734,False
40697,SENTINEL 2A,2018-05-05 00:00:00+00:00,789.0004000745421,5.667,1.0,-0.0002704925727812224,0.0002704925727812224,True
40697,SENTINEL 2A,2018-05-06 00:00:00+00:00,789.000096187855,5.667,1.0,-0.0003038866871065693,0.0003038866871065693,True
40697,SENTINEL 2A,2018-05-07 00:00:00+00:00,788.9996386881794,4.0,1.0,-0.0004574996755764005,0.0004574996755764005,False
40697,SENTINEL 2A,2018-05-08 00:00:00+00:00,788.9992145827046,3.667,1.0,-0.0004241054748490569,0.0004241054748490569,False
40697,SENTINEL 2A,2018-05-09 00:00:00+00:00,788.9992646738992,4.0,1.0,5.009119468013523e-05,-5.009119468013523e-05,False
40697,SENTINEL 2A,2018-05-10 00:00:00+00:00,788.9988004955294,3.333,1.0,-0.000464178369838919,0.000464178369838919,False
40697,SENTINEL 2A,2018-05-11 00:00:00+00:00,788.9985617275497,3.667,1.0,-0.0002387679796811426,0.0002387679796811426,False
40697,SENTINEL 2A,2018-05-12 00:00:00+00:00,788.9985166454853,3.667,1.0,-4.508206438913476e-05,4.508206438913476e-05,False
40697,SENTINEL 2A,2018-05-13 00:00:00+00:00,788.9980658248842,2.333,1.0,-0.0004508206011450966,0.0004508206011450966,False
40697,SENTINEL 2A,2018-05-14 00:00:00+00:00,788.9972810632662,2.0,1.0,-0.000784761617978802,0.000784761617978802,False
40697,SENTINEL 2A,2018-05-15 00:00:00+00:00,788.9972109356431,1.333,1.0,-7.012762307567755e-05,7.012762307567755e-05,False
40697,SENTINEL 2A,2018-05-16 00:00:00+00:00,788.9970556530538,1.333,1.0,-0.00015528258927588467,0.00015528258927588467,False
40697,SENTINEL 2A,2018-05-17 00:00:00+00:00,788.9964462107173,3.0,1.0,-0.0006094423365539114,0.0006094423365539114,False
40697,SENTINEL 2A,2018-05-18 00:00:00+00:00,788.9960788756716,1.667,1.0,-0.0003673350456665503,0.0003673350456665503,False
40697,SENTINEL 2A,2018-05-19 00:00:00+00:00,788.9956814859943,1.0,1.0,-0.00039738967734592734,0.00039738967734592734,False
40697,SENTINEL 2A,2018-05-20 00:00:00+00:00,788.9952807569643,1.0,1.0,-0.0004007290299341548,0.0004007290299341548,False
40697,SENTINEL 2A,2018-05-21 00:00:00+00:00,788.9948933856203,1.0,1.0,-0.00038737134400435025,0.00038737134400435025,False
40697,SENTINEL 2A,2018-05-22 00:00:00+00:00,788.9945160325524,2.0,1.0,-0.00037735306796093937,0.00037735306796093937,False
40697,SENTINEL 2A,2018-05-23 00:00:00+00:00,788.9940318185118,3.333,1.0,-0.00048421404062537476,0.00048421404062537476,False
40697,SENTINEL 2A,2018-05-24 00:00:00+00:00,788.9935509439583,1.333,1.0,-0.0004808745534319314,0.0004808745534319314,False
40697,SENTINEL 2A,2018-05-25 00:00:00+00:00,788.9935242287074,1.333,1.0,-2.6715250896813814e-05,2.6715250896813814e-05,False
40697,SENTINEL 2A,2018-05-26 00:00:00+00:00,788.9935409257396,1.333,1.0,1.6697032151569147e-05,-1.6697032151569147e-05,False
40697,SENTINEL 2A,2018-05-27 00:00:00+00:00,788.9933138461183,1.333,1.0,-0.00022707962125423364,0.00022707962125423364,False
40697,SENTINEL 2A,2018-05-28 00:00:00+00:00,788.99310680295,1.667,1.0,-0.00020704316830233438,0.00020704316830233438,False
40697,SENTINEL 2A,2018-05-29 00:00:00+00:00,788.9934156980053,1.667,1.0,0.0003088950552410097,-0.0003088950552410097,False
40697,SENTINEL 2A,2018-05-30 00:00:00+00:00,788.9933105067121,1.667,1.0,-0.0001051912931870902,0.0001051912931870902,False
40697,SENTINEL 2A,2018-05-31 00:00:00+00:00,788.9930517027542,4.333,1.0,-0.00025880395787680754,0.00025880395787680754,False
40697,SENTINEL 2A,2018-06-01 00:00:00+00:00,788.9930266572119,4.667,1.0,-2.504554231563816e-05,2.504554231563816e-05,False
40697,SENTINEL 2A,2018-06-02 00:00:00+00:00,788.9921717694724,4.0,1.0,-0.0008548877394787269,0.0008548877394787269,False
40697,SENTINEL 2A,2018-06-03 00:00:00+00:00,788.991280148547,2.667,1.0,-0.0008916209253584384,0.0008916209253584384,False
40697,SENTINEL 2A,2018-06-04 00:00:00+00:00,788.9907291469908,1.333,1.0,-0.0005510015562322224,0.0005510015562322224,False
40697,SENTINEL 2A,2018-06-05 00:00:00+00:00,788.9902716488086,1.667,1.0,-0.00045749818218610017,0.00045749818218610017,False
40697,SENTINEL 2A,2018-06-06 00:00:00+00:00,788.9895169439387,3.667,1.0,-0.0007547048699052539,0.0007547048699052539,False
40697,SENTINEL 2A,2018-06-07 00:00:00+00:00,788.9891629673875,2.667,1.0,-0.00035397655119595584,0.00035397655119595584,False
40697,SENTINEL 2A,2018-06-08 00:00:00+00:00,788.9890694641545,2.0,1.0,-9.350323307444341e-05,9.350323307444341e-05,False
40697,SENTINEL 2A,2018-06-09 00:00:00+00:00,788.989006015534,1.333,1.0,-6.34486204944551e-05,6.34486204944551e-05,False
40697,SENTINEL 2A,2018-06-10 00:00:00+00:00,788.9888774485967,1.0,1.0,-0.00012856693729190738,0.00012856693729190738,False
40697,SENTINEL 2A,2018-06-11 00:00:00+00:00,788.9890227125388,1.333,1.0,0.00014526394215863547,-0.00014526394215863547,False
40697,SENTINEL 2A,2018-06-12 00:00:00+00:00,788.9888390454853,1.667,1.0,-0.00018366705353400903,0.00018366705353400903,False
40697,SENTINEL 2A,2018-06-13 00:00:00+00:00,788.9882179169954,2.0,1.0,-0.000621128489910916,0.000621128489910916,False
40697,SENTINEL 2A,2018-06-14 00:00:00+00:00,788.9896071077846,1.333,1.0,0.0013891907892684685,-0.0013891907892684685,False
40697,SENTINEL 2A,2018-06-15 00:00:00+00:00,788.9950553469298,1.0,1.0,0.005448239145152911,-0.005448239145152911,False
40697,SENTINEL 2A,2018-06-16 00:00:00+00:00,788.9991177397305,0.667,1.0,0.004062392800733505,-0.004062392800733505,False
40697,SENTINEL 2A,2018-06-17 00:00:00+00:00,789.0057531608468,1.667,1.0,0.0066354211162433785,-0.0066354211162433785,False
40697,SENTINEL 2A,2018-06-18 00:00:00+00:00,789.0104016378673,4.0,1.0,0.004648477020509745,-0.004648477020509745,False
40697,SENTINEL 2A,2018-06-19 00:00:00+00:00,789.0138779824074,2.333,1.0,0.003476344540104037,-0.003476344540104037,False
40697,SENTINEL 2A,2018-06-20 00:00:00+00:00,789.0150868563287,2.333,1.0,0.0012088739213140798,-0.0012088739213140798,False
40697,SENTINEL 2A,2018-06-21 00:00:00+00:00,789.0151603238228,1.0,1.0,7.346749407588504e-05,-7.346749407588504e-05,False
40697,SENTINEL 2A,2018-06-22 00:00:00+00:00,789.0123284872998,1.333,1.0,-0.002831836523000675,0.002831836523000675,False
40697,SENTINEL 2A,2018-06-23 00:00:00+00:00,789.0089356302433,4.0,1.0,-0.003392857056496723,0.003392857056496723,False
40697,SENTINEL 2A,2018-06-24 00:00:00+00:00,789.0055360983624,2.667,1.0,-0.0033995318808592856,0.0033995318808592856,False
40697,SENTINEL 2A,2018-06-25 00:00:00+00:00,789.0041368815982,5.0,1.0,-0.00139921676418453,0.00139921676418453,True
40697,SENTINEL 2A,2018-06-26 00:00:00+00:00,789.0035825381519,4.667,1.0,-0.0005543434463106678,0.0005543434463106678,False
40697,SENTINEL 2A,2018-06-27 00:00:00+00:00,789.0035023921209,2.667,1.0,-8.014603099582018e-05,8.014603099582018e-05,False
40697,SENTINEL 2A,2018-06-28 00:00:00+00:00,789.0037862426598,1.667,1.0,0.00028385053883539513,-0.00028385053883539513,False
40697,SENTINEL 2A,2018-06-29 00:00:00+00:00,789.0035023921209,1.333,1.0,-0.00028385053883539513,0.00028385053883539513,False
40697,SENTINEL 2A,2018-06-30 00:00:00+00:00,789.0030448919006,1.0,1.0,-0.00045750022036372684,0.00045750022036372684,False
40697,SENTINEL 2A,2018-07-01 00:00:00+00:00,789.0029079757905,0.667,1.0,-0.00013691611002286663,0.00013691611002286663,False
40697,SENTINEL 2A,2018-07-02 00:00:00+00:00,789.0021866617572,1.0,1.0,-0.0007213140333988122,0.0007213140333988122,False
40697,SENTINEL 2A,2018-07-03 00:00:00+00:00,789.0014636782016,1.667,1.0,-0.000722983555533574,0.000722983555533574,False
40697,SENTINEL 2A,2018-07-04 00:00:00+00:00,789.0010445815778,1.333,1.0,-0.0004190966237729299,0.0004190966237729299,False
40697,SENTINEL 2A,2018-07-05 00:00:00+00:00,789.0008508955088,4.667,1.0,-0.00019368606899661245,0.00019368606899661245,False
40697,SENTINEL 2A,2018-07-06 00:00:00+00:00,789.0001846823288,3.667,1.0,-0.0006662131800112547,0.0006662131800112547,False
40697,SENTINEL 2A,2018-07-07 00:00:00+00:00,788.9999793083689,2.0,1.0,-0.0002053739599432447,0.0002053739599432447,False
40697,SENTINEL 2A,2018-07-08 00:00:00+00:00,789.0003466439139,1.333,1.0,0.00036733554497914156,-0.00036733554497914156,False
40697,SENTINEL 2A,2018-07-09 00:00:00+00:00,789.000229764416,0.667,1.0,-0.00011687949790939456,0.00011687949790939456,False
40697,SENTINEL 2A,2018-07-10 00:00:00+00:00,789.000096187855,2.333,1.0,-0.00013357656098378357,0.00013357656098378357,False
40697,SENTINEL 2A,2018-07-11 00:00:00+00:00,789.0003266074273,2.667,1.0,0.0002304195722899749,-0.0002304195722899749,False
40697,SENTINEL 2A,2018-07-12 00:00:00+00:00,789.0002130673465,2.667,1.0,-0.00011354008074704325,0.00011354008074704325,False
40697,SENTINEL 2A,2018-07-13 00:00:00+00:00,788.9998190165088,2.667,1.0,-0.00039405083771271165,0.00039405083771271165,False
40697,SENTINEL 2A,2018-07-14 00:00:00+00:00,788.9996553852461,1.667,1.0,-0.00016363126269425265,0.00016363126269425265,False
40697,SENTINEL 2A,2018-07-15 00:00:00+00:00,788.9994316445536,1.333,1.0,-0.00022374069249053719,0.00022374069249053719,False
40697,SENTINEL 2A,2018-07-16 00:00:00+00:00,788.9990910244287,2.667,1.0,-0.0003406201249163132,0.0003406201249163132,False
40697,SENTINEL 2A,2018-07-17 00:00:00+00:00,788.9983096019414,3.0,1.0,-0.0007814224873072817,0.0007814224873072817,False
40697,SENTINEL 2A,2018-07-18 00:00:00+00:00,788.9978921754864,1.0,1.0,-0.00041742645498743514,0.00041742645498743514,False
40697,SENTINEL 2A,2018-07-19 00:00:00+00:00,788.9973144573732,1.0,1.0,-0.0005777181131634279,0.0005777181131634279,False
40697,SENTINEL 2A,2018-07-20 00:00:00+00:00,788.9969037098836,2.0,1.0,-0.00041074748969549546,0.00041074748969549546,False
40697,SENTINEL 2A,2018-07-21 00:00:00+00:00,788.9966499147167,3.333,1.0,-0.00025379516682733083,0.00025379516682733083,False
40697,SENTINEL 2A,2018-07-22 00:00:00+00:00,788.9962291490938,1.333,1.0,-0.00042076562294823816,0.00042076562294823816,False
40697,SENTINEL 2A,2018-07-23 00:00:00+00:00,788.9959018869858,1.0,1.0,-0.0003272621079304372,0.0003272621079304372,False
40697,SENTINEL 2A,2018-07-24 00:00:00+00:00,788.9960271148307,4.0,1.0,0.0001252278448191646,-0.0001252278448191646,False
40697,SENTINEL 2A,2018-07-25 00:00:00+00:00,788.9963226525597,3.333,1.0,0.00029553772901635966,-0.00029553772901635966,False
40697,SENTINEL 2A,2018-07-26 00:00:00+00:00,788.996172379133,1.333,1.0,-0.0001502734266978223,0.0001502734266978223,False
40697,SENTINEL 2A,2018-07-27 00:00:00+00:00,788.9963360101983,1.667,1.0,0.00016363106533390237,-0.00016363106533390237,False
40697,SENTINEL 2A,2018-07-28 00:00:00+00:00,788.9964194954391,2.0,1.0,8.348524079337949e-05,-8.348524079337949e-05,False
40697,SENTINEL 2A,2018-07-29 00:00:00+00:00,788.9960254451244,1.333,1.0,-0.00039405031475325814,0.00039405031475325814,False
40697,SENTINEL 2A,2018-07-30 00:00:00+00:00,788.9956814859943,2.0,1.0,-0.0003439591300775646,0.0003439591300775646,False
40697,SENTINEL 2A,2018-07-31 00:00:00+00:00,788.9955512490542,2.333,1.0,-0.00013023694009461906,0.00013023694009461906,False
40697,SENTINEL 2A,2018-08-01 00:00:00+00:00,788.9948232580555,2.333,1.0,-0.0007279909987119026,0.0007279909987119026,False
40697,SENTINEL 2A,2018-08-02 00:00:00+00:00,788.9939667000808,2.667,1.0,-0.0008565579746573349,0.0008565579746573349,False
40697,SENTINEL 2A,2018-08-03 00:00:00+00:00,788.9936177320869,2.667,1.0,-0.0003489679938866175,0.0003489679938866175,False
40697,SENTINEL 2A,2018-08-04 00:00:00+00:00,788.9931234999785,2.0,1.0,-0.0004942321083944989,0.0004942321083944989,False
40697,SENTINEL 2A,2018-08-05 00:00:00+00:00,788.992742807739,2.0,1.0,-0.0003806922395597212,0.0003806922395597212,False
40697,SENTINEL 2A,2018-08-06 00:00:00+00:00,788.9923955095983,1.0,1.0,-0.00034729814069578424,0.00034729814069578424,False
40697,SENTINEL 2A,2018-08-07 00:00:00+00:00,788.9927595047657,3.0,1.0,0.0003639951673903852,-0.0003639951673903852,False
40697,SENTINEL 2A,2018-08-08 00:00:00+00:00,788.9926626620099,1.667,1.0,-9.684275573818013e-05,9.684275573818013e-05,False
40697,SENTINEL 2A,2018-08-09 00:00:00+00:00,788.99247565532,1.333,1.0,-0.00018700668988458347,0.00018700668988458347,False
40697,SENTINEL 2A,2018-08-10 00:00:00+00:00,788.9927010651718,1.333,1.0,0.00022540985173691297,-0.00022540985173691297,False
40697,SENTINEL 2A,2018-08-11 00:00:00+00:00,788.9926960560633,3.667,1.0,-5.009108463127632e-06,5.009108463127632e-06,False
40697,SENTINEL 2A,2018-08-12 00:00:00+00:00,788.9923337306077,2.0,1.0,-0.00036232545562597807,0.00036232545562597807,False
40697,SENTINEL 2A,2018-08-13 00:00:00+00:00,788.993464119395,1.333,1.0,0.0011303887872600171,-0.0011303887872600171,False
40697,SENTINEL 2A,2018-08-14 00:00:00+00:00,788.9944726202566,1.333,1.0,0.0010085008616442792,-0.0010085008616442792,False
40697,SENTINEL 2A,2018-08-15 00:00:00+00:00,788.9960070783818,4.0,1.0,0.0015344581252065836,-0.0015344581252065836,False
40697,SENTINEL 2A,2018-08-16 00:00:00+00:00,788.9977452413937,3.667,1.0,0.0017381630118507019,-0.0017381630118507019,False
40697,SENTINEL 2A,2018-08-17 00:00:00+00:00,788.9989457599768,4.0,1.0,0.0012005185831185372,-0.0012005185831185372,False
40697,SENTINEL 2A,2018-08-18 00:00:00+00:00,788.9993748745301,3.333,1.0,0.0004291145532988594,-0.0004291145532988594,False
40697,SENTINEL 2A,2018-08-19 00:00:00+00:00,788.999421626314,2.667,1.0,4.6751783884246834e-05,-4.6751783884246834e-05,False
40697,SENTINEL 2A,2018-08-20 00:00:00+00:00,788.9988439078925,4.0,1.0,-0.0005777184214821318,0.0005777184214821318,False
40697,SENTINEL 2A,2018-08-21 00:00:00+00:00,788.9972443297493,2.667,1.0,-0.0015995781432138756,0.0015995781432138756,False
40697,SENTINEL 2A,2018-08-22 00:00:00+00:00,788.9959252628628,2.333,1.0,-0.0013190668864808686,0.0013190668864808686,False
40697,SENTINEL 2A,2018-08-23 00:00:00+00:00,788.9950202831251,1.667,1.0,-0.0009049797376974311,0.0009049797376974311,False
40697,SENTINEL 2A,2018-08-24 00:00:00+00:00,788.9947881942753,2.667,1.0,-0.0002320888497706619,0.0002320888497706619,False
40697,SENTINEL 2A,2018-08-25 00:00:00+00:00,788.994646269447,4.333,1.0,-0.0001419248283127672,0.0001419248283127672,False
40697,SENTINEL 2A,2018-08-26 00:00:00+00:00,788.9947364334548,7.333,1.0,9.016400781547418e-05,-9.016400781547418e-05,True
40697,SENTINEL 2A,2018-08-27 00:00:00+00:00,788.9939783880018,5.667,1.0,-0.0007580454530398129,0.0007580454530398129,True
40697,SENTINEL 2A,2018-08-28 00:00:00+00:00,788.9906990923637,3.667,1.0,-0.0032792956380944815,0.0032792956380944815,False
40697,SENTINEL 2A,2018-08-29 00:00:00+00:00,788.9958334291805,2.333,1.0,0.005134336816809082,-0.005134336816809082,False
40697,SENTINEL 2A,2018-08-30 00:00:00+00:00,788.9940685519887,1.667,1.0,-0.0017648771918175044,0.0017648771918175044,False
40697,SENTINEL 2A,2018-08-31 00:00:00+00:00,788.9931568940392,2.333,1.0,-0.0009116579494730104,0.0009116579494730104,False
40697,SENTINEL 2A,2018-09-01 00:00:00+00:00,788.9922435666772,2.0,1.0,-0.0009133273620136606,0.0009133273620136606,False
40697,SENTINEL 2A,2018-09-02 00:00:00+00:00,788.9917643621247,2.0,1.0,-0.00047920455244820914,0.00047920455244820914,False
40697,SENTINEL 2A,2018-09-03 00:00:00+00:00,788.9914704945645,1.333,1.0,-0.0002938675602308649,0.0002938675602308649,False
40697,SENTINEL 2A,2018-09-04 00:00:00+00:00,788.9909578961083,3.0,1.0,-0.0005125984562255326,0.0005125984562255326,False
40697,SENTINEL 2A,2018-09-05 00:00:00+00:00,788.9907391652005,3.333,1.0,-0.00021873090781809879,0.00021873090781809879,False
40697,SENTINEL 2A,2018-09-06 00:00:00+00:00,788.9908460261013,2.0,1.0,0.00010686090081435395,-0.00010686090081435395,False
40697,SENTINEL 2A,2018-09-07 00:00:00+00:00,788.9906924135566,2.333,1.0,-0.00015361254463641671,0.00015361254463641671,False
40697,SENTINEL 2A,2018-09-08 00:00:00+00:00,788.9905922314683,2.333,1.0,-0.00010018208831752418,0.00010018208831752418,False
40697,SENTINEL 2A,2018-09-09 00:00:00+00:00,788.9908627231171,2.667,1.0,0.0002704916487346054,-0.0002704916487346054,False
40697,SENTINEL 2A,2018-09-10 00:00:00+00:00,788.9908109623675,5.0,1.0,-5.176074955670629e-05,5.176074955670629e-05,True
40697,SENTINEL 2A,2018-09-11 00:00:00+00:00,788.9905271131147,6.0,1.0,-0.0002838492528098868,0.0002838492528098868,True
40697,SENTINEL 2A,2018-09-12 00:00:00+00:00,788.9903484550678,4.0,1.0,-0.000178658046934288,0.000178658046934288,False
40697,SENTINEL 2A,2018-09-13 00:00:00+00:00,788.9901915031496,4.0,1.0,-0.00015695191814302234,0.00015695191814302234,False
40697,SENTINEL 2A,2018-09-14 00:00:00+00:00,788.9892397736157,4.333,1.0,-0.0009517295338810072,0.0009517295338810072,False
40697,SENTINEL 2A,2018-09-15 00:00:00+00:00,788.9885551964271,2.667,1.0,-0.0006845771886219154,0.0006845771886219154,False
40697,SENTINEL 2A,2018-09-16 00:00:00+00:00,788.9881845229947,2.333,1.0,-0.0003706734323714045,0.0003706734323714045,False
40697,SENTINEL 2A,2018-09-17 00:00:00+00:00,788.9877837950107,3.333,1.0,-0.0004007279840152478,0.0004007279840152478,False
40697,SENTINEL 2A,2018-09-18 00:00:00+00:00,788.9875784219425,2.333,1.0,-0.0002053730681836896,0.0002053730681836896,False
40697,SENTINEL 2A,2018-09-19 00:00:00+00:00,788.987600128039,2.333,1.0,2.1706096504203742e-05,-2.1706096504203742e-05,False
40697,SENTINEL 2A,2018-09-20 00:00:00+00:00,788.9873997640816,0.667,1.0,-0.00020036395744682522,0.00020036395744682522,False
40697,SENTINEL 2A,2018-09-21 00:00:00+00:00,788.9887204967608,4.333,1.0,0.0013207326792326057,-0.0013207326792326057,False
40697,SENTINEL 2A,2018-09-22 00:00:00+00:00,788.9936678231825,4.667,1.0,0.0049473264216430834,-0.0049473264216430834,False
40697,SENTINEL 2A,2018-09-23 00:00:00+00:00,788.9989073568318,3.333,1.0,0.005239533649273653,-0.005239533649273653,False
40697,SENTINEL 2A,2018-09-24 00:00:00+00:00,789.0051921382178,2.333,1.0,0.006284781386057148,-0.006284781386057148,False
40697,SENTINEL 2A,2018-09-25 00:00:00+00:00,789.0108090478652,3.0,1.0,0.005616909647415014,-0.005616909647415014,False
40697,SENTINEL 2A,2018-09-26 00:00:00+00:00,789.0139714864499,2.667,1.0,0.0031624385846953373,-0.0031624385846953373,False
40697,SENTINEL 2A,2018-09-27 00:00:00+00:00,789.0150868563287,2.333,1.0,0.0011153698787893518,-0.0011153698787893518,False
40697,SENTINEL 2A,2018-09-28 00:00:00+00:00,789.0148998481754,3.0,1.0,-0.00018700815326155862,0.00018700815326155862,False
40697,SENTINEL 2A,2018-09-29 00:00:00+00:00,789.0130698404582,3.333,1.0,-0.0018300077172170859,0.0018300077172170859,False
40697,SENTINEL 2A,2018-09-30 00:00:00+00:00,789.0089924004569,2.333,1.0,-0.004077440001310606,0.004077440001310606,False
40697,SENTINEL 2A,2018-10-01 00:00:00+00:00,789.0049884334858,3.667,1.0,-0.004003966971140471,0.004003966971140471,False
40697,SENTINEL 2A,2018-10-02 00:00:00+00:00,789.0037294725498,3.667,1.0,-0.0012589609359565657,0.0012589609359565657,False
40697,SENTINEL 2A,2018-10-03 00:00:00+00:00,789.0035107406661,2.333,1.0,-0.0002187318837059138,0.0002187318837059138,False
40697,SENTINEL 2A,2018-10-04 00:00:00+00:00,789.002697592513,1.667,1.0,-0.0008131481531563622,0.0008131481531563622,False
40697,SENTINEL 2A,2018-10-05 00:00:00+00:00,789.0026174465056,3.0,1.0,-8.014600734895794e-05,8.014600734895794e-05,False
40697,SENTINEL 2A,2018-10-06 00:00:00+00:00,789.0024988972086,3.0,1.0,-0.00011854929698529304,0.00011854929698529304,False
40697,SENTINEL 2A,2018-10-07 00:00:00+00:00,789.0024571544991,5.333,1.0,-4.174270952717052e-05,4.174270952717052e-05,True
40697,SENTINEL 2A,2018-10-08 00:00:00+00:00,789.0022133770894,4.333,1.0,-0.00024377740965064731,0.00024377740965064731,False
40697,SENTINEL 2A,2018-10-09 00:00:00+00:00,789.002582382629,3.667,1.0,0.0003690055395964009,-0.0003690055395964009,False
40697,SENTINEL 2A,2018-10-10 00:00:00+00:00,789.0025439793353,4.667,1.0,-3.840329372906126e-05,3.840329372906126e-05,False
40697,SENTINEL 2A,2018-10-11 00:00:00+00:00,789.0020013241538,3.0,1.0,-0.0005426551815617131,0.0005426551815617131,False
40697,SENTINEL 2A,2018-10-12 00:00:00+00:00,789.0015722092076,1.667,1.0,-0.00042911494620057056,0.00042911494620057056,False
40697,SENTINEL 2A,2018-10-13 00:00:00+00:00,789.0010679574825,4.333,1.0,-0.0005042517250331002,0.0005042517250331002,False
40697,SENTINEL 2A,2018-10-14 00:00:00+00:00,788.9999893266104,2.0,1.0,-0.001078630872143549,0.001078630872143549,False
40697,SENTINEL 2A,2018-10-15 00:00:00+00:00,788.999081006189,3.0,1.0,-0.0009083204213311546,0.0009083204213311546,False
40697,SENTINEL 2A,2018-10-16 00:00:00+00:00,788.9988205320051,2.0,1.0,-0.0002604741839604685,0.0002604741839604685,False
40697,SENTINEL 2A,2018-10-17 00:00:00+00:00,788.9983062625297,1.667,1.0,-0.0005142694753885735,0.0005142694753885735,False
40697,SENTINEL 2A,2018-10-18 00:00:00+00:00,788.9980591460608,0.333,1.0,-0.0002471164689268335,0.0002471164689268335,False
40697,SENTINEL 2A,2018-10-19 00:00:00+00:00,788.9981292737057,0.667,1.0,7.012764490355039e-05,-7.012764490355039e-05,False
40697,SENTINEL 2A,2018-10-20 00:00:00+00:00,788.9980658248842,0.333,1.0,-6.344882149278419e-05,6.344882149278419e-05,False
40697,SENTINEL 2A,2018-10-21 00:00:00+00:00,788.9975649131884,2.0,1.0,-0.0005009116957808146,0.0005009116957808146,False
40697,SENTINEL 2A,2018-10-22 00:00:00+00:00,788.9973779061775,2.667,1.0,-0.0001870070109362132,0.0001870070109362132,False
40697,SENTINEL 2A,2018-10-23 00:00:00+00:00,788.99725100857,1.0,1.0,-0.000126897607515275,0.000126897607515275,False
40697,SENTINEL 2A,2018-10-24 00:00:00+00:00,788.996598153863,1.333,1.0,-0.0006528547069137858,0.0006528547069137858,False
40697,SENTINEL 2A,2018-10-25 00:00:00+00:00,788.9966298782556,2.0,1.0,3.172439255649806e-05,-3.172439255649806e-05,False
40697,SENTINEL 2A,2018-10-26 00:00:00+00:00,788.9963694042945,2.333,1.0,-0.0002604739611342666,0.0002604739611342666,False
40697,SENTINEL 2A,2018-10-27 00:00:00+00:00,788.9960705271506,1.667,1.0,-0.0002988771439049742,0.0002988771439049742,False
40697,SENTINEL 2A,2018-10-28 00:00:00+00:00,788.995768310625,1.333,1.0,-0.00030221652559703216,0.00030221652559703216,False
40697,SENTINEL 2A,2018-10-29 00:00:00+00:00,788.9955145155582,0.333,1.0,-0.00025379506678291364,0.00025379506678291364,False
40697,SENTINEL 2A,2018-10-30 00:00:00+00:00,788.9950269619403,2.0,1.0,-0.0004875536178587936,0.0004875536178587936,False
40697,SENTINEL 2A,2018-10-31 00:00:00+00:00,788.9941436886456,1.667,1.0,-0.000883273294675746,0.000883273294675746,False
40697,SENTINEL 2A,2018-11-01 00:00:00+00:00,788.9937963903349,2.0,1.0,-0.00034729831077129347,0.00034729831077129347,False
40697,SENTINEL 2A,2018-11-02 00:00:00+00:00,788.9933856433504,2.667,1.0,-0.0004107469844711886,0.0004107469844711886,False
40697,SENTINEL 2A,2018-11-03 00:00:00+00:00,788.9928596869304,2.0,1.0,-0.0005259564200059685,0.0005259564200059685,False
40697,SENTINEL 2A,2018-11-04 00:00:00+00:00,788.9924255642445,5.333,1.0,-0.000434122685874172,0.000434122685874172,True
40697,SENTINEL 2A,2018-11-05 00:00:00+00:00,788.9925190675858,5.667,1.0,9.350334130431293e-05,-9.350334130431293e-05,True
40697,SENTINEL 2A,2018-11-06 00:00:00+00:00,788.9919947810276,3.667,1.0,-0.0005242865581749356,0.0005242865581749356,False
40697,SENTINEL 2A,2018-11-07 00:00:00+00:00,788.9916942346354,3.333,1.0,-0.0003005463922818308,0.0003005463922818308,False
40697,SENTINEL 2A,2018-11-08 00:00:00+00:00,788.9917894076561,4.0,1.0,9.517302078165812e-05,-9.517302078165812e-05,False
40697,SENTINEL 2A,2018-11-09 00:00:00+00:00,788.9917176104636,4.0,1.0,-7.179719250416383e-05,7.179719250416383e-05,False
40697,SENTINEL 2A,2018-11-10 00:00:00+00:00,788.9911198571745,4.333,1.0,-0.0005977532891847659,0.0005977532891847659,False
40697,SENTINEL 2A,2018-11-11 00:00:00+00:00,788.9908593837126,3.0,1.0,-0.0002604734618216753,0.0002604734618216753,False
40697,SENTINEL 2A,2018-11-12 00:00:00+00:00,788.9902282365765,3.333,1.0,-0.0006311471361186705,0.0006311471361186705,False
40697,SENTINEL 2A,2018-11-13 00:00:00+00:00,788.9895369803498,2.0,1.0,-0.0006912562266734312,0.0006912562266734312,False
40697,SENTINEL 2A,2018-11-14 00:00:00+00:00,788.9890494277479,1.333,1.0,-0.0004875526019532117,0.0004875526019532117,False
40697,SENTINEL 2A,2018-11-15 00:00:00+00:00,788.9887839453731,0.667,1.0,-0.00026548237474344205,0.00026548237474344205,False
40697,SENTINEL 2A,2018-11-16 00:00:00+00:00,788.9880442681942,1.0,1.0,-0.0007396771788990009,0.0007396771788990009,False
40697,SENTINEL 2A,2018-11-17 00:00:00+00:00,788.9876034674371,0.667,1.0,-0.00044080075713281985,0.00044080075713281985,False
40697,SENTINEL 2A,2018-11-18 00:00:00+00:00,788.9877136676205,1.0,1.0,0.0001102001833714894,-0.0001102001833714894,False
40697,SENTINEL 2A,2018-11-19 00:00:00+00:00,788.9874198004754,1.667,1.0,-0.00029386714504653355,0.00029386714504653355,False
40697,SENTINEL 2A,2018-11-20 00:00:00+00:00,788.9871159151644,3.0,1.0,-0.0003038853110410855,0.0003038853110410855,False
40697,SENTINEL 2A,2018-11-21 00:00:00+00:00,788.9870958787724,2.667,1.0,-2.0036392015754245e-05,2.0036392015754245e-05,False
40697,SENTINEL 2A,2018-11-22 00:00:00+00:00,788.9871860425401,1.0,1.0,9.016376770887291e-05,-9.016376770887291e-05,False
40697,SENTINEL 2A,2018-11-23 00:00:00+00:00,788.9863378353402,1.0,1.0,-0.0008482071998514584,0.0008482071998514584,False
40697,SENTINEL 2A,2018-11-24 00:00:00+00:00,788.9860640047227,1.667,1.0,-0.00027383061751606874,0.00027383061751606874,False
40697,SENTINEL 2A,2018-11-25 00:00:00+00:00,788.9859604833973,1.0,1.0,-0.00010352132539992454,0.00010352132539992454,False
40697,SENTINEL 2A,2018-11-26 00:00:00+00:00,788.9853493737219,0.667,1.0,-0.0006111096754466416,0.0006111096754466416,False
40697,SENTINEL 2A,2018-11-27 00:00:00+00:00,788.9846948520262,2.333,1.0,-0.0006545216956510558,0.0006545216956510558,False
40697,SENTINEL 2A,2018-11-28 00:00:00+00:00,788.984397645796,1.0,1.0,-0.0002972062302433187,0.0002972062302433187,False
40697,SENTINEL 2A,2018-11-29 00:00:00+00:00,788.9848818582095,2.0,1.0,0.0004842124135393533,-0.0004842124135393533,False
40697,SENTINEL 2A,2018-11-30 00:00:00+00:00,788.9878105102089,1.333,1.0,0.00292865199935477,-0.00292865199935477,False
40697,SENTINEL 2A,2018-12-01 00:00:00+00:00,788.992742807739,3.0,1.0,0.004932297530103824,-0.004932297530103824,False
40697,SENTINEL 2A,2018-12-02 00:00:00+00:00,788.9992880497903,3.667,1.0,0.006545242051288369,-0.006545242051288369,False
40697,SENTINEL 2A,2018-12-03 00:00:00+00:00,789.0038764069532,3.0,1.0,0.004588357162901957,-0.004588357162901957,False
40697,SENTINEL 2A,2018-12-04 00:00:00+00:00,789.0073594224268,3.0,1.0,0.0034830154736482655,-0.0034830154736482655,False
40697,SENTINEL 2A,2018-12-05 00:00:00+00:00,789.0094832958739,2.0,1.0,0.0021238734470898635,-0.0021238734470898635,False
40697,SENTINEL 2A,2018-12-06 00:00:00+00:00,789.0092194813205,2.0,1.0,-0.0002638145533637726,0.0002638145533637726,False
40697,SENTINEL 2A,2018-12-07 00:00:00+00:00,789.0072575700806,3.333,1.0,-0.0019619112399595906,0.0019619112399595906,False
40697,SENTINEL 2A,2018-12-08 00:00:00+00:00,789.0048348201863,3.333,1.0,-0.002422749894321896,0.002422749894321896,False
40697,SENTINEL 2A,2018-12-09 00:00:00+00:00,789.0012750012256,3.667,1.0,-0.0035598189606389496,0.0035598189606389496,False
40697,SENTINEL 2A,2018-12-10 00:00:00+00:00,788.9983663719454,3.0,1.0,-0.002908629280227615,0.002908629280227615,False
40697,SENTINEL 2A,2018-12-11 00:00:00+00:00,788.997965642538,2.667,1.0,-0.00040072940737445606,0.00040072940737445606,False
40697,SENTINEL 2A,2018-12-12 00:00:00+00:00,788.9973495211862,2.0,1.0,-0.0006161213518680597,0.0006161213518680597,False
40697,SENTINEL 2A,2018-12-13 00:00:00+00:00,788.9965797871087,1.0,1.0,-0.0007697340774939221,0.0007697340774939221,False
40697,SENTINEL 2A,2018-12-14 00:00:00+00:00,788.9961039212421,0.667,1.0,-0.00047586586651959806,0.00047586586651959806,False
40697,SENTINEL 2A,2018-12-15 00:00:00+00:00,788.9959319416689,0.333,1.0,-0.00017197957322423463,0.00017197957322423463,False
40697,SENTINEL 2A,2018-12-16 00:00:00+00:00,788.9955729552112,0.667,1.0,-0.00035898645774068427,0.00035898645774068427,False
40697,SENTINEL 2A,2018-12-17 00:00:00+00:00,788.9951989414599,2.333,1.0,-0.0003740137512977526,0.0003740137512977526,False
40697,SENTINEL 2A,2018-12-18 00:00:00+00:00,788.9953826089209,2.667,1.0,0.00018366746098763542,-0.00018366746098763542,False
40697,SENTINEL 2A,2018-12-19 00:00:00+00:00,788.9950336407564,2.0,1.0,-0.00034896816441687406,0.00034896816441687406,False
40697,SENTINEL 2A,2018-12-20 00:00:00+00:00,788.9964328530777,3.0,1.0,0.0013992123213029117,-0.0013992123213029117,False
40697,SENTINEL 2A,2018-12-21 00:00:00+00:00,788.999835714214,2.0,1.0,0.003402861136237334,-0.003402861136237334,False
40697,SENTINEL 2A,2018-12-22 00:00:00+00:00,789.0052388899703,1.0,1.0,0.0054031757563279825,-0.0054031757563279825,False
40697,SENTINEL 2A,2018-12-23 00:00:00+00:00,789.0114235023975,0.667,1.0,0.006184612427205138,-0.006184612427205138,False
40697,SENTINEL 2A,2018-12-24 00:00:00+00:00,789.0164426658084,1.333,1.0,0.005019163410906913,-0.005019163410906913,False
40697,SENTINEL 2A,2018-12-25 00:00:00+00:00,789.019835531748,1.667,1.0,0.0033928659395314753,-0.0033928659395314753,False
40697,SENTINEL 2A,2018-12-26 00:00:00+00:00,789.020743858744,1.0,1.0,0.0009083269960683538,-0.0009083269960683538,False
40697,SENTINEL 2A,2018-12-27 00:00:00+00:00,789.0200425768471,2.333,1.0,-0.0007012818969087675,0.0007012818969087675,False
40697,SENTINEL 2A,2018-12-28 00:00:00+00:00,789.0181791714967,4.333,1.0,-0.001863405350377434,0.001863405350377434,False
40697,SENTINEL 2A,2018-12-29 00:00:00+00:00,789.0138245515282,3.0,1.0,-0.004354619968580664,0.004354619968580664,False
40697,SENTINEL 2A,2018-12-30 00:00:00+00:00,789.0108891941009,3.0,1.0,-0.0029353574273045524,0.0029353574273045524,False
40697,SENTINEL 2A,2018-12-31 00:00:00+00:00,789.009510011274,3.0,1.0,-0.0013791828268949757,0.0013791828268949757,False
40697,SENTINEL 2A,2019-01-01 00:00:00+00:00,789.0094933141481,2.667,1.0,-1.669712582952343e-05,1.669712582952343e-05,False
40697,SENTINEL 2A,2019-01-02 00:00:00+00:00,789.0089823821818,0.333,1.0,-0.0005109319663461065,0.0005109319663461065,False
40697,SENTINEL 2A,2019-01-03 00:00:00+00:00,789.0087252465228,1.0,1.0,-0.00025713565901241964,0.00025713565901241964,False
40697,SENTINEL 2A,2019-01-04 00:00:00+00:00,789.0091293168562,3.333,1.0,0.0004040703333885176,-0.0004040703333885176,False
40697,SENTINEL 2A,2019-01-05 00:00:00+00:00,789.0090558495194,5.0,1.0,-7.346733673330164e-05,7.346733673330164e-05,True
40697,SENTINEL 2A,2019-01-06 00:00:00+00:00,789.0086050272603,3.0,1.0,-0.0004508222591539379,0.0004508222591539379,False
40697,SENTINEL 2A,2019-01-07 00:00:00+00:00,789.0085883301417,2.333,1.0,-1.6697118553565815e-05,1.6697118553565815e-05,False
40697,SENTINEL 2A,2019-01-08 00:00:00+00:00,789.0082076358467,2.333,1.0,-0.0003806942950177472,0.0003806942950177472,False
40697,SENTINEL 2A,2019-01-09 00:00:00+00:00,789.0073627618494,1.667,1.0,-0.0008448739972664043,0.0008448739972664043,False
40697,SENTINEL 2A,2019-01-10 00:00:00+00:00,789.006931976387,1.333,1.0,-0.0004307854624130414,0.0004307854624130414,False
40697,SENTINEL 2A,2019-01-11 00:00:00+00:00,789.006340898768,3.333,1.0,-0.0005910776189921307,0.0005910776189921307,False
40697,SENTINEL 2A,2019-01-12 00:00:00+00:00,789.005542777204,1.0,1.0,-0.0007981215640029404,0.0007981215640029404,False
40697,SENTINEL 2A,2019-01-13 00:00:00+00:00,789.0047580135383,1.0,1.0,-0.000784763665706123,0.000784763665706123,False
40697,SENTINEL 2A,2019-01-14 00:00:00+00:00,789.0048047654109,2.667,1.0,4.6751872559980256e-05,-4.6751872559980256e-05,False
40697,SENTINEL 2A,2019-01-15 00:00:00+00:00,789.0044775023225,2.667,1.0,-0.0003272630883657257,0.0003272630883657257,False
40697,SENTINEL 2A,2019-01-16 00:00:00+00:00,789.0043105313753,2.667,1.0,-0.00016697094724804629,0.00016697094724804629,False
40697,SENTINEL 2A,2019-01-17 00:00:00+00:00,789.0044290807468,2.667,1.0,0.00011854937156385859,-0.00011854937156385859,False
40697,SENTINEL 2A,2019-01-18 00:00:00+00:00,789.0044507869698,2.0,1.0,2.170622292396729e-05,-2.170622292396729e-05,False
40697,SENTINEL 2A,2019-01-19 00:00:00+00:00,789.0040200019466,2.667,1.0,-0.00043078502312710043,0.00043078502312710043,False
40697,SENTINEL 2A,2019-01-20 00:00:00+00:00,789.0040033048545,1.667,1.0,-1.6697092178219464e-05,1.6697092178219464e-05,False
40697,SENTINEL 2A,2019-01-21 00:00:00+00:00,789.0041635969474,1.667,1.0,0.00016029209291446023,-0.00016029209291446023,False
40697,SENTINEL 2A,2019-01-22 00:00:00+00:00,789.0034806859057,2.0,1.0,-0.0006829110416219919,0.0006829110416219919,False
40697,SENTINEL 2A,2019-01-23 00:00:00+00:00,789.0028712422018,4.0,1.0,-0.0006094437039791956,0.0006094437039791956,False
40697,SENTINEL 2A,2019-01-24 00:00:00+00:00,789.0026909136795,4.333,1.0,-0.00018032852221949724,0.00018032852221949724,False
40697,SENTINEL 2A,2019-01-25 00:00:00+00:00,789.0020731216027,3.333,1.0,-0.0006177920768095646,0.0006177920768095646,False
40697,SENTINEL 2A,2019-01-26 00:00:00+00:00,789.0013918807654,3.0,1.0,-0.0006812408373662038,0.0006812408373662038,False
40697,SENTINEL 2A,2019-01-27 00:00:00+00:00,789.0012349282433,2.0,1.0,-0.00015695252204750432,0.00015695252204750432,False
40697,SENTINEL 2A,2019-01-28 00:00:00+00:00,789.0005870817495,0.667,1.0,-0.000647846493848192,0.000647846493848192,False
40697,SENTINEL 2A,2019-01-29 00:00:00+00:00,788.9999592718859,1.667,1.0,-0.0006278098635448259,0.0006278098635448259,False
43013,JPSS 1,2017-12-02 00:00:00+00:00,819.2783599976565,2.333,,,,False
43013,JPSS 1,2017-12-03 00:00:00+00:00,819.2784831776767,0.667,1.0,0.00012318002018218976,-0.00012318002018218976,False
43013,JPSS 1,2017-12-04 00:00:00+00:00,819.278582734135,4.0,1.0,9.955645828085835e-05,-9.955645828085835e-05,False
43013,JPSS 1,2017-12-05 00:00:00+00:00,819.278596233316,5.0,1.0,1.3499181022780249e-05,-1.3499181022780249e-05,True
43013,JPSS 1,2017-12-06 00:00:00+00:00,819.2786333560639,4.0,1.0,3.712274792633252e-05,-3.712274792633252e-05,False
43013,JPSS 1,2017-12-07 00:00:00+00:00,819.2783414362848,3.333,1.0,-0.0002919197791015904,0.0002919197791015904,False
43013,JPSS 1,2017-12-08 00:00:00+00:00,819.2783279371042,2.0,1.0,-1.3499180568032898e-05,1.3499180568032898e-05,False
43013,JPSS 1,2017-12-09 00:00:00+00:00,819.2783127505281,1.667,1.0,-1.5186576092673931e-05,1.5186576092673931e-05,False
43013,JPSS 1,2017-12-10 00:00:00+00:00,819.2782975639516,1.333,1.0,-1.5186576547421282e-05,1.5186576547421282e-05,False
43013,JPSS 1,2017-12-12 00:00:00+00:00,819.3688464227398,4.0,2.0,0.0905488587882246,-0.0452744293941123,False
43013,JPSS 1,2017-12-13 00:00:00+00:00,819.369268285403,2.667,1.0,0.00042186266318822163,-0.00042186266318822163,False
43013,JPSS 1,2017-12-14 00:00:00+00:00,820.4134617710893,2.667,1.0,1.0441934856862645,-1.0441934856862645,False
43013,JPSS 1,2017-12-15 00:00:00+00:00,821.4608940786566,1.333,1.0,1.0474323075673055,-1.0474323075673055,False
43013,JPSS 1,2017-12-16 00:00:00+00:00,821.460997087956,2.0,1.0,0.00010300929943696246,-0.00010300929943696246,False
43013,JPSS 1,2017-12-17 00:00:00+00:00,821.4610122860486,4.667,1.0,1.5198092569335131e-05,-1.5198092569335131e-05,False
43013,JPSS 1,2017-12-18 00:00:00+00:00,823.64246405021,4.333,1.0,2.1814517641614657,-2.1814517641614657,False
43013,JPSS 1,2017-12-19 00:00:00+00:00,823.6418522860185,2.333,1.0,-0.0006117641914897831,0.0006117641914897831,False
43013,JPSS 1,2017-12-20 00:00:00+00:00,823.6418590458434,2.0,1.0,6.7598248278955e-06,-6.7598248278955e-06,False
43013,JPSS 1,2017-12-21 00:00:00+00:00,823.6546503524046,1.0,1.0,0.012791306561211968,-0.012791306561211968,False
43013,JPSS 1,2017-12-22 00:00:00+00:00,823.6543360191581,1.0,1.0,-0.0003143332464787818,0.0003143332464787818,False
43013,JPSS 1,2017-12-23 00:00:00+00:00,825.0223363770338,2.667,1.0,1.3680003578756441,-1.3680003578756441,False
43013,JPSS 1,2017-12-24 00:00:00+00:00,825.0229805589984,3.333,1.0,0.0006441819646170188,-0.0006441819646170188,False
43013,JPSS 1,2017-12-25 00:00:00+00:00,825.0228554422797,3.0,1.0,-0.00012511671866377583,0.00012511671866377583,False
43013,JPSS 1,2017-12-26 00:00:00+00:00,825.0227861208573,3.667,1.0,-6.932142241566908e-05,6.932142241566908e-05,False
43013,JPSS 1,2017-12-27 00:00:00+00:00,826.8463151922065,2.667,1.0,1.823529071349185,-1.823529071349185,False
43013,JPSS 1,2017-12-28 00:00:00+00:00,826.8460292718237,1.667,1.0,-0.00028592038279384724,0.00028592038279384724,False
43013,JPSS 1,2017-12-29 00:00:00+00:00,826.8459040759262,2.333,1.0,-0.00012519589745352278,0.00012519589745352278,False
43013,JPSS 1,2017-12-30 00:00:00+00:00,826.8457332004527,1.667,1.0,-0.000170875473486376,0.000170875473486376,False
43013,JPSS 1,2017-12-31 00:00:00+00:00,826.8455809351876,2.0,1.0,-0.00015226526511469274,0.00015226526511469274,False
43013,JPSS 1,2018-01-01 00:00:00+00:00,826.8454557393102,3.667,1.0,-0.00012519587744463934,0.00012519587744463934,False
43013,JPSS 1,2018-01-02 00:00:00+00:00,826.8452138067496,2.0,1.0,-0.00024193256058424595,0.00024193256058424595,False
43013,JPSS 1,2018-01-03 00:00:00+00:00,826.8449684905372,1.0,1.0,-0.00024531621238566004,0.00024531621238566004,False
43013,JPSS 1,2018-01-04 00:00:00+00:00,826.8446927213026,1.333,1.0,-0.0002757692345767282,0.0002757692345767282,False
43013,JPSS 1,2018-01-05 00:00:00+00:00,826.8445032357104,2.0,1.0,-0.00018948559227283113,0.00018948559227283113,False
43013,JPSS 1,2018-01-06 00:00:00+00:00,826.8443661970296,1.333,1.0,-0.00013703868080483517,0.00013703868080483517,False
43013,JPSS 1,2018-01-07 00:00:00+00:00,826.8787055871171,1.0,1.0,0.0343393900875526,-0.0343393900875526,False
43013,JPSS 1,2018-01-08 00:00:00+00:00,826.8784348902241,3.667,1.0,-0.00027069689303971245,0.00027069689303971245,False
43013,JPSS 1,2018-01-09 00:00:00+00:00,826.8782183327235,3.667,1.0,-0.0002165575006074505,0.0002165575006074505,False
43013,JPSS 1,2018-01-10 00:00:00+00:00,826.8781286643889,1.667,1.0,-8.966833456724999e-05,8.966833456724999e-05,False
43013,JPSS 1,2018-01-11 00:00:00+00:00,826.8780186937947,1.0,1.0,-0.00010997059416695265,0.00010997059416695265,False
43013,JPSS 1,2018-01-12 00:00:00+00:00,826.8778139793139,1.333,1.0,-0.00020471448078751564,0.00020471448078751564,False
43013,JPSS 1,2018-01-13 00:00:00+00:00,826.877661712354,3.0,1.0,-0.0001522669599580695,0.0001522669599580695,False
43013,JPSS 1,2018-01-14 00:00:00+00:00,826.8773639458777,4.667,1.0,-0.00029776647625112673,0.00029776647625112673,False
43013,JPSS 1,2018-01-15 00:00:00+00:00,826.8771220106391,3.667,1.0,-0.00024193523859139532,0.00024193523859139532,False
43013,JPSS 1,2018-01-16 00:00:00+00:00,826.8769291392045,2.0,1.0,-0.00019287143459223444,0.00019287143459223444,False
43013,JPSS 1,2018-01-17 00:00:00+00:00,826.8767244248011,0.667,1.0,-0.000204714403480466,0.000204714403480466,False
43013,JPSS 1,2018-01-18 00:00:00+00:00,826.8765332452472,0.333,1.0,-0.0001911795538944716,0.0001911795538944716,False
43013,NOAA 20,2018-01-19 00:00:00+00:00,826.8762422463042,2.667,1.0,-0.00029099894300088636,0.00029099894300088636,False
43013,NOAA 20,2018-01-20 00:00:00+00:00,826.8760020030145,3.0,1.0,-0.00024024328968152986,0.00024024328968152986,False
43013,NOAA 20,2018-01-21 00:00:00+00:00,826.8758395850259,3.0,1.0,-0.00016241798857663525,0.00016241798857663525,False
43013,NOAA 20,2018-01-22 00:00:00+00:00,826.8756433299695,3.333,1.0,-0.00019625505638032337,0.00019625505638032337,False
43013,NOAA 20,2018-01-23 00:00:00+00:00,826.8754606097568,2.0,1.0,-0.00018272021270604455,0.00018272021270604455,False
43013,NOAA 20,2018-01-24 00:00:00+00:00,826.8752000642871,4.0,1.0,-0.0002605454697004461,0.0002605454697004461,False
43013,NOAA 20,2018-01-25 00:00:00+00:00,826.8749310595754,3.0,1.0,-0.0002690047117539507,0.0002690047117539507,False
43013,NOAA 20,2018-01-26 00:00:00+00:00,826.8747297290206,3.0,1.0,-0.00020133055477344897,0.00020133055477344897,False
43013,NOAA 20,2018-01-27 00:00:00+00:00,826.8745250147731,2.667,1.0,-0.00020471424750212464,0.00020471424750212464,False
43013,NOAA 20,2018-01-28 00:00:00+00:00,826.8743236842465,1.667,1.0,-0.0002013305265791132,0.0002013305265791132,False
43013,NOAA 20,2018-01-29 00:00:00+00:00,826.8740597551737,1.0,1.0,-0.00026392907284389366,0.00026392907284389366,False
43013,NOAA 20,2018-01-30 00:00:00+00:00,826.8738347387416,2.333,1.0,-0.0002250164320685144,0.0002250164320685144,False
43013,NOAA 20,2018-01-31 00:00:00+00:00,826.8736164897355,2.667,1.0,-0.00021824900613864884,0.00021824900613864884,False
43013,NOAA 20,2018-02-01 00:00:00+00:00,826.8734168511251,2.667,1.0,-0.00019963861041105702,0.00019963861041105702,False
43013,NOAA 20,2018-02-02 00:00:00+00:00,826.8732053695617,2.0,1.0,-0.0002114815633831313,0.0002114815633831313,False
43013,NOAA 20,2018-02-03 00:00:00+00:00,826.8729837368996,1.667,1.0,-0.00022163266203278909,0.00022163266203278909,False
43013,NOAA 20,2018-02-04 00:00:00+00:00,826.8727367264705,2.333,1.0,-0.00024701042912056437,0.00024701042912056437,False
43013,NOAA 20,2018-02-05 00:00:00+00:00,826.8725150938458,3.0,1.0,-0.0002216326247435063,0.0002216326247435063,False
43013,NOAA 20,2018-02-06 00:00:00+00:00,826.8723425249423,2.333,1.0,-0.0001725689035083633,0.0001725689035083633,False
43013,NOAA 20,2018-02-07 00:00:00+00:00,826.8721462701242,1.667,1.0,-0.0001962548180927115,0.0001962548180927115,False
43013,NOAA 20,2018-02-08 00:00:00+00:00,826.8719449397631,1.333,1.0,-0.0002013303610510775,0.0002013303610510775,False
43013,NOAA 20,2018-02-09 00:00:00+00:00,826.8716860864643,2.667,1.0,-0.00025885329887387343,0.00025885329887387343,False
43013,NOAA 20,2018-02-10 00:00:00+00:00,826.8714492272561,2.333,1.0,-0.00023685920814386918,0.00023685920814386918,False
43013,NOAA 20,2018-02-11 00:00:00+00:00,826.8712783502674,0.667,1.0,-0.00017087698870454915,0.00017087698870454915,False
43013,NOAA 20,2018-02-12 00:00:00+00:00,826.871061793307,1.667,1.0,-0.00021655696036759764,0.00021655696036759764,False
43013,NOAA 20,2018-02-13 00:00:00+00:00,826.8708553874694,0.667,1.0,-0.00020640583761633025,0.00020640583761633025,False
43013,NOAA 20,2018-02-14 00:00:00+00:00,826.8706422142432,1.333,1.0,-0.00021317322625691304,0.00021317322625691304,False
43013,NOAA 20,2018-02-15 00:00:00+00:00,826.8703444484922,4.667,1.0,-0.00029776575092910207,0.00029776575092910207,False
43013,NOAA 20,2018-02-16 00:00:00+00:00,826.8701278916024,2.333,1.0,-0.00021655688988175825,0.00021655688988175825,False
43013,NOAA 20,2018-02-17 00:00:00+00:00,826.869950247291,3.667,1.0,-0.00017764431140676606,0.00017764431140676606,False
43013,NOAA 20,2018-02-18 00:00:00+00:00,826.8696829349178,4.0,1.0,-0.0002673123731256055,0.0002673123731256055,False
43013,NOAA 20,2018-02-19 00:00:00+00:00,826.869451151425,4.0,1.0,-0.0002317834928362572,0.0002317834928362572,False
43013,NOAA 20,2018-02-20 00:00:00+00:00,826.8690823280958,2.667,1.0,-0.000368823329154111,0.000368823329154111,False
43013,NOAA 20,2018-02-21 00:00:00+00:00,826.8687777951063,2.0,1.0,-0.00030453298950305907,0.00030453298950305907,False
43013,NOAA 20,2018-02-22 00:00:00+00:00,826.868684743366,3.667,1.0,-9.305174035034725e-05,9.305174035034725e-05,False
43013,NOAA 20,2018-02-23 00:00:00+00:00,826.8684935643473,4.333,1.0,-0.00019117901865683962,0.00019117901865683962,False
43013,NOAA 20,2018-02-24 00:00:00+00:00,826.8683006934889,3.333,1.0,-0.00019287085842734086,0.00019287085842734086,False
43013,NOAA 20,2018-02-25 00:00:00+00:00,826.8679877013365,2.0,1.0,-0.0003129921524305246,0.0003129921524305246,False
43013,NOAA 20,2018-02-26 00:00:00+00:00,826.8677186972964,3.0,1.0,-0.00026900404009211343,0.00026900404009211343,False
43013,NOAA 20,2018-02-27 00:00:00+00:00,826.867512291698,5.333,1.0,-0.00020640559841922368,0.00020640559841922368,True
43013,NOAA 20,2018-02-28 00:00:00+00:00,826.8672771246816,2.333,1.0,-0.00023516701639891835,0.00023516701639891835,False
43013,NOAA 20,2018-03-01 00:00:00+00:00,826.8670656435679,2.667,1.0,-0.00021148111363800126,0.00021148111363800126,False
43013,NOAA 20,2018-03-02 00:00:00+00:00,826.866827092892,2.667,1.0,-0.0002385506759310374,0.0002385506759310374,False
43013,NOAA 20,2018-03-03 00:00:00+00:00,826.8664988742621,2.667,1.0,-0.0003282186298747547,0.0003282186298747547,False
43013,NOAA 20,2018-03-04 00:00:00+00:00,826.8662484806928,2.667,1.0,-0.0002503935693312087,0.0002503935693312087,False
43013,NOAA 20,2018-03-05 00:00:00+00:00,826.8660454588962,1.333,1.0,-0.0002030217965511838,0.0002030217965511838,False
43013,NOAA 20,2018-03-06 00:00:00+00:00,826.8658069083044,2.0,1.0,-0.0002385505918027775,0.0002385505918027775,False
43013,NOAA 20,2018-03-07 00:00:00+00:00,826.8656140376265,2.667,1.0,-0.00019287067789264256,0.00019287067789264256,False
43013,NOAA 20,2018-03-08 00:00:00+00:00,826.8653331908727,1.667,1.0,-0.00028084675386708113,0.00028084675386708113,False
43013,NOAA 20,2018-03-09 00:00:00+00:00,826.8650540359954,4.333,1.0,-0.00027915487726204447,0.00027915487726204447,False
43013,NOAA 20,2018-03-10 00:00:00+00:00,826.8648510142834,4.0,1.0,-0.00020302171196817653,0.00020302171196817653,False
43013,NOAA 20,2018-03-11 00:00:00+00:00,826.864629382264,2.333,1.0,-0.00022163201947478228,0.00022163201947478228,False
43013,NOAA 20,2018-03-12 00:00:00+00:00,826.8644128258029,1.0,1.0,-0.00021655646105500637,0.00021655646105500637,False
43013,NOAA 20,2018-03-13 00:00:00+00:00,826.8641793508868,1.0,1.0,-0.00023347491605818504,0.00023347491605818504,False
43013,NOAA 20,2018-03-14 00:00:00+00:00,826.8638257548537,4.0,1.0,-0.00035359603316464927,0.00035359603316464927,False
43013,NOAA 20,2018-03-15 00:00:00+00:00,826.863600739221,4.0,1.0,-0.00022501563262267155,0.00022501563262267155,False
43013,NOAA 20,2018-03-16 00:00:00+00:00,826.8633604969837,4.333,1.0,-0.0002402422373961599,0.0002402422373961599,False
43013,NOAA 20,2018-03-17 00:00:00+00:00,826.8631117955338,4.333,1.0,-0.00024870144989108667,0.00024870144989108667,False
43013,NOAA 20,2018-03-18 00:00:00+00:00,826.8627988039452,6.0,1.0,-0.0003129915885438095,0.0003129915885438095,True
43013,NOAA 20,2018-03-19 00:00:00+00:00,826.8624841205419,4.333,1.0,-0.00031468340330320643,0.00031468340330320643,False
43013,NOAA 20,2018-03-20 00:00:00+00:00,826.8621863556336,3.0,1.0,-0.0002977649082822609,0.0002977649082822609,False
43013,NOAA 20,2018-03-21 00:00:00+00:00,826.8619055092158,2.0,1.0,-0.00028084641780878883,0.00028084641780878883,False
43013,NOAA 20,2018-03-22 00:00:00+00:00,826.8616686508112,3.0,1.0,-0.00023685840460530017,0.00023685840460530017,False
43013,NOAA 20,2018-03-23 00:00:00+00:00,826.8614284087357,4.0,1.0,-0.000240242075506103,0.000240242075506103,False
43013,NOAA 20,2018-03-24 00:00:00+00:00,826.8611204928648,2.667,1.0,-0.00030791587096246076,0.00030791587096246076,False
43013,NOAA 20,2018-03-25 00:00:00+00:00,826.8608396465497,4.0,1.0,-0.00028084631503588753,0.00028084631503588753,False
43013,NOAA 20,2018-03-26 00:00:00+00:00,826.8606230903738,3.0,1.0,-0.00021655617592841736,0.00021655617592841736,False
43013,NOAA 20,2018-03-27 00:00:00+00:00,826.860355778867,3.0,1.0,-0.0002673115068319021,0.0002673115068319021,False
43013,NOAA 20,2018-03-28 00:00:00+00:00,826.8600766244717,0.667,1.0,-0.0002791543952298525,0.0002791543952298525,False
43013,NOAA 20,2018-03-29 00:00:00+00:00,826.859789010879,1.667,1.0,-0.0002876135927181167,0.0002876135927181167,False
43013,NOAA 20,2018-03-30 00:00:00+00:00,826.8594861707174,2.333,1.0,-0.00030284016156656435,0.00030284016156656435,False
43013,NOAA 20,2018-03-31 00:00:00+00:00,826.8592188593148,2.667,1.0,-0.0002673114026947587,0.0002673114026947587,False
43013,NOAA 20,2018-04-01 00:00:00+00:00,826.8589955358839,1.333,1.0,-0.000223323430873279,0.000223323430873279,False
43013,NOAA 20,2018-04-02 00:00:00+00:00,826.8587180734639,1.667,1.0,-0.0002774624199446407,0.0002774624199446407,False
43013,NOAA 20,2018-04-03 00:00:00+00:00,826.8584338436958,2.0,1.0,-0.0002842297681127093,0.0002842297681127093,False
43013,NOAA 20,2018-04-04 00:00:00+00:00,826.8581732997663,1.667,1.0,-0.00026054392947116867,0.00026054392947116867,False
43013,NOAA 20,2018-04-05 00:00:00+00:00,826.8578755353037,3.0,1.0,-0.000297764462629857,0.000297764462629857,False
43013,NOAA 20,2018-04-06 00:00:00+00:00,826.8577503388915,1.667,1.0,-0.00012519641222752398,0.00012519641222752398,False
43013,NOAA 20,2018-04-07 00:00:00+00:00,826.8574491907866,2.0,1.0,-0.00030114810488157673,0.00030114810488157673,False
43013,NOAA 20,2018-04-08 00:00:00+00:00,826.8572292511799,2.333,1.0,-0.00021993960672261892,0.00021993960672261892,False
43013,NOAA 20,2018-04-09 00:00:00+00:00,826.8569619399868,4.333,1.0,-0.00026731119305622997,0.00026731119305622997,False
43013,NOAA 20,2018-04-10 00:00:00+00:00,826.856572816143,4.0,1.0,-0.0003891238438882283,0.0003891238438882283,False
43013,NOAA 20,2018-04-11 00:00:00+00:00,826.855665988608,4.333,1.0,-0.0009068275348909083,0.0009068275348909083,False
43013,NOAA 20,2018-04-12 00:00:00+00:00,826.8553851428233,3.0,1.0,-0.0002808457848004764,0.0002808457848004764,False
43013,NOAA 20,2018-04-13 00:00:00+00:00,826.8551855054757,3.667,1.0,-0.0001996373475776636,0.0001996373475776636,False
43013,NOAA 20,2018-04-14 00:00:00+00:00,826.8550027865604,2.0,1.0,-0.00018271891531185247,0.00018271891531185247,False
43013,NOAA 20,2018-04-15 00:00:00+00:00,826.8548065329223,2.333,1.0,-0.00019625363802333595,0.00019625363802333595,False
43013,NOAA 20,2018-04-16 00:00:00+00:00,826.8545392219539,1.0,1.0,-0.00026731096841103863,0.00026731096841103863,False
43013,NOAA 20,2018-04-17 00:00:00+00:00,826.8542549925978,1.0,1.0,-0.0002842293561116094,0.0002842293561116094,False
43013,NOAA 20,2018-04-18 00:00:00+00:00,826.8538692528018,2.0,1.0,-0.0003857397960018716,0.0003857397960018716,False
43013,NOAA 20,2018-04-19 00:00:00+00:00,826.8535951745571,1.0,1.0,-0.00027407824472902576,0.00027407824472902576,False
43013,NOAA 20,2018-04-20 00:00:00+00:00,826.8533278637024,6.0,1.0,-0.0002673108547242009,0.0002673108547242009,True
43013,NOAA 20,2018-04-21 00:00:00+00:00,826.8529370485085,3.333,1.0,-0.00039081519389583264,0.00039081519389583264,False
43013,NOAA 20,2018-04-22 00:00:00+00:00,826.8525766864941,1.667,1.0,-0.00036036201436218107,0.00036036201436218107,False
43013,NOAA 20,2018-04-23 00:00:00+00:00,826.8522112490045,3.0,1.0,-0.0003654374895631918,0.0003654374895631918,False
43013,NOAA 20,2018-04-24 00:00:00+00:00,826.8519642403562,2.0,1.0,-0.0002470086483299383,0.0002470086483299383,False
43013,NOAA 20,2018-04-25 00:00:00+00:00,826.851713848052,2.0,1.0,-0.00025039230422407854,0.00025039230422407854,False
43013,NOAA 20,2018-04-26 00:00:00+00:00,826.851531129355,1.667,1.0,-0.00018271869703312404,0.00018271869703312404,False
43013,NOAA 20,2018-04-27 00:00:00+00:00,826.8511132449753,2.667,1.0,-0.00041788437965806224,0.00041788437965806224,False
43013,NOAA 20,2018-04-28 00:00:00+00:00,826.8509559039057,1.667,1.0,-0.00015734106955278548,0.00015734106955278548,False
43013,NOAA 20,2018-04-29 00:00:00+00:00,826.8508949976895,1.333,1.0,-6.090621627663495e-05,6.090621627663495e-05,False
43013,NOAA 20,2018-04-30 00:00:00+00:00,826.850695360652,2.333,1.0,-0.0001996370374399703,0.0001996370374399703,False
43013,NOAA 20,2018-05-01 00:00:00+00:00,826.8503840622507,1.0,1.0,-0.00031129840135690756,0.00031129840135690756,False
43013,NOAA 20,2018-05-02 00:00:00+00:00,826.8500829149143,2.0,1.0,-0.00030114733635855373,0.00030114733635855373,False
43013,NOAA 20,2018-05-03 00:00:00+00:00,826.8498528248374,1.333,1.0,-0.0002300900769114378,0.0002300900769114378,False
43013,NOAA 20,2018-05-04 00:00:00+00:00,826.8496125837455,1.333,1.0,-0.00024024109188758302,0.00024024109188758302,False
43013,NOAA 20,2018-05-05 00:00:00+00:00,826.8493757263523,5.667,1.0,-0.0002368573932471918,0.0002368573932471918,True
43013,NOAA 20,2018-05-06 00:00:00+00:00,826.8490441260337,5.667,1.0,-0.000331600318531855,0.000331600318531855,True
43013,NOAA 20,2018-05-07 00:00:00+00:00,826.8486956073721,4.0,1.0,-0.00034851866166718537,0.00034851866166718537,False
43013,NOAA 20,2018-05-08 00:00:00+00:00,826.8483775418354,3.667,1.0,-0.0003180655367032159,0.0003180655367032159,False
43013,NOAA 20,2018-05-09 00:00:00+00:00,826.8479850354752,4.0,1.0,-0.0003925063601855072,0.0003925063601855072,False
43013,NOAA 20,2018-05-10 00:00:00+00:00,826.8476669700158,3.333,1.0,-0.00031806545939616626,0.00031806545939616626,False
43013,NOAA 20,2018-05-11 00:00:00+00:00,826.8475316230224,3.667,1.0,-0.00013534699337469647,0.00013534699337469647,False
43013,NOAA 20,2018-05-12 00:00:00+00:00,826.8473319862196,3.667,1.0,-0.00019963680279033724,0.00019963680279033724,False
43013,NOAA 20,2018-05-13 00:00:00+00:00,826.8470646759438,2.333,1.0,-0.00026731027583082323,0.00026731027583082323,False
43013,NOAA 20,2018-05-14 00:00:00+00:00,826.8465977289425,2.0,1.0,-0.0004669470013141108,0.0004669470013141108,False
43013,NOAA 20,2018-05-15 00:00:00+00:00,826.8464336207753,1.333,1.0,-0.0001641081671550637,0.0001641081671550637,False
43013,NOAA 20,2018-05-16 00:00:00+00:00,826.8462272167008,1.333,1.0,-0.00020640407456085086,0.00020640407456085086,False
43013,NOAA 20,2018-05-17 00:00:00+00:00,826.8460546493725,3.0,1.0,-0.00017256732826353982,0.00017256732826353982,False
43013,NOAA 20,2018-05-18 00:00:00+00:00,826.8455843188613,1.667,1.0,-0.00047033051123435143,0.00047033051123435143,False
43013,NOAA 20,2018-05-19 00:00:00+00:00,826.8453000903874,1.0,1.0,-0.00028422847390174866,0.00028422847390174866,False
43013,NOAA 20,2018-05-20 00:00:00+00:00,826.8450530823316,1.0,1.0,-0.0002470080557941401,0.0002470080557941401,False
43013,NOAA 20,2018-05-21 00:00:00+00:00,826.84484160285,1.0,1.0,-0.00021147948154975893,0.00021147948154975893,False
43013,NOAA 20,2018-05-22 00:00:00+00:00,826.8445066193826,2.0,1.0,-0.000334983467382699,0.000334983467382699,False
43013,NOAA 20,2018-05-23 00:00:00+00:00,826.84427991342,3.333,1.0,-0.00022670596263196785,0.00022670596263196785,False
43013,NOAA 20,2018-05-24 00:00:00+00:00,826.8439483136885,1.333,1.0,-0.000331599731453025,0.000331599731453025,False
43013,NOAA 20,2018-05-25 00:00:00+00:00,826.8437368342861,1.333,1.0,-0.00021147940242371988,0.00021147940242371988,False
43013,NOAA 20,2018-05-26 00:00:00+00:00,826.8435744181161,1.333,1.0,-0.00016241617004197906,0.00016241617004197906,False
43013,NOAA 20,2018-05-27 00:00:00+00:00,826.8434847508597,1.333,1.0,-8.966725636128103e-05,8.966725636128103e-05,False
43013,NOAA 20,2018-05-28 00:00:00+00:00,826.8433494040637,1.667,1.0,-0.00013534679601434618,0.00013534679601434618,False
43013,NOAA 20,2018-05-29 00:00:00+00:00,826.8430854778276,1.667,1.0,-0.00026392623612991883,0.00026392623612991883,False
43013,NOAA 20,2018-05-30 00:00:00+00:00,826.842667594673,1.667,1.0,-0.00041788315456869896,0.00041788315456869896,False
43013,NOAA 20,2018-05-31 00:00:00+00:00,826.842591462118,4.333,1.0,-7.613255502292304e-05,7.613255502292304e-05,False
43013,NOAA 20,2018-06-01 00:00:00+00:00,826.8424375051854,4.667,1.0,-0.000153956932535948,0.000153956932535948,False
43013,NOAA 20,2018-06-02 00:00:00+00:00,826.8420280812925,4.0,1.0,-0.0004094238929610583,0.0004094238929610583,False
43013,NOAA 20,2018-06-03 00:00:00+00:00,826.8416474186351,2.667,1.0,-0.00038066265733505134,0.00038066265733505134,False
43013,NOAA 20,2018-06-04 00:00:00+00:00,826.8413936435577,1.333,1.0,-0.0002537750774536107,0.0002537750774536107,False
43013,NOAA 20,2018-06-05 00:00:00+00:00,826.8411720133417,1.667,1.0,-0.00022163021594678867,0.00022163021594678867,False
43013,NOAA 20,2018-06-06 00:00:00+00:00,826.8408776343035,3.667,1.0,-0.00029437903822326916,0.00029437903822326916,False
43013,NOAA 20,2018-06-07 00:00:00+00:00,826.8405832552949,2.667,1.0,-0.00029437900866469136,0.00029437900866469136,False
43013,NOAA 20,2018-06-08 00:00:00+00:00,826.8403345558113,2.0,1.0,-0.00024869948356354143,0.00024869948356354143,False
43013,NOAA 20,2018-06-09 00:00:00+00:00,826.840178907164,1.333,1.0,-0.00015564864725092775,0.00015564864725092775,False
43013,NOAA 20,2018-06-10 00:00:00+00:00,826.8399014465567,1.0,1.0,-0.0002774606073217001,0.0002774606073217001,False
43013,NOAA 20,2018-06-11 00:00:00+00:00,826.839766099928,1.333,1.0,-0.00013534662866732106,0.00013534662866732106,False
43013,NOAA 20,2018-06-12 00:00:00+00:00,826.8396442879675,1.667,1.0,-0.00012181196052551968,0.00012181196052551968,False
43013,NOAA 20,2018-06-13 00:00:00+00:00,826.8972280995695,2.0,1.0,0.057583811601944035,-0.057583811601944035,False
43013,NOAA 20,2018-06-14 00:00:00+00:00,826.9066230328513,1.333,1.0,0.009394933281782869,-0.009394933281782869,False
43013,NOAA 20,2018-06-15 00:00:00+00:00,826.906271123486,1.0,1.0,-0.00035190936523576966,0.00035190936523576966,False
43013,NOAA 20,2018-06-16 00:00:00+00:00,826.9060934769436,0.667,1.0,-0.0001776465423972695,0.0001776465423972695,False
43013,NOAA 20,2018-06-17 00:00:00+00:00,826.9059141385442,1.667,1.0,-0.0001793383994481701,0.0001793383994481701,False
43013,NOAA 20,2018-06-18 00:00:00+00:00,826.9056654334231,4.0,1.0,-0.0002487051210664504,0.0002487051210664504,False
43013,NOAA 20,2018-06-19 00:00:00+00:00,826.9053304428849,2.333,1.0,-0.00033499053824925795,0.00033499053824925795,False
43013,NOAA 20,2018-06-20 00:00:00+00:00,826.9050529760034,2.333,1.0,-0.00027746688147090026,0.00027746688147090026,False
43013,NOAA 20,2018-06-21 00:00:00+00:00,826.9047822766329,1.0,1.0,-0.0002706993705032801,0.0002706993705032801,False
43013,NOAA 20,2018-06-22 00:00:00+00:00,826.90459447896,1.333,1.0,-0.00018779767287924187,0.00018779767287924187,False
43013,NOAA 20,2018-06-23 00:00:00+00:00,826.9043829951083,4.0,1.0,-0.00021148385167180095,0.00021148385167180095,False
43013,NOAA 20,2018-06-24 00:00:00+00:00,826.9042764072528,2.667,1.0,-0.00010658785549821914,0.00010658785549821914,False
43013,NOAA 20,2018-06-25 00:00:00+00:00,826.9041072201894,5.0,1.0,-0.00016918706342039513,0.00016918706342039513,True
43013,NOAA 20,2018-06-26 00:00:00+00:00,826.9037705379619,4.667,1.0,-0.00033668222749838606,0.00033668222749838606,False
43013,NOAA 20,2018-06-27 00:00:00+00:00,826.9035522866893,2.667,1.0,-0.00021825127259944566,0.00021825127259944566,False
43013,NOAA 20,2018-06-28 00:00:00+00:00,826.9034541582159,1.667,1.0,-9.81284733825305e-05,9.81284733825305e-05,False
43013,NOAA 20,2018-06-29 00:00:00+00:00,826.9032900468119,1.333,1.0,-0.00016411140404670732,0.00016411140404670732,False
43013,NOAA 20,2018-06-30 00:00:00+00:00,826.903076871185,1.0,1.0,-0.00021317562686817837,0.00021317562686817837,False
43013,NOAA 20,2018-07-01 00:00:00+00:00,826.9027621833852,0.667,1.0,-0.0003146877998005948,0.0003146877998005948,False
43013,NOAA 20,2018-07-02 00:00:00+00:00,826.9025253216232,1.0,1.0,-0.00023686176200499176,0.00023686176200499176,False
43013,NOAA 20,2018-07-03 00:00:00+00:00,826.9022884598808,1.667,1.0,-0.00023686174245085567,0.00023686174245085567,False
43013,NOAA 20,2018-07-04 00:00:00+00:00,826.9020786680671,1.333,1.0,-0.00020979181363145472,0.00020979181363145472,False
43013,NOAA 20,2018-07-05 00:00:00+00:00,826.9018722600081,4.667,1.0,-0.00020640805905713933,0.00020640805905713933,False
43013,NOAA 20,2018-07-06 00:00:00+00:00,826.9016675438329,3.667,1.0,-0.00020471617517614504,0.00020471617517614504,False
43013,NOAA 20,2018-07-07 00:00:00+00:00,826.901405304126,2.0,1.0,-0.00026223970689898124,0.00026223970689898124,False
43013,NOAA 20,2018-07-08 00:00:00+00:00,826.9011667506056,1.333,1.0,-0.0002385535203757172,0.0002385535203757172,False
43013,NOAA 20,2018-07-09 00:00:00+00:00,826.9011836692944,0.667,1.0,1.6918688743317034e-05,-1.6918688743317034e-05,False
43013,NOAA 20,2018-07-10 00:00:00+00:00,826.9010517035249,2.333,1.0,-0.00013196576946938876,0.00013196576946938876,False
43013,NOAA 20,2018-07-11 00:00:00+00:00,826.900770853319,2.667,1.0,-0.0002808502058542217,0.0002808502058542217,False
43013,NOAA 20,2018-07-12 00:00:00+00:00,826.9005339917212,2.667,1.0,-0.0002368615978411981,0.0002368615978411981,False
43013,NOAA 20,2018-07-13 00:00:00+00:00,826.9004324796133,2.667,1.0,-0.00010151210790354526,0.00010151210790354526,False
43013,NOAA 20,2018-07-14 00:00:00+00:00,826.9002768277214,1.667,1.0,-0.00015565189187327633,0.00015565189187327633,False
43013,NOAA 20,2018-07-15 00:00:00+00:00,826.9001076408922,1.333,1.0,-0.00016918682922550943,0.00016918682922550943,False
43013,NOAA 20,2018-07-16 00:00:00+00:00,826.8998775468208,2.667,1.0,-0.00023009407141216798,0.00023009407141216798,False
43013,NOAA 20,2018-07-17 00:00:00+00:00,826.899576394314,3.0,1.0,-0.0003011525068359333,0.0003011525068359333,False
43013,NOAA 20,2018-07-18 00:00:00+00:00,826.8993598352272,1.0,1.0,-0.00021655908676621038,0.00021655908676621038,False
43013,NOAA 20,2018-07-19 00:00:00+00:00,826.8991331249517,1.0,1.0,-0.00022671027545584366,0.00022671027545584366,False
43013,NOAA 20,2018-07-20 00:00:00+00:00,826.8989368683078,2.0,1.0,-0.0001962566439033253,0.0001962566439033253,False
43013,NOAA 20,2018-07-21 00:00:00+00:00,826.8986830881859,3.333,1.0,-0.0002537801219659741,0.0002537801219659741,False
43013,NOAA 20,2018-07-22 00:00:00+00:00,826.8984969827779,1.333,1.0,-0.00018610540791996755,0.00018610540791996755,False
43013,NOAA 20,2018-07-23 00:00:00+00:00,826.8981890629475,1.0,1.0,-0.0003079198304476449,0.0003079198304476449,False
43013,NOAA 20,2018-07-24 00:00:00+00:00,826.8979995738364,4.0,1.0,-0.0001894891111078323,0.0001894891111078323,False
43013,NOAA 20,2018-07-25 00:00:00+00:00,826.8978608407451,3.333,1.0,-0.00013873309126211097,0.00013873309126211097,False
43013,NOAA 20,2018-07-26 00:00:00+00:00,826.8977187239279,1.333,1.0,-0.00014211681718734326,0.00014211681718734326,False
43013,NOAA 20,2018-07-27 00:00:00+00:00,826.8975867583167,1.667,1.0,-0.00013196561121731065,0.00013196561121731065,False
43013,NOAA 20,2018-07-28 00:00:00+00:00,826.8974023448459,2.0,1.0,-0.0001844134708335332,0.0001844134708335332,False
43013,NOAA 20,2018-07-29 00:00:00+00:00,826.8972653036503,1.333,1.0,-0.00013704119555768557,0.00013704119555768557,False
43013,NOAA 20,2018-07-30 00:00:00+00:00,826.8970690471342,2.0,1.0,-0.0001962565161193197,0.0001962565161193197,False
43013,NOAA 20,2018-07-31 00:00:00+00:00,826.8968084997123,2.333,1.0,-0.0002605474219308235,0.0002605474219308235,False
43013,NOAA 20,2018-08-01 00:00:00+00:00,826.8965800977717,2.333,1.0,-0.00022840194060336216,0.00022840194060336216,False
43013,NOAA 20,2018-08-02 00:00:00+00:00,826.8962366489591,2.667,1.0,-0.00034344881260039983,0.00034344881260039983,False
43013,NOAA 20,2018-08-03 00:00:00+00:00,826.8961046834156,2.667,1.0,-0.00013196554345995537,0.00013196554345995537,False
43013,NOAA 20,2018-08-04 00:00:00+00:00,826.895789996378,2.0,1.0,-0.0003146870376440347,0.0003146870376440347,False
43013,NOAA 20,2018-08-05 00:00:00+00:00,826.8956935600345,2.0,1.0,-9.643634348321939e-05,9.643634348321939e-05,False
43013,NOAA 20,2018-08-06 00:00:00+00:00,826.8965378011289,1.0,1.0,0.0008442410944553558,-0.0008442410944553558,False
43013,NOAA 20,2018-08-07 00:00:00+00:00,826.8952790529793,3.0,1.0,-0.0012587481496666442,0.0012587481496666442,False
43013,NOAA 20,2018-08-08 00:00:00+00:00,826.8950591104849,1.667,1.0,-0.00021994249436829705,0.00021994249436829705,False
43013,NOAA 20,2018-08-09 00:00:00+00:00,826.8949508311089,1.333,1.0,-0.00010827937603608007,0.00010827937603608007,False
43013,NOAA 20,2018-08-10 00:00:00+00:00,826.894778260863,1.333,1.0,-0.0001725702459225431,0.0001725702459225431,False
43013,NOAA 20,2018-08-11 00:00:00+00:00,826.8946412197929,3.667,1.0,-0.00013704107004741672,0.00013704107004741672,False
43013,NOAA 20,2018-08-12 00:00:00+00:00,826.8944788007543,2.0,1.0,-0.00016241903858826845,0.00016241903858826845,False
43013,NOAA 20,2018-08-13 00:00:00+00:00,826.8941488871105,1.333,1.0,-0.00032991364378176513,0.00032991364378176513,False
43013,NOAA 20,2018-08-14 00:00:00+00:00,826.8939187935148,1.333,1.0,-0.00023009359574643895,0.00023009359574643895,False
43013,NOAA 20,2018-08-15 00:00:00+00:00,826.893695467395,4.0,1.0,-0.00022332611979436479,0.00022332611979436479,False
43013,NOAA 20,2018-08-16 00:00:00+00:00,826.893585496206,3.667,1.0,-0.00010997118897648761,0.00010997118897648761,False
43013,NOAA 20,2018-08-17 00:00:00+00:00,826.893316489779,4.0,1.0,-0.00026900642706095823,0.00026900642706095823,False
43013,NOAA 20,2018-08-18 00:00:00+00:00,826.8929324366177,3.333,1.0,-0.0003840531612695486,0.0003840531612695486,False
43013,NOAA 20,2018-08-19 00:00:00+00:00,826.8927108024373,2.667,1.0,-0.0002216341804341937,0.0002216341804341937,False
43013,NOAA 20,2018-08-20 00:00:00+00:00,826.8925196218238,4.0,1.0,-0.00019118061345579918,0.00019118061345579918,False
43013,NOAA 20,2018-08-22 00:00:00+00:00,826.8921389524967,2.333,2.0,-0.0003806693271144468,0.0001903346635572234,False
43013,NOAA 20,2018-08-23 00:00:00+00:00,826.8919799173264,1.667,1.0,-0.00015903517032711534,0.00015903517032711534,False
43013,NOAA 20,2018-08-24 00:00:00+00:00,826.8917142947739,2.667,1.0,-0.0002656225524333422,0.0002656225524333422,False
43013,NOAA 20,2018-08-25 00:00:00+00:00,826.8915197304996,4.333,1.0,-0.00019456427435216028,0.00019456427435216028,False
43013,NOAA 20,2018-08-26 00:00:00+00:00,826.8913742302675,7.333,1.0,-0.00014550023206538754,0.00014550023206538754,True
43013,NOAA 20,2018-08-27 00:00:00+00:00,826.8911576717983,5.667,1.0,-0.00021655846921930788,0.00021655846921930788,True
43013,NOAA 20,2018-08-28 00:00:00+00:00,826.8908649795167,3.667,1.0,-0.0002926922816186561,0.0002926922816186561,False
43013,NOAA 20,2018-08-29 00:00:00+00:00,826.8905925896152,2.333,1.0,-0.0002723899015109055,0.0002723899015109055,False
43013,NOAA 20,2018-08-30 00:00:00+00:00,826.8903506532665,1.667,1.0,-0.00024193634862967883,0.00024193634862967883,False
43013,NOAA 20,2018-08-31 00:00:00+00:00,826.8901324030094,2.333,1.0,-0.00021825025714861113,0.00021825025714861113,False
43013,NOAA 20,2018-09-01 00:00:00+00:00,826.8898447864194,2.0,1.0,-0.0002876165899579064,0.0002876165899579064,False
43013,NOAA 20,2018-09-02 00:00:00+00:00,826.889489495376,2.0,1.0,-0.0003552910434336809,0.0003552910434336809,False
43013,NOAA 20,2018-09-03 00:00:00+00:00,826.8892357160858,1.333,1.0,-0.00025377929023306933,0.00025377929023306933,False
43013,NOAA 20,2018-09-04 00:00:00+00:00,826.8890293089466,3.0,1.0,-0.00020640713910324848,0.00020640713910324848,False
43013,NOAA 20,2018-09-05 00:00:00+00:00,826.8888838088415,3.333,1.0,-0.00014550010519087664,0.00014550010519087664,False
43013,NOAA 20,2018-09-06 00:00:00+00:00,826.8886875528951,2.0,1.0,-0.00019625594632088905,0.00019625594632088905,False
43013,NOAA 20,2018-09-07 00:00:00+00:00,826.8884777620724,2.333,1.0,-0.00020979082273697713,0.00020979082273697713,False
43013,NOAA 20,2018-09-08 00:00:00+00:00,826.8882087561205,2.333,1.0,-0.00026900595184997655,0.00026900595184997655,False
43013,NOAA 20,2018-09-09 00:00:00+00:00,826.8879938897503,2.667,1.0,-0.00021486637024281663,0.00021486637024281663,False
43013,NOAA 20,2018-09-10 00:00:00+00:00,826.887794250144,5.0,1.0,-0.00019963960630775546,0.00019963960630775546,True
43013,NOAA 20,2018-09-11 00:00:00+00:00,826.8875743082217,6.0,1.0,-0.00021994192229612963,0.00021994192229612963,True
43013,NOAA 20,2018-09-12 00:00:00+00:00,826.887354366314,4.0,1.0,-0.0002199419077442144,0.0002199419077442144,False
43013,NOAA 20,2018-09-13 00:00:00+00:00,826.8870667499996,4.0,1.0,-0.00028761631438101176,0.00028761631438101176,False
43013,NOAA 20,2018-09-14 00:00:00+00:00,826.886741912786,4.333,1.0,-0.00032483721361131757,0.00032483721361131757,False
43013,NOAA 20,2018-09-15 00:00:00+00:00,826.8864745988558,2.667,1.0,-0.00026731393018053495,0.00026731393018053495,False
43013,NOAA 20,2018-09-16 00:00:00+00:00,826.8861531454286,2.333,1.0,-0.0003214534272046876,0.0003214534272046876,False
43013,NOAA 20,2018-09-17 00:00:00+00:00,826.8858621455156,3.333,1.0,-0.0002909999129769858,0.0002909999129769858,False
43013,NOAA 20,2018-09-18 00:00:00+00:00,826.8856235932822,2.333,1.0,-0.0002385522334407142,0.0002385522334407142,False
43013,NOAA 20,2018-09-19 00:00:00+00:00,826.885280145777,2.333,1.0,-0.00034344750520176603,0.00034344750520176603,False
43013,NOAA 20,2018-09-20 00:00:00+00:00,826.8849789947944,0.667,1.0,-0.00030115098252281314,0.00030115098252281314,False
43013,NOAA 20,2018-09-21 00:00:00+00:00,826.8847928902705,4.333,1.0,-0.00018610452389111742,0.00018610452389111742,False
43013,NOAA 20,2018-09-22 00:00:00+00:00,826.8847201403241,4.667,1.0,-7.274994641193189e-05,7.274994641193189e-05,False
43013,NOAA 20,2018-09-23 00:00:00+00:00,826.8844172975419,3.333,1.0,-0.0003028427822755475,0.0003028427822755475,False
43013,NOAA 20,2018-09-24 00:00:00+00:00,826.8841415245333,2.333,1.0,-0.0002757730085249932,0.0002757730085249932,False
43013,NOAA 20,2018-09-25 00:00:00+00:00,826.8838082283546,3.0,1.0,-0.00033329617872368544,0.00033329617872368544,False
43013,NOAA 20,2018-09-26 00:00:00+00:00,826.8836610366552,2.667,1.0,-0.0001471916993978084,0.0001471916993978084,False
43013,NOAA 20,2018-09-27 00:00:00+00:00,826.8834867752257,2.333,1.0,-0.00017426142949261703,0.00017426142949261703,False
43013,NOAA 20,2018-09-28 00:00:00+00:00,826.8831534791248,3.0,1.0,-0.00033329610096188844,0.00033329610096188844,False
43013,NOAA 20,2018-09-29 00:00:00+00:00,826.8827880377576,3.333,1.0,-0.0003654413671938528,0.0003654413671938528,False
43013,NOAA 20,2018-09-30 00:00:00+00:00,826.8824073697156,2.333,1.0,-0.0003806680419984332,0.0003806680419984332,False
43013,NOAA 20,2018-10-01 00:00:00+00:00,826.8821248294698,3.667,1.0,-0.00028254024573470815,0.00028254024573470815,False
43013,NOAA 20,2018-10-02 00:00:00+00:00,826.8819082716932,3.667,1.0,-0.00021655777663909248,0.00021655777663909248,False
43013,NOAA 20,2018-10-03 00:00:00+00:00,826.8816409582123,2.333,1.0,-0.0002673134808901523,0.0002673134808901523,False
43013,NOAA 20,2018-10-04 00:00:00+00:00,826.8812772088932,1.667,1.0,-0.00036374931914906483,0.00036374931914906483,False
43013,NOAA 20,2018-10-05 00:00:00+00:00,826.8809675990465,3.0,1.0,-0.0003096098466812691,0.0003096098466812691,False
43013,NOAA 20,2018-10-06 00:00:00+00:00,826.8807222797905,3.0,1.0,-0.0002453192560096795,0.0002453192560096795,False
43013,NOAA 20,2018-10-07 00:00:00+00:00,826.8804854198388,5.333,1.0,-0.00023685995165578788,0.00023685995165578788,True
43013,NOAA 20,2018-10-08 00:00:00+00:00,826.8804414315646,4.333,1.0,-4.398827422846807e-05,4.398827422846807e-05,False
43013,NOAA 20,2018-10-09 00:00:00+00:00,826.8801842693583,3.667,1.0,-0.0002571622062532697,0.0002571622062532697,False
43013,NOAA 20,2018-10-10 00:00:00+00:00,826.8796834798654,4.667,1.0,-0.000500789492889453,0.000500789492889453,False
43013,NOAA 20,2018-10-11 00:00:00+00:00,826.8792842018174,3.0,1.0,-0.0003992780480075453,0.0003992780480075453,False
43013,NOAA 20,2018-10-12 00:00:00+00:00,826.8791623881871,1.667,1.0,-0.00012181363035779214,0.00012181363035779214,False
43013,NOAA 20,2018-10-13 00:00:00+00:00,826.878886615682,4.333,1.0,-0.00027577250511967577,0.00027577250511967577,False
43013,NOAA 20,2018-10-14 00:00:00+00:00,826.8785059481543,2.0,1.0,-0.00038066752767917933,0.00038066752767917933,False
43013,NOAA 20,2018-10-15 00:00:00+00:00,826.8780897517172,3.0,1.0,-0.0004161964370723581,0.0004161964370723581,False
43013,NOAA 20,2018-10-16 00:00:00+00:00,826.8776938576002,2.0,1.0,-0.00039589411699125776,0.00039589411699125776,False
43013,NOAA 20,2018-10-17 00:00:00+00:00,826.8773537947491,1.667,1.0,-0.0003400628511371906,0.0003400628511371906,False
43013,NOAA 20,2018-10-18 00:00:00+00:00,826.8770797142729,0.333,1.0,-0.00027408047617427655,0.00027408047617427655,False
43013,NOAA 20,2018-10-19 00:00:00+00:00,826.8768022501108,0.667,1.0,-0.00027746416208174196,0.00027746416208174196,False
43013,NOAA 20,2018-10-20 00:00:00+00:00,826.8764520362383,0.333,1.0,-0.00035021387247979874,0.00035021387247979874,False
43013,NOAA 20,2018-10-21 00:00:00+00:00,826.8762456300137,2.0,1.0,-0.00020640622460632585,0.00020640622460632585,False
43013,NOAA 20,2018-10-22 00:00:00+00:00,826.8760104622847,2.667,1.0,-0.0002351677289880172,0.0002351677289880172,False
43013,NOAA 20,2018-10-23 00:00:00+00:00,826.8758226664859,1.0,1.0,-0.00018779579886540887,0.00018779579886540887,False
43013,NOAA 20,2018-10-24 00:00:00+00:00,826.8755147490797,1.333,1.0,-0.00030791740618951735,0.00030791740618951735,False
43013,NOAA 20,2018-10-25 00:00:00+00:00,826.8751510005345,2.0,1.0,-0.0003637485451690736,0.0003637485451690736,False
43013,NOAA 20,2018-10-26 00:00:00+00:00,826.8748109379826,2.333,1.0,-0.0003400625519134337,0.0003400625519134337,False
43013,NOAA 20,2018-10-27 00:00:00+00:00,826.874624834114,1.667,1.0,-0.0001861038686001848,0.0001861038686001848,False
43013,NOAA 20,2018-10-28 00:00:00+00:00,826.8743507538957,1.333,1.0,-0.0002740802183325286,0.0002740802183325286,False
43013,NOAA 20,2018-10-29 00:00:00+00:00,826.8740360692327,0.333,1.0,-0.0003146846629533684,0.0003146846629533684,False
43013,NOAA 20,2018-10-30 00:00:00+00:00,826.8736351001171,2.0,1.0,-0.00040096911561704474,0.00040096911561704474,False
43013,NOAA 20,2018-10-31 00:00:00+00:00,826.8732645843988,1.667,1.0,-0.0003705157182594121,0.0003705157182594121,False
43013,NOAA 20,2018-11-01 00:00:00+00:00,826.8728805339115,2.0,1.0,-0.00038405048735512537,0.00038405048735512537,False
43013,NOAA 20,2018-11-02 00:00:00+00:00,826.8726081457094,2.667,1.0,-0.0002723882021200552,0.0002723882021200552,False
43013,NOAA 20,2018-11-03 00:00:00+00:00,826.8723069960515,2.0,1.0,-0.00030114965784378,0.00030114965784378,False
43013,NOAA 20,2018-11-04 00:00:00+00:00,826.8720633693865,5.333,1.0,-0.0002436266649965546,0.0002436266649965546,True
43013,NOAA 20,2018-11-05 00:00:00+00:00,826.8718468123666,5.667,1.0,-0.0002165570199395006,0.0002165570199395006,True
43013,NOAA 20,2018-11-06 00:00:00+00:00,826.8714559946629,3.667,1.0,-0.0003908177036464622,0.0003908177036464622,False
43013,NOAA 20,2018-11-07 00:00:00+00:00,826.8712546643492,3.333,1.0,-0.000201330313757353,0.000201330313757353,False
43013,NOAA 20,2018-11-08 00:00:00+00:00,826.8709585903875,4.0,1.0,-0.00029607396163555677,0.00029607396163555677,False
43013,NOAA 20,2018-11-09 00:00:00+00:00,826.8707386497495,4.0,1.0,-0.00021994063808961073,0.00021994063808961073,False
43013,NOAA 20,2018-11-10 00:00:00+00:00,826.8702835418653,4.333,1.0,-0.0004551078841359413,0.0004551078841359413,False
43013,NOAA 20,2018-11-11 00:00:00+00:00,826.8699536309928,3.0,1.0,-0.00032991087255140883,0.00032991087255140883,False
43013,NOAA 20,2018-11-12 00:00:00+00:00,826.8696203364543,3.333,1.0,-0.0003332945384499908,0.0003332945384499908,False
43013,NOAA 20,2018-11-13 00:00:00+00:00,826.8693293382103,2.0,1.0,-0.00029099824405420804,0.00029099824405420804,False
43013,NOAA 20,2018-11-14 00:00:00+00:00,826.868957131197,1.333,1.0,-0.000372207013242587,0.000372207013242587,False
43013,NOAA 20,2018-11-15 00:00:00+00:00,826.8685781568342,0.667,1.0,-0.0003789743627748976,0.0003789743627748976,False
43013,NOAA 20,2018-11-16 00:00:00+00:00,826.868283774993,1.0,1.0,-0.00029438184128594,0.00029438184128594,False
43013,NOAA 20,2018-11-17 00:00:00+00:00,826.8679284866075,0.667,1.0,-0.00035528838543541497,0.00035528838543541497,False
43013,NOAA 20,2018-11-18 00:00:00+00:00,826.867579965663,1.0,1.0,-0.0003485209444988868,0.0003485209444988868,False
43013,NOAA 20,2018-11-19 00:00:00+00:00,826.8674192399994,1.667,1.0,-0.0001607256635907106,0.0001607256635907106,False
43013,NOAA 20,2018-11-20 00:00:00+00:00,826.8670741028127,3.0,1.0,-0.00034513718674134,0.00034513718674134,False
43013,NOAA 20,2018-11-21 00:00:00+00:00,826.8668118662545,2.667,1.0,-0.0002622365582283237,0.0002622365582283237,False
43013,NOAA 20,2018-11-22 00:00:00+00:00,826.8665141009001,1.0,1.0,-0.0002977653543894121,0.0002977653543894121,False
43013,NOAA 20,2018-11-23 00:00:00+00:00,826.8662383296041,1.0,1.0,-0.00027577129594646976,0.00027577129594646976,False
43013,NOAA 20,2018-11-24 00:00:00+00:00,826.8660539181374,1.667,1.0,-0.00018441146676195785,0.00018441146676195785,False
43013,NOAA 20,2018-11-25 00:00:00+00:00,826.8657764550389,1.0,1.0,-0.00027746309842768824,0.00027746309842768824,False
43013,NOAA 20,2018-11-26 00:00:00+00:00,826.8654516202232,0.667,1.0,-0.00032483481572853634,0.00032483481572853634,False
43013,NOAA 20,2018-11-27 00:00:00+00:00,826.8649795946994,2.333,1.0,-0.0004720255237771198,0.0004720255237771198,False
43013,NOAA 20,2018-11-28 00:00:00+00:00,826.8647105909413,1.0,1.0,-0.0002690037581487559,0.0002690037581487559,False
43013,NOAA 20,2018-11-29 00:00:00+00:00,826.8644280524295,2.0,1.0,-0.0002825385117830592,0.0002825385117830592,False
43013,NOAA 20,2018-11-30 00:00:00+00:00,826.8641167525448,1.333,1.0,-0.00031129988474276615,0.00031129988474276615,False
43013,NOAA 20,2018-12-01 00:00:00+00:00,826.8638375977835,3.0,1.0,-0.00027915476130147,0.00027915476130147,False
43013,NOAA 20,2018-12-02 00:00:00+00:00,826.8634450893182,3.667,1.0,-0.00039250846521099447,0.00039250846521099447,False
43013,NOAA 20,2018-12-03 00:00:00+00:00,826.8631405569263,3.0,1.0,-0.00030453239196504,0.00030453239196504,False
43013,NOAA 20,2018-12-04 00:00:00+00:00,826.8629375353471,3.0,1.0,-0.00020302157918195007,0.00020302157918195007,False
43013,NOAA 20,2018-12-05 00:00:00+00:00,826.8627683507107,2.0,1.0,-0.00016918463643378345,0.00016918463643378345,False
43013,NOAA 20,2018-12-06 00:00:00+00:00,826.862575480237,2.0,1.0,-0.000192870473711082,0.000192870473711082,False
43013,NOAA 20,2018-12-07 00:00:00+00:00,826.8621880474811,3.333,1.0,-0.00038743275581509806,0.00038743275581509806,False
43013,NOAA 20,2018-12-08 00:00:00+00:00,826.8619105847533,3.333,1.0,-0.00027746272780859726,0.00027746272780859726,False
43013,NOAA 20,2018-12-09 00:00:00+00:00,826.8616686508117,3.667,1.0,-0.0002419339416519506,0.0002419339416519506,False
43013,NOAA 20,2018-12-10 00:00:00+00:00,826.86132520616,3.0,1.0,-0.0003434446516621392,0.0003434446516621392,False
43013,NOAA 20,2018-12-11 00:00:00+00:00,826.861052819052,2.667,1.0,-0.000272387107997929,0.000272387107997929,False
43013,NOAA 20,2018-12-12 00:00:00+00:00,826.8606603109656,2.0,1.0,-0.0003925080864064512,0.0003925080864064512,False
43013,NOAA 20,2018-12-13 00:00:00+00:00,826.9282570821488,1.0,1.0,0.06759677118316176,-0.06759677118316176,False
43013,NOAA 20,2018-12-14 00:00:00+00:00,826.927636160508,0.667,1.0,-0.0006209216408024076,0.0006209216408024076,False
43013,NOAA 20,2018-12-15 00:00:00+00:00,826.9272707135005,0.333,1.0,-0.00036544700742524583,0.00036544700742524583,False
43013,NOAA 20,2018-12-16 00:00:00+00:00,826.9270456929125,0.667,1.0,-0.00022502058800455416,0.00022502058800455416,False
43013,NOAA 20,2018-12-17 00:00:00+00:00,826.9267208511928,2.333,1.0,-0.0003248417197028175,0.0003248417197028175,False
43013,NOAA 20,2018-12-18 00:00:00+00:00,826.9264129283465,2.667,1.0,-0.000307922846332076,0.000307922846332076,False
43013,NOAA 20,2018-12-19 00:00:00+00:00,826.926148994502,2.0,1.0,-0.0002639338445078465,0.0002639338445078465,False
43013,NOAA 20,2018-12-20 00:00:00+00:00,826.9260136438234,3.0,1.0,-0.00013535067864722805,0.00013535067864722805,False
43013,NOAA 20,2018-12-21 00:00:00+00:00,826.9257750882666,2.0,1.0,-0.00023855555673435447,0.00023855555673435447,False
43013,NOAA 20,2018-12-22 00:00:00+00:00,826.925563602862,1.0,1.0,-0.00021148540463400423,0.00021148540463400423,False
43013,NOAA 20,2018-12-23 00:00:00+00:00,826.9252218424795,0.667,1.0,-0.00034176038252553553,0.00034176038252553553,False
43013,NOAA 20,2018-12-24 00:00:00+00:00,826.9249917464012,1.333,1.0,-0.00023009607821222744,0.00023009607821222744,False
43013,NOAA 20,2018-12-25 00:00:00+00:00,826.9247092019796,1.667,1.0,-0.00028254442167963134,0.00028254442167963134,False
43013,NOAA 20,2018-12-26 00:00:00+00:00,826.9243995874658,1.0,1.0,-0.00030961451375333127,0.00030961451375333127,False
43013,NOAA 20,2018-12-27 00:00:00+00:00,826.9241424213383,2.333,1.0,-0.0002571661275396764,0.0002571661275396764,False
43013,NOAA 20,2018-12-28 00:00:00+00:00,826.9238818714666,4.333,1.0,-0.0002605498716548027,0.0002605498716548027,False
43013,NOAA 20,2018-12-29 00:00:00+00:00,826.923543495046,3.0,1.0,-0.00033837642058642814,0.00033837642058642814,False
43013,NOAA 20,2018-12-30 00:00:00+00:00,826.9231780485588,3.0,1.0,-0.0003654464871942764,0.0003654464871942764,False
43013,NOAA 20,2018-12-31 00:00:00+00:00,826.9229310338287,3.0,1.0,-0.00024701473012100905,0.00024701473012100905,False
43013,NOAA 20,2019-01-01 00:00:00+00:00,826.9227821482491,2.667,1.0,-0.00014888557961967308,0.00014888557961967308,False
43013,NOAA 20,2019-01-02 00:00:00+00:00,826.9224539232455,0.333,1.0,-0.0003282250036136247,0.0003282250036136247,False
43013,NOAA 20,2019-01-03 00:00:00+00:00,826.9221899897675,1.0,1.0,-0.0002639334779814817,0.0002639334779814817,False
43013,NOAA 20,2019-01-04 00:00:00+00:00,826.9219260563109,3.333,1.0,-0.0002639334566083562,0.0002639334566083562,False
43013,NOAA 20,2019-01-05 00:00:00+00:00,826.9218245434495,5.0,1.0,-0.00010151286141990568,0.00010151286141990568,True
43013,NOAA 20,2019-01-06 00:00:00+00:00,826.9215284642924,3.0,1.0,-0.00029607915712404065,0.00029607915712404065,False
43013,NOAA 20,2019-01-07 00:00:00+00:00,826.9212932928676,2.333,1.0,-0.00023517142471973784,0.00023517142471973784,False
43013,NOAA 20,2019-01-08 00:00:00+00:00,826.9209989056453,2.333,1.0,-0.00029438722231134307,0.00029438722231134307,False
43013,NOAA 20,2019-01-09 00:00:00+00:00,826.9207095940928,1.667,1.0,-0.0002893115524784662,0.0002893115524784662,False
43013,NOAA 20,2019-01-10 00:00:00+00:00,826.9205251791436,1.333,1.0,-0.00018441494921717094,0.00018441494921717094,False
43013,NOAA 20,2019-01-11 00:00:00+00:00,826.9201428142378,3.333,1.0,-0.000382364905817667,0.000382364905817667,False
43013,NOAA 20,2019-01-12 00:00:00+00:00,826.9197722925414,1.0,1.0,-0.00037052169636808685,0.00037052169636808685,False
43013,NOAA 20,2019-01-13 00:00:00+00:00,826.919462678557,1.0,1.0,-0.00030961398442741483,0.00030961398442741483,False
43013,NOAA 20,2019-01-14 00:00:00+00:00,826.919222431663,2.667,1.0,-0.00024024689400903299,0.00024024689400903299,False
43013,NOAA 20,2019-01-15 00:00:00+00:00,826.9189804929101,2.667,1.0,-0.00024193875287892297,0.00024193875287892297,False
43013,NOAA 20,2019-01-16 00:00:00+00:00,826.9188569857215,2.667,1.0,-0.00012350718861853238,0.00012350718861853238,False
43013,NOAA 20,2019-01-17 00:00:00+00:00,826.9187385541773,2.667,1.0,-0.00011843154425150715,0.00011843154425150715,False
43013,NOAA 20,2019-01-18 00:00:00+00:00,826.9184035621201,2.0,1.0,-0.0003349920571054099,0.0003349920571054099,False
43013,NOAA 20,2019-01-19 00:00:00+00:00,826.9181633153148,2.667,1.0,-0.00024024680533329956,0.00024024680533329956,False
43013,NOAA 20,2019-01-20 00:00:00+00:00,826.9177640319358,1.667,1.0,-0.00039928337901073974,0.00039928337901073974,False
43013,NOAA 20,2019-01-21 00:00:00+00:00,826.9177707994504,1.667,1.0,6.76751460559899e-06,-6.76751460559899e-06,False
43013,NOAA 20,2019-01-22 00:00:00+00:00,826.9176337572871,2.0,1.0,-0.00013704216326004826,0.00013704216326004826,False
43013,NOAA 20,2019-01-23 00:00:00+00:00,826.9173207597755,4.0,1.0,-0.0003129975116280548,0.0003129975116280548,False
43013,NOAA 20,2019-01-24 00:00:00+00:00,826.91689779022,4.333,1.0,-0.00042296955552956206,0.00042296955552956206,False
43013,NOAA 20,2019-01-25 00:00:00+00:00,826.9165661821321,3.333,1.0,-0.0003316080878903449,0.0003316080878903449,False
43013,NOAA 20,2019-01-26 00:00:00+00:00,826.9165018907725,3.0,1.0,-6.429135964935995e-05,6.429135964935995e-05,False
43013,NOAA 20,2019-01-27 00:00:00+00:00,826.9162007365276,2.0,1.0,-0.0003011542448803084,0.0003011542448803084,False
43013,NOAA 20,2019-01-28 00:00:00+00:00,826.9159249604786,0.667,1.0,-0.00027577604896578123,0.00027577604896578123,False
43013,NOAA 20,2019-01-29 00:00:00+00:00,826.9155984281347,1.667,1.0,-0.0003265323439336498,0.0003265323439336498,False
43205,TBA - TO BE ASSIGNED,2018-02-06 00:00:00+00:00,3566.89213965191,2.333,,,,False
43205,TESLA ROADSTER/FALCON 9H,2018-02-07 00:00:00+00:00,3559.6925231397827,1.667,1.0,-7.19961651212725,7.19961651212725,False
